id_auta,przebieg,marka,id_model,nr_vin,nr_rejestracyjny,data_rejestracji_auta,cena,uwagi
1,254504,BMW,397,HYAQWS07VOD670183,NBK 41403,16/06/2011,940,uwagi
2,831768,Toyota,703,BCOTEJ57NHO644994,JJQ 73073,05/01/2013,704,uwagi
3,850187,Volkswagen,545,JMTSCM23BWU487921,PAN 67826,07/05/2012,919,uwagi
4,100956,BMW,255,JUIWBS99NKT239399,XOR 78368,24/09/2011,508,uwagi
5,355375,Volkswagen,160,FIFYGC46WSA809795,MSJ 83226,13/09/2013,858,uwagi
6,394805,BMW,177,JWLMID30DED091638,ZFD 24708,19/09/2012,805,uwagi
7,712031,Ferrari,537,IVVLEW53ZRG126928,AMJ 75252,14/03/2011,919,uwagi
8,529498,BMW,681,JNVGCD27KIB023927,GBI 46631,09/09/2014,649,uwagi
9,238871,Audi,813,OTXSZS13TEO008838,EVN 82643,23/08/2014,773,uwagi
10,537744,Volkswagen,775,KTTCWB80PXD374293,UTO 41927,18/08/2010,657,uwagi
11,659456,Volkswagen,499,HQJIML93OHE051338,XUB 80747,28/11/2011,605,uwagi
12,556727,Ferrari,710,ISETQP39TJL877765,VLP 69314,07/03/2012,824,uwagi
13,335526,Ferrari,394,MWABEX85JSG148733,JYG 61754,09/07/2010,381,uwagi
14,316266,BMW,251,NDLLYZ86GZD174403,RUN 32975,16/04/2012,143,uwagi
15,347583,Audi,524,PMMPHD82HYZ730108,PKC 51664,14/08/2010,598,uwagi
16,222206,BMW,702,VYZZTG26FYB200064,EFP 78039,13/04/2011,869,uwagi
17,158477,Audi,346,XZCDFU31WQF968481,ARY 00980,12/12/2014,197,uwagi
18,170518,Audi,87,YAHTKM60SNS595692,QZG 58369,07/11/2011,815,uwagi
19,622263,Toyota,575,LIZXXZ64SEJ282552,TBD 07083,02/01/2011,204,uwagi
20,477582,Audi,353,LQGLFS14BKH397668,TSO 75990,19/03/2015,822,uwagi
21,234937,Volkswagen,485,RDSKGD46KVP242019,QZN 58530,22/01/2011,649,uwagi
22,578426,Toyota,448,DDSGPJ64YWW190150,QBX 13979,14/12/2010,886,uwagi
23,760373,Toyota,667,MQGVHR71NZC506577,MYD 47125,31/08/2011,489,uwagi
24,552010,Toyota,602,AMXRGB12ETI830579,RFS 84220,06/11/2011,412,uwagi
25,438143,BMW,555,NUVOZB77JOB418470,DPN 38572,28/07/2014,630,uwagi
26,776902,Fiat,747,RHTTAM15NOR394410,ZNW 52110,01/07/2014,489,uwagi
27,368104,Audi,326,NSIAVX53PYI034139,ZWF 00253,18/02/2013,407,uwagi
28,757698,Toyota,538,BRJZFS51BQN478467,QUT 92121,20/07/2013,567,uwagi
29,431003,BMW,767,VHZOWD64RDF559226,BDZ 14168,24/02/2015,136,uwagi
30,842535,Ferrari,526,RXKVNW46BAF924635,QNZ 71871,07/05/2013,744,uwagi
31,338601,Toyota,559,GWCDJT23YER389944,YFR 70743,08/02/2011,236,uwagi
32,776420,BMW,783,PKDIQN38ESQ161653,III 17626,11/07/2012,639,uwagi
33,358220,Volkswagen,35,LBRYJL10CHS292526,XLJ 57910,20/04/2015,569,uwagi
34,298585,Ferrari,12,JFJVJK96DDO468052,KCA 32094,13/12/2014,740,uwagi
35,687267,Audi,241,VOPGMF36UUH678919,YOF 04772,07/09/2012,250,uwagi
36,195285,BMW,447,BSYHCN08VSR668664,WQX 53174,12/09/2012,404,uwagi
37,398718,Fiat,570,SDRGEO09GTO131528,MVD 55599,25/11/2010,936,uwagi
38,673359,Volkswagen,681,AQWPSU84JYW541399,NON 14401,21/08/2014,306,uwagi
39,690193,Audi,796,HFNBAZ49VZM934889,JYL 89607,21/12/2010,430,uwagi
40,610376,BMW,446,EDMDOL95YXW376316,UZP 40276,24/03/2012,236,uwagi
41,566034,Fiat,807,WCJHBX29TPT498078,RFY 99615,01/09/2011,580,uwagi
42,827148,BMW,959,KBAIHZ09SNX556428,KFW 93452,04/04/2013,690,uwagi
43,451023,Ferrari,260,BKOAMM70JIP078810,TEJ 17681,07/06/2014,726,uwagi
44,516066,Fiat,51,EVOROO08EBR098070,MXS 07872,08/06/2011,291,uwagi
45,508106,Fiat,152,MQSARP17GFS034073,UWB 66281,09/06/2011,236,uwagi
46,653315,Toyota,320,HOZWTT19MEH920209,HSN 55672,08/01/2015,182,uwagi
47,739842,BMW,884,GWQAZQ41XKK964991,LNS 02010,22/10/2010,963,uwagi
48,794131,Toyota,702,XNRNZU43FLA639774,NWS 50749,14/06/2012,206,uwagi
49,657130,BMW,708,DUSYFB16CUZ057406,EOS 90607,14/03/2015,469,uwagi
50,433365,Audi,482,IZSKDJ48JNL194710,MCB 11755,28/02/2011,733,uwagi
51,418381,Fiat,411,LBNUNL10WGA301442,MPK 20994,15/02/2013,276,uwagi
52,349693,Ferrari,997,WDNHGO15OOO790046,LTS 47160,03/10/2012,202,uwagi
53,520232,Ferrari,999,NPGBUU63IKH347995,RIG 89394,14/12/2013,379,uwagi
54,431601,Audi,336,PXDKOL79TBK503066,IOP 65099,03/06/2011,450,uwagi
55,290878,Ferrari,975,DSNPKM34XWN292827,MWH 57290,18/09/2010,916,uwagi
56,618806,Ferrari,661,PPBBYO98CFT319058,KDQ 60657,28/10/2014,771,uwagi
57,458338,Audi,87,KMAZLW06QJT643484,CMO 70254,04/11/2010,928,uwagi
58,352407,Audi,194,CQQYRI50CFN463978,MNY 70463,06/04/2014,435,uwagi
59,805206,Audi,164,XLWFAX32LTX866711,QVF 04543,08/10/2012,660,uwagi
60,778427,BMW,819,XAWVIC20ZCS688846,AND 59427,11/11/2010,439,uwagi
61,174478,Ferrari,881,VDEXKG85YNI737433,PZG 01042,31/07/2013,262,uwagi
62,821281,BMW,380,FWULTH42QFP469729,YJC 98317,03/10/2013,564,uwagi
63,345807,Fiat,139,DFWLQD08TMM617611,SCZ 02755,21/11/2012,749,uwagi
64,212656,Ferrari,114,WRTATO72BLJ805976,ZWW 74445,18/12/2013,375,uwagi
65,517493,Volkswagen,425,IEEXXJ93TVK281870,TNM 29054,01/08/2011,624,uwagi
66,746953,Toyota,145,VLBELL92VEB008083,OAI 65723,30/03/2015,121,uwagi
67,445756,BMW,416,NRWYPC87EVW096346,SDG 53558,15/10/2012,931,uwagi
68,271894,Audi,370,BWZERT35QJL279940,FZM 85277,02/05/2011,169,uwagi
69,214909,Toyota,953,UMQNVE11PLX543663,BMW 32643,25/06/2012,138,uwagi
70,668832,Audi,534,BEIFIN87KIE798103,AJO 67965,31/05/2013,443,uwagi
71,505327,BMW,292,LAPYVJ31NDD321625,FXH 15850,11/05/2012,413,uwagi
72,358725,Audi,178,CUALDF92IIO408927,HKH 09342,08/12/2011,568,uwagi
73,790159,Audi,512,PNQVMY18MQV360094,HZK 64612,26/08/2011,181,uwagi
74,220032,BMW,762,ECGCGC59YWN094424,XVW 59161,26/03/2014,240,uwagi
75,372593,Toyota,734,KYZMNX34LKI885273,DII 20443,29/08/2011,832,uwagi
76,204670,Ferrari,931,SULPFW05EXM612035,JQP 80962,17/08/2013,920,uwagi
77,544384,Volkswagen,678,PYWLYM68YIA133770,JNC 31326,25/10/2013,557,uwagi
78,766030,Ferrari,83,CRAPIW56XSZ246282,JEI 63012,16/11/2013,616,uwagi
79,756275,Audi,727,MNBJAR27ROG380512,XWP 90848,25/03/2015,247,uwagi
80,332193,BMW,721,RLTJSM02SJC892081,RTF 42065,11/04/2015,102,uwagi
81,283463,BMW,749,ESLRSS40VFA028295,LJU 50252,12/01/2015,114,uwagi
82,256220,Volkswagen,228,TIYMTA29BJF961405,HQO 51763,26/09/2014,396,uwagi
83,149771,Ferrari,27,BWTCDS15YBD052688,ELB 90421,12/11/2013,377,uwagi
84,814228,Fiat,136,PPHITU28YJJ192016,CBT 53882,05/02/2013,717,uwagi
85,303217,Toyota,362,XMDSTY60IWB591202,ZOP 83856,14/01/2013,389,uwagi
86,149447,Audi,685,WPLUGN11PRB790086,QSZ 42673,25/04/2015,987,uwagi
87,702664,Toyota,221,QJMEMQ71SOB769426,LTX 05202,15/07/2012,762,uwagi
88,698358,BMW,682,QTEGMH90ISQ219956,VQE 06474,20/06/2010,424,uwagi
89,670030,Volkswagen,22,OJNWHO20FME137723,XGB 30477,02/09/2012,284,uwagi
90,271307,Toyota,672,OBYCGZ37DKD913306,JLQ 81303,16/10/2014,474,uwagi
91,625528,Volkswagen,893,IDDHLW48AJB361905,QWS 08145,22/12/2013,829,uwagi
92,815617,Volkswagen,71,LVNIGK36LSG562131,WIA 97576,13/07/2010,945,uwagi
93,871730,Fiat,296,EYOPHE09LPR679862,VOB 33633,19/03/2011,327,uwagi
94,524599,Ferrari,138,QQLVRK22CYA076351,KYN 02837,24/12/2010,680,uwagi
95,291332,Toyota,929,NFPYLW03WCD447686,EZX 03765,15/01/2011,718,uwagi
96,420591,Ferrari,994,KHLGIV14YOX627337,GKC 90664,02/11/2011,600,uwagi
97,459124,BMW,61,RZJNCV46SDW542276,KRS 03167,20/08/2013,500,uwagi
98,897118,Toyota,730,AWVVIM54JBY636373,AVR 24464,04/07/2012,130,uwagi
99,386067,Fiat,613,TMYGBL60JHL051360,BVM 55958,12/05/2011,259,uwagi
100,276467,BMW,388,EDLPUN90ZAR142141,RZQ 65587,28/08/2011,195,uwagi
101,836571,Toyota,959,MCTZCV91MCN729899,NOM 03212,18/02/2012,923,uwagi
102,468885,Ferrari,52,UKDQJG14TWT776622,EIP 44839,16/09/2013,970,uwagi
103,335196,Toyota,144,CLNINA04TUE444668,HBH 13216,07/10/2014,206,uwagi
104,204127,Volkswagen,368,BLXBOI83NGU994824,CJW 34546,26/06/2010,969,uwagi
105,499483,Fiat,99,VRQDMZ67UQR248652,OVT 12307,11/02/2013,912,uwagi
106,587585,Audi,852,DUIDLC80TCM689938,QNC 95892,18/10/2014,373,uwagi
107,677481,Volkswagen,147,PCORZQ40CCX092967,AQJ 95522,03/11/2010,994,uwagi
108,123014,Fiat,91,INCYYE00CDZ306102,NZV 11012,25/02/2012,725,uwagi
109,381262,Toyota,689,JTQOVQ69QAZ210560,IUF 48402,26/02/2015,651,uwagi
110,549531,Audi,132,TWYJMX95WGR973901,DMZ 55211,29/06/2012,700,uwagi
111,146083,Fiat,199,PWSMWF30WHV129234,HWA 50110,21/11/2010,730,uwagi
112,880071,Fiat,363,ILFNUH30DOG086514,ORN 78548,26/06/2011,105,uwagi
113,714983,Fiat,149,XMYFVZ33GLG893340,WFW 46643,14/09/2010,113,uwagi
114,155476,BMW,487,EUIEDS45YIM369351,FYT 93194,12/01/2012,316,uwagi
115,597262,Audi,991,HVCAHR96DHH167287,ATD 16643,02/12/2013,192,uwagi
116,813764,Volkswagen,404,QKSHJH46ONH371188,HZO 93802,26/12/2011,461,uwagi
117,162361,BMW,835,YVEGGV87DEO233163,SNS 55095,26/08/2013,857,uwagi
118,817708,Audi,243,BGMXBG02UGO131506,GRE 26705,12/06/2014,833,uwagi
119,236102,BMW,432,SQMZRT79HYI444171,IYU 00392,16/05/2011,427,uwagi
120,575772,Toyota,998,IHRBCP30YUM391521,HJE 62308,17/05/2010,815,uwagi
121,611956,BMW,272,WZJMIJ41WVB033266,KIX 73759,28/09/2014,966,uwagi
122,265436,Ferrari,127,ONLYYO87QWC907640,NHJ 28320,11/03/2011,382,uwagi
123,428190,Toyota,934,UBWJXQ97SYW453406,WJM 26550,07/09/2012,763,uwagi
124,148993,Audi,239,HFDXFX61TBS058631,DPV 61841,24/09/2013,401,uwagi
125,491688,Volkswagen,563,SXUPNY35RKC414620,MYD 33268,03/08/2014,669,uwagi
126,431368,Fiat,350,NMWMVL12NQJ926075,ECY 47701,15/03/2014,978,uwagi
127,336700,Ferrari,698,VTNHXU85DVU785306,GLK 05508,20/05/2011,262,uwagi
128,697172,Audi,772,HGRBBE28ZZS537151,OPT 16533,21/12/2012,664,uwagi
129,467848,Volkswagen,684,VSTAXQ98JNF067223,AKZ 67321,06/12/2014,760,uwagi
130,577590,BMW,950,BSWSST02YEY742046,BBJ 43518,10/01/2013,256,uwagi
131,135644,Toyota,479,YGFSIL64KJY644254,PYU 11731,03/07/2013,860,uwagi
132,743778,Fiat,597,PPXAGK46JBC726285,CAR 73861,10/10/2010,780,uwagi
133,554063,BMW,58,AUILFY72APN684294,XTU 73959,05/02/2012,518,uwagi
134,620154,Fiat,157,TAJSVP74DKH562959,UGI 77224,18/02/2014,683,uwagi
135,722209,Volkswagen,403,IOFYHQ06XPH158030,KDV 63231,29/09/2013,156,uwagi
136,427839,Audi,842,DGDTIV69DUN989020,WYJ 12416,10/01/2013,977,uwagi
137,268625,Fiat,816,YTDUKB92PWC583573,YXP 40232,30/09/2010,314,uwagi
138,308417,Audi,975,UTJWRP45RZL051340,ZXD 23455,21/09/2013,334,uwagi
139,542347,Fiat,272,EOYTBM40XMP080189,HDI 76892,18/04/2015,738,uwagi
140,800179,Audi,152,YKFKVG32VJD950981,FNU 14083,24/12/2010,778,uwagi
141,361817,BMW,410,HDGNLN38RGI611836,QNC 63446,08/01/2015,438,uwagi
142,232186,Toyota,993,HGKVOG58OFZ603368,LIE 87829,15/03/2013,542,uwagi
143,676317,Fiat,678,ERGKFB94ARM301244,LJF 26173,23/11/2010,896,uwagi
144,348997,Volkswagen,847,SGBUGM89YFY043587,TDI 89672,16/06/2010,515,uwagi
145,429469,Volkswagen,502,HKTTFQ63OTV937608,AZT 67911,22/10/2014,404,uwagi
146,164471,Fiat,106,QPIHGS80OUI244143,WFD 83214,09/08/2013,675,uwagi
147,675841,Ferrari,130,OKKGGK80TBN110502,RWO 90057,25/04/2011,237,uwagi
148,186670,Fiat,677,VFYFAA90NEG572741,JJE 39950,26/05/2014,273,uwagi
149,843804,Volkswagen,102,YQDYQF47MBN789912,COG 91310,23/01/2015,657,uwagi
150,738752,BMW,855,DMMJYG89TQV650965,GQS 58716,06/10/2010,692,uwagi
151,712935,Fiat,785,EFTKBS16OWF588105,WQI 67925,19/03/2012,821,uwagi
152,850014,Fiat,965,JCACGR61XFY730226,PVL 50930,15/07/2010,830,uwagi
153,783611,Fiat,604,TXWLNZ37YCC933691,BNG 08287,15/07/2010,145,uwagi
154,306088,Audi,965,SANRJG64IPV618823,BGF 30933,10/07/2014,310,uwagi
155,244512,Toyota,761,VNDCDP47KCX291593,VHL 76708,17/12/2012,230,uwagi
156,191749,Toyota,449,MKPBVH49FSW338711,FXV 99610,02/04/2013,362,uwagi
157,578147,BMW,356,ZFFHSD44ZWT868987,UTR 48774,26/07/2011,721,uwagi
158,432920,Ferrari,784,YKMCXY07RXJ581369,ZDU 78242,01/11/2011,696,uwagi
159,508979,Audi,17,DMXBOR74AHI159151,XHZ 16281,07/07/2012,207,uwagi
160,295696,Fiat,96,TYRKRD49MQN470563,OVB 86298,20/08/2012,164,uwagi
161,664042,Fiat,527,GBFJND81QIX785143,EHZ 42849,21/04/2012,418,uwagi
162,417770,Ferrari,117,GPQKLU07RUQ181503,NMQ 39573,26/01/2012,210,uwagi
163,632377,Volkswagen,449,EVWYWQ56HUO336780,KFB 09415,02/04/2014,850,uwagi
164,353006,Fiat,593,ULMKBD68RBE289321,LGC 83667,24/11/2013,204,uwagi
165,136831,Audi,29,NECRWX39CRT009242,JIR 09310,11/09/2013,863,uwagi
166,228398,BMW,115,SDZQMW71PUE606849,NMY 96977,10/09/2014,632,uwagi
167,630652,Audi,234,UPSRIW21AXF676521,NET 59506,16/01/2014,337,uwagi
168,361619,Volkswagen,874,RPFNWI57NEN178229,AUY 58582,17/10/2011,319,uwagi
169,840636,Toyota,428,OJHWWB30POU380388,HKS 82901,10/01/2012,468,uwagi
170,311744,BMW,473,SFJUPK31ETZ218042,VGN 73615,29/06/2010,703,uwagi
171,829202,BMW,422,NQAXZE07EIW042225,UZW 41410,14/10/2014,261,uwagi
172,276149,Audi,667,SVRWXK02GAR539109,ZOA 46068,10/04/2011,397,uwagi
173,899752,Toyota,705,GPQQPW96OMY450355,KBG 46186,10/03/2013,148,uwagi
174,757646,Toyota,119,XOSTMJ39HUO311851,DBW 28536,26/04/2013,202,uwagi
175,868250,BMW,429,BBXKJW71LAI598709,QHU 16425,10/08/2013,733,uwagi
176,637316,Ferrari,997,UNJRFM02VRE742605,LFD 95761,02/12/2011,227,uwagi
177,642950,BMW,287,MLMZOT72XMQ017659,TNL 41658,18/07/2012,785,uwagi
178,570122,Volkswagen,825,KJJDDO06FDT973848,HXA 94860,22/02/2015,534,uwagi
179,568367,Volkswagen,312,QXLFYB40VJU122051,CLP 91647,08/08/2013,205,uwagi
180,746822,Volkswagen,507,LFLNQM39HOF557661,HQI 90008,15/08/2012,796,uwagi
181,460718,Toyota,680,KTIXDI16NRH239465,VOP 86460,04/09/2012,917,uwagi
182,457213,Ferrari,448,ODPWHG49ORI419095,RWE 15209,28/11/2013,817,uwagi
183,822569,BMW,286,SLPYWO45XZS807375,NWC 79058,24/01/2013,787,uwagi
184,568192,BMW,626,VNMKAB30UDB457006,EUO 23309,26/11/2014,393,uwagi
185,824047,Audi,3,FVAHCA02COT867475,ABY 30879,18/02/2015,963,uwagi
186,339132,Fiat,519,MEQNGX58RLK491092,ZJH 80273,26/05/2010,751,uwagi
187,476882,Toyota,561,GDVDTP71AGC220424,TCM 08873,25/10/2010,973,uwagi
188,824871,Audi,713,CYLSTP70SYH735116,RCN 58857,18/03/2013,642,uwagi
189,167583,BMW,862,MSPBLP73XNT468139,QWU 53514,25/07/2010,876,uwagi
190,898666,Ferrari,681,WKCLFM37FVK097056,VBA 31421,24/10/2014,881,uwagi
191,205389,Toyota,900,YKCLUV66GSN071651,RZJ 12503,29/07/2010,739,uwagi
192,206192,Audi,492,VYGQPW82KXA556625,BJU 54125,08/01/2014,966,uwagi
193,784688,BMW,306,JEXGBE69FEM887490,FMM 37026,08/12/2011,682,uwagi
194,883632,Toyota,646,FKSKBQ62DLB889904,KJG 46806,26/03/2013,918,uwagi
195,778878,Toyota,379,MVLDLQ28SDT607141,KXV 29418,26/11/2012,666,uwagi
196,435954,Volkswagen,684,QADHHA94TRL589718,OMV 06660,19/07/2013,540,uwagi
197,157773,BMW,999,TPHUPS52EBB072937,TIK 39580,04/10/2012,519,uwagi
198,565559,BMW,522,IQDBEJ22LIA723496,WJR 32788,01/05/2015,795,uwagi
199,866875,Ferrari,452,KFQTKW27WXZ139823,MQO 25494,11/05/2012,236,uwagi
200,745173,Fiat,153,JOOFUH07HFB203559,CTM 47965,07/04/2015,295,uwagi
201,152061,Ferrari,447,GMFOOY87AAV353361,UDX 77498,07/04/2014,982,uwagi
202,801432,BMW,665,KLFIHZ33URW195276,ELL 63252,06/08/2014,119,uwagi
203,301357,Volkswagen,603,HXWGGE09BEW546260,RGL 98600,25/05/2014,194,uwagi
204,258663,Volkswagen,707,STYXUW99TNL370343,VLD 44266,03/07/2013,517,uwagi
205,737071,Audi,37,CXVYWV63GAE346620,USM 93141,23/05/2013,596,uwagi
206,711633,Fiat,704,HSOCKZ34DRV730707,HCC 45293,28/06/2011,653,uwagi
207,614491,Audi,141,JKOIUZ44UGU808639,SSM 96853,12/01/2011,906,uwagi
208,587277,Ferrari,354,KKDKXP11JBD264141,QJW 49135,29/10/2013,924,uwagi
209,128609,Ferrari,512,YPKNVN88RCO129383,EIG 36727,30/04/2014,312,uwagi
210,157983,BMW,896,SNSGJO94DBR145458,SYO 42273,21/04/2011,162,uwagi
211,702705,Volkswagen,241,FJPTHB83TZU243113,TPO 03800,24/11/2014,518,uwagi
212,466174,Ferrari,928,QXFSVP48JTG793069,PQH 47391,19/12/2012,241,uwagi
213,811188,Audi,966,XOUMZP87WOQ262229,NRR 86804,25/06/2010,639,uwagi
214,290895,BMW,641,HQQWMJ70AZR318275,YPD 76638,19/07/2011,251,uwagi
215,622347,Fiat,475,GVZPOA65RYS514010,GXR 82509,11/05/2011,590,uwagi
216,669032,Ferrari,493,EABFQO95HMT758787,MRA 07954,18/03/2015,719,uwagi
217,697911,BMW,163,QIUFFJ56CGG900757,TOL 61838,16/12/2010,958,uwagi
218,317972,Audi,679,ZJXJWO41VLE816582,AOI 89281,03/07/2014,346,uwagi
219,380316,Ferrari,898,DVUSHX57BJW797992,GUF 56379,14/01/2013,947,uwagi
220,298511,Audi,543,EAVBNN18KVV177305,PND 93195,11/01/2015,632,uwagi
221,169712,Audi,399,QEXEIU51PRY309864,BQU 15376,28/11/2013,662,uwagi
222,673222,Toyota,35,IGJDVN75LCP392808,REL 09066,26/08/2011,177,uwagi
223,169805,Audi,434,WZGKSU88JFU618570,ZUZ 04615,04/01/2014,205,uwagi
224,596733,BMW,442,KYEFTZ59UFC678676,PTD 28634,03/10/2012,429,uwagi
225,895562,Fiat,458,OCFNRF28HXQ153810,ZKY 67497,03/05/2013,419,uwagi
226,497290,Toyota,513,YUEDCC49SQO047140,CBV 50585,11/03/2015,818,uwagi
227,593329,Toyota,683,RPTTAT46HOD975086,XJR 42228,04/02/2015,253,uwagi
228,702885,BMW,779,FBVYNL20OGU136729,KSG 69076,01/03/2015,866,uwagi
229,440710,Toyota,779,MLHYSJ59EQH835872,BKE 11806,06/11/2013,785,uwagi
230,330314,Toyota,214,KVXUJW99EUJ761965,DVS 98371,14/09/2010,697,uwagi
231,246552,Ferrari,927,AZHWZG07QTK760388,BUS 35807,02/02/2014,720,uwagi
232,751479,Volkswagen,997,ARZHST94DSD109007,TLI 54023,29/05/2012,899,uwagi
233,119509,BMW,486,HZEAXQ16UIR737412,URS 89079,04/08/2010,414,uwagi
234,394753,BMW,27,LZYBDO84GOV009286,YQO 93437,16/10/2012,330,uwagi
235,887734,Fiat,909,TAAIWM54IPL282979,MSH 90020,26/04/2013,861,uwagi
236,681387,Ferrari,674,XTNJIY79KZT694632,XJG 95282,19/11/2011,295,uwagi
237,487753,Toyota,673,EJADBY50RFY183376,PTG 85500,24/07/2013,560,uwagi
238,233397,BMW,509,QLOPZQ21PLA977545,VHB 33195,13/08/2012,149,uwagi
239,138206,Volkswagen,798,TXTJDY95ZWJ747230,JRK 45956,22/12/2011,628,uwagi
240,257747,Volkswagen,400,OXONWD57MHE254391,SKT 69421,11/06/2013,465,uwagi
241,883001,BMW,380,OHFSUY10DMQ675749,ODW 93933,25/12/2012,648,uwagi
242,544206,Volkswagen,619,KXKJCM45DCI788649,OJH 57612,18/09/2012,498,uwagi
243,721295,Ferrari,868,QKYDXN29WZW662626,ZTI 68506,20/12/2014,246,uwagi
244,640845,Fiat,143,MCBZJA83XOZ121719,CUV 68484,07/07/2012,210,uwagi
245,257783,BMW,286,KCQLYZ34ZMR128036,WAL 38940,24/10/2013,252,uwagi
246,192846,Audi,292,EKFDSR12JGM238828,HOS 20731,20/07/2010,994,uwagi
247,846832,Fiat,271,XVZOYF92RDN597323,BMJ 88588,24/01/2015,953,uwagi
248,361686,Volkswagen,842,YCUEAZ81NJD273678,ZPT 54547,01/10/2013,329,uwagi
249,194040,Audi,737,KITJFY95BFH470376,BIC 68889,12/09/2011,628,uwagi
250,180748,BMW,624,BYVZWJ00QNW786389,MNU 23784,14/12/2011,350,uwagi
251,155232,Fiat,594,FQMPSN22KZA039084,UCV 49370,25/02/2012,192,uwagi
252,381293,Volkswagen,654,TIJHOO65PSW576957,UZU 07821,24/12/2012,606,uwagi
253,662444,Volkswagen,743,DXISPV23SUB475255,AQH 88445,05/01/2012,581,uwagi
254,326866,Toyota,819,ADKVLT52UZZ315811,EBY 54417,07/06/2014,478,uwagi
255,443079,BMW,997,XYKQNR44QTR168278,FJI 64019,12/09/2012,768,uwagi
256,276423,Audi,289,FSUWDH48YQM792616,AVD 19081,17/02/2012,840,uwagi
257,147441,Toyota,888,ORAWEX88JPS628226,JKP 32723,11/03/2012,309,uwagi
258,757777,Toyota,302,JLMGGH68AGD844588,DGC 84312,18/10/2011,869,uwagi
259,200783,Audi,142,RVKZMG97KVF830653,TKU 15096,03/01/2014,975,uwagi
260,259536,Toyota,624,XWCEVV56AKB005389,EYN 29111,16/04/2011,599,uwagi
261,406107,Toyota,110,QDYMRP40RPD299219,TJW 95049,06/10/2010,955,uwagi
262,540039,Volkswagen,644,GPIWCK56OTR598471,IQT 31626,31/12/2013,900,uwagi
263,733978,Toyota,556,EIRPVJ15ARO812049,TUA 40738,09/09/2010,928,uwagi
264,534074,Fiat,306,ANDKRS43GGM529407,LMU 18603,13/01/2015,546,uwagi
265,783163,Fiat,313,VHZNSI79VHG772417,GIQ 94042,06/07/2012,450,uwagi
266,344369,Audi,508,JKFSEE54LGE773596,DXB 13356,19/01/2015,464,uwagi
267,595291,Toyota,914,PVCUIO25TYH042751,VTN 13159,20/07/2012,129,uwagi
268,367742,Fiat,300,LTQAZF79NVJ759937,LOA 61964,24/05/2013,417,uwagi
269,148519,Ferrari,824,VDUBXS57BII027772,TJJ 60700,11/06/2012,729,uwagi
270,661350,Volkswagen,971,TUWLJQ56YNZ626990,HQB 06173,09/06/2011,302,uwagi
271,633530,BMW,208,AJORWG54FGR916943,ZNZ 02339,30/09/2012,587,uwagi
272,491938,Fiat,763,DKQKZB62TNK448743,SPQ 08563,16/02/2012,913,uwagi
273,350319,Audi,451,FZLGPR91CKP910386,YYO 45938,07/01/2014,767,uwagi
274,776859,BMW,391,UTZMTC51SOH781471,AGQ 96564,14/04/2015,477,uwagi
275,893825,BMW,228,HBZJRD02LWB638730,JHS 89229,11/06/2013,232,uwagi
276,158604,Fiat,730,QDKUFP20QVJ456589,GTX 40861,27/05/2014,390,uwagi
277,173524,Fiat,960,XKEMPF14PPY218235,DWQ 05735,09/09/2010,594,uwagi
278,355929,Toyota,358,OMZTPJ31IPI186795,JYB 12665,09/05/2011,177,uwagi
279,688044,Ferrari,171,WUUGDZ57HSO945574,PXT 25333,16/01/2013,917,uwagi
280,758751,BMW,638,YYUXNN22CEQ674132,WPW 29117,31/12/2011,265,uwagi
281,848635,Toyota,572,AGCOLH66XHI336622,MLE 65985,30/05/2011,562,uwagi
282,258973,Volkswagen,753,UIEBZU92DHQ798033,EAX 08450,03/09/2011,597,uwagi
283,379847,BMW,436,NCKICR43IGH226547,LMO 80644,17/10/2010,296,uwagi
284,644672,Ferrari,840,KKYBWI30PPI217952,OLI 18745,04/01/2012,421,uwagi
285,868985,BMW,435,BVHJGJ98SHY425689,BAW 84413,14/07/2012,730,uwagi
286,540875,Fiat,162,DGKNGF25ERU636646,OGA 94469,08/01/2013,848,uwagi
287,486370,Fiat,616,WIWCOK22EYP760412,LDS 87762,31/10/2012,124,uwagi
288,392932,Ferrari,516,DLBNSH66XMH984135,XEJ 58662,11/04/2015,344,uwagi
289,203634,Fiat,964,ADRHVI13PCF025517,YTP 53884,04/08/2014,309,uwagi
290,408648,Ferrari,169,QLAYQI57NOZ011718,ISF 15739,23/09/2013,744,uwagi
291,541980,Ferrari,177,EGVMUN03NBN686413,SIX 46812,25/10/2011,875,uwagi
292,754238,Ferrari,383,YQEMQN97BQN616089,YGR 83962,09/08/2010,896,uwagi
293,643591,Toyota,500,XMDKMW40JDF010002,RWR 65842,14/02/2015,273,uwagi
294,511866,Volkswagen,968,SFLORN97TZY799068,SHK 57672,14/04/2012,734,uwagi
295,640027,Fiat,668,EOISNC44AGM031904,IPF 93460,24/08/2012,336,uwagi
296,841828,Ferrari,490,MXZPKM66YRY159585,TWX 25944,23/07/2013,504,uwagi
297,490917,Ferrari,605,VSZIJQ20OJQ595063,ZWW 93338,07/07/2010,693,uwagi
298,881859,Ferrari,818,CRETYG33WVF488787,RTB 91860,31/10/2012,457,uwagi
299,202827,Fiat,122,EJBKRJ24ORI441119,FCA 07148,14/08/2010,350,uwagi
300,105060,Audi,989,MWQWDD48MWH604525,PIG 78198,07/06/2011,480,uwagi
301,301077,Audi,558,CFSFQN64VIM286749,AFU 11654,04/01/2013,148,uwagi
302,422189,Volkswagen,960,KTPYLB77NZQ271273,AXN 64968,04/10/2013,195,uwagi
303,227692,Toyota,478,DCXEWR78HXQ414713,ITT 34645,01/10/2012,282,uwagi
304,265370,Fiat,513,SCJJUG67WDV299627,JOE 99711,25/08/2011,174,uwagi
305,848864,BMW,925,LYSSPL57GWQ248984,DVK 99599,21/03/2013,212,uwagi
306,791983,Fiat,385,KJZVXS17JIG231649,CJX 63872,14/06/2012,647,uwagi
307,881171,Volkswagen,981,AOXTQR19YJI007911,XUM 75635,15/01/2011,396,uwagi
308,625258,Audi,906,BDOTGO76WUS678766,FLF 87724,16/06/2011,968,uwagi
309,565582,Ferrari,133,HYKVRA64SIF508223,LDD 23519,05/01/2011,434,uwagi
310,350954,Ferrari,473,LEDMWP21VUF794046,ERZ 78911,30/03/2015,883,uwagi
311,249607,Ferrari,716,HWOXCT78ZLW443069,CKU 04996,10/01/2014,666,uwagi
312,772181,Volkswagen,97,NYEGRB20XSP272186,AYC 98756,30/11/2012,106,uwagi
313,388951,Audi,369,FSAGYD16SKL953552,ROC 41745,14/12/2011,731,uwagi
314,426247,BMW,567,IDNLID17OCH868134,FUP 02076,02/12/2014,114,uwagi
315,438345,BMW,474,OBUSFN23UDY622140,SNG 82986,23/02/2014,476,uwagi
316,215519,Toyota,846,GUBTBJ51IGL539514,WXR 77319,23/12/2010,364,uwagi
317,640257,Fiat,517,PSOYGT24FVV149628,IAQ 62598,27/06/2012,274,uwagi
318,630337,Ferrari,334,SGOMNB63XVS849670,IKG 83109,30/05/2010,788,uwagi
319,688225,Volkswagen,279,NCUOTC46VHB898822,CDP 21598,01/02/2012,282,uwagi
320,820444,Audi,613,ZHJBSZ90BSZ852163,SXN 28447,08/04/2013,383,uwagi
321,620063,Audi,618,HNJGLJ31JET634002,OIE 97924,27/04/2013,332,uwagi
322,738437,BMW,792,TSFDAJ42DDO515878,ZSR 90128,25/07/2014,914,uwagi
323,400241,Toyota,571,CEPMRV57JCY996894,MWL 50254,27/10/2011,410,uwagi
324,751749,Toyota,75,LUTHJO64NPK143691,BNG 30668,02/11/2012,967,uwagi
325,810129,Ferrari,990,NOJBFW58HTG631846,BUQ 74473,21/04/2014,248,uwagi
326,508849,BMW,322,XNNTCI08OQG746344,ZFX 49264,19/06/2010,777,uwagi
327,547425,BMW,554,BXQKXN95TSZ404906,UMQ 01076,05/07/2010,349,uwagi
328,134969,BMW,99,XHAKGO19OPA040725,JIQ 40361,08/11/2010,998,uwagi
329,506326,Volkswagen,668,LNYARX52XQU930474,DDM 48643,29/07/2010,972,uwagi
330,632794,Fiat,336,IXAFMI11CBL151562,CCC 75461,24/07/2014,241,uwagi
331,175125,Toyota,843,JBIRFL72WZV054365,LJC 80301,12/09/2012,361,uwagi
332,566337,Volkswagen,515,GQSSKZ53UQY295839,ZHZ 23159,16/02/2015,320,uwagi
333,247489,Ferrari,789,ODFOSO33NQH046049,ATH 13235,21/04/2014,599,uwagi
334,563305,Volkswagen,191,QOXFWH75OUZ274282,OYN 73039,10/12/2014,712,uwagi
335,680146,Audi,256,BZDIRQ94QEH140390,VSJ 80257,26/11/2010,293,uwagi
336,637762,Audi,408,WTCNRO18VGG952949,HHY 58675,30/07/2014,245,uwagi
337,193184,Fiat,286,LGYAKT86ATF265198,CNS 72293,08/08/2013,224,uwagi
338,761622,Audi,811,DXFXTV95ADF621437,FDZ 40359,07/06/2011,367,uwagi
339,118207,Toyota,857,MPQIND36JZY543264,FBO 56486,01/08/2010,973,uwagi
340,423063,Volkswagen,646,BCDFLU54TCW035455,BEF 50844,18/11/2014,476,uwagi
341,714623,Volkswagen,631,ICBDRM87IYD847448,RAY 55492,18/09/2011,978,uwagi
342,729415,Volkswagen,780,NQLZNF34IEX063933,WWW 27125,14/03/2014,949,uwagi
343,440916,BMW,584,MWDREP93MAA893272,BBA 23517,05/07/2013,875,uwagi
344,528943,Audi,291,JBMZBW40XHZ247458,MUD 09894,27/07/2014,596,uwagi
345,777471,Ferrari,298,REJNPL48KQJ119967,CRQ 96154,16/10/2011,995,uwagi
346,379861,Audi,701,JJHUTE24OKN431148,VML 90993,14/07/2010,677,uwagi
347,168587,BMW,267,XVACAK64YCU022807,JAT 29190,26/11/2013,108,uwagi
348,558358,Toyota,396,FPKQFV53PQQ857587,IER 41646,06/09/2011,643,uwagi
349,154392,Audi,187,CQKXFT58JJK093824,MTP 11272,22/02/2014,579,uwagi
350,540256,Ferrari,207,LEKFRH50RRZ942490,BCG 38483,17/10/2011,414,uwagi
351,133504,BMW,487,PBEWQF52FNT497508,UJQ 22062,24/08/2013,112,uwagi
352,104020,BMW,889,FQNKEU67NCS267040,SRH 73573,14/10/2013,188,uwagi
353,859195,Ferrari,357,OTOIJG84YDD615782,BQO 53863,02/03/2012,118,uwagi
354,774183,Audi,963,YYIFVV19ZVC559765,IGZ 29327,30/03/2013,435,uwagi
355,329202,Fiat,850,HYRDBP18SQM641273,GZH 51094,25/05/2013,152,uwagi
356,686020,Audi,405,XKMNNJ21VXO913342,PAM 69976,02/11/2012,386,uwagi
357,700489,Toyota,443,BYYKDC20RFF956216,TVQ 75303,23/08/2012,518,uwagi
358,554063,Ferrari,935,UMCWTD59JNM086654,HHB 63408,01/04/2012,803,uwagi
359,178882,Ferrari,643,XGJAUI33VKD407939,ZAI 30111,30/03/2015,176,uwagi
360,702499,Audi,365,JWDRGL46OYT281281,PEF 73380,10/09/2013,750,uwagi
361,714407,Toyota,428,STRDGI71BZZ227389,OPH 94362,20/08/2014,619,uwagi
362,385039,BMW,158,XAKGSO37ONZ387334,PIW 99153,25/11/2011,941,uwagi
363,656361,Ferrari,550,HIHWQZ31YSZ703167,APS 11008,30/04/2013,806,uwagi
364,298119,Fiat,685,FVIFFM19MWZ806502,HEK 32214,14/06/2011,679,uwagi
365,736945,Fiat,628,VAWIEV80URB420652,BWM 29997,07/12/2012,823,uwagi
366,516093,Volkswagen,353,AMNVHO69PBF677976,LAP 49324,04/11/2013,923,uwagi
367,524622,Ferrari,170,RZLFQK86QNK341081,QHE 95690,21/05/2011,513,uwagi
368,898785,Ferrari,100,JNSUJK48UVI982145,IMB 93143,03/04/2012,868,uwagi
369,128814,Volkswagen,884,IXGSID51LMZ664299,GWH 32623,31/08/2010,219,uwagi
370,896935,BMW,33,UTJXGM37LBJ822751,BXL 61781,08/05/2011,481,uwagi
371,540238,Audi,333,QRPCBI50RLI928127,OZW 37073,20/06/2014,337,uwagi
372,663787,Audi,153,WHFEVH82PUM497247,CTN 15832,31/03/2013,822,uwagi
373,841986,Audi,404,ACGHYN97AKQ861578,BVJ 92571,20/02/2015,334,uwagi
374,748006,Audi,812,XKTLIM47DGI270188,MVB 05133,30/09/2012,493,uwagi
375,432799,Toyota,953,RKHDWA21IMX367205,IDE 54598,15/04/2011,670,uwagi
376,119387,Toyota,396,RIGRPJ00GKS067699,UMK 34294,02/12/2012,752,uwagi
377,486538,Toyota,21,CLQLMS68KSO135109,NKK 83858,28/12/2013,344,uwagi
378,614918,BMW,868,DPJWHG29ULI254208,RXD 44970,21/08/2010,521,uwagi
379,798456,Volkswagen,663,SZYYGY76GAG623492,PLQ 52700,10/01/2012,267,uwagi
380,128048,Ferrari,165,TEKSXC99JQE601865,MGU 13833,10/07/2013,114,uwagi
381,836103,Volkswagen,339,CHGFFD58IFX406058,VUE 61570,21/02/2014,146,uwagi
382,527528,Toyota,378,VAPYPL28JTX974852,BHK 50465,16/03/2013,748,uwagi
383,398453,Toyota,236,QBVBIQ40NKV024237,RXT 15289,12/03/2011,952,uwagi
384,236028,Volkswagen,328,FRRVCT35OJU061730,NMP 73575,25/02/2015,711,uwagi
385,676542,Audi,6,UBDNLQ08LCL587632,GEO 78046,23/06/2011,866,uwagi
386,502873,Fiat,819,BGGSIB14NTG236457,AJR 08293,19/11/2011,321,uwagi
387,824374,Ferrari,873,DZEFDP78WYF448241,YOA 24343,21/12/2010,465,uwagi
388,646424,Toyota,938,CQCSJY53EBT031127,FMG 59696,16/08/2013,709,uwagi
389,283977,Fiat,312,QJROYZ79STH895610,WRZ 55618,19/06/2010,309,uwagi
390,723200,Toyota,838,MZULST14AAL565552,OBV 12640,02/08/2011,236,uwagi
391,241862,Volkswagen,543,CWGWZT80ELS702953,USP 41652,10/10/2011,210,uwagi
392,545993,Fiat,847,RLVLIW67OIT833110,SOD 31447,05/09/2010,379,uwagi
393,843273,Volkswagen,929,JVGGLZ87TQC072057,FVX 63592,13/06/2011,358,uwagi
394,643735,Ferrari,923,XLJXGE68GSR471290,DQI 75502,25/04/2012,393,uwagi
395,759342,Volkswagen,464,QVSUMQ01HNY478585,WOC 45373,08/02/2011,710,uwagi
396,703875,Fiat,481,PJYFKC59BAQ954430,OUQ 85053,01/06/2013,487,uwagi
397,497772,Audi,409,KDUNRS56JME895843,NJX 59294,29/12/2010,273,uwagi
398,312981,Ferrari,313,SOZKDQ76VPO340794,QNJ 84707,25/09/2012,347,uwagi
399,656537,Audi,314,FHLWBB66PBC671046,LHC 23840,27/01/2011,789,uwagi
400,624647,Ferrari,814,NBWOSM17PVO789332,LNP 20606,11/08/2013,464,uwagi
401,133572,Volkswagen,296,WOAITU95JQL397642,GSH 87937,19/03/2011,206,uwagi
402,733977,BMW,374,IICDGR59CXX853180,KST 30548,06/05/2015,603,uwagi
403,559853,Ferrari,870,CJDTXB87YTI281228,APX 50616,17/04/2014,376,uwagi
404,896169,Toyota,590,EDMGAH17QLP778674,OHO 24154,28/09/2011,446,uwagi
405,766706,Toyota,365,SWJZBD55TJG609152,RUS 83121,15/01/2011,763,uwagi
406,655213,Fiat,204,DQGGFU05AQQ971249,ZHI 05582,20/09/2010,910,uwagi
407,712103,Fiat,54,ABHUBW87MVL608601,ZDS 49936,26/06/2011,538,uwagi
408,138927,Toyota,916,LCZIXS87DMU018119,WQX 80520,29/04/2013,748,uwagi
409,531506,Ferrari,903,VRUNMN69IRD182179,AOY 68033,18/01/2011,929,uwagi
410,285862,Toyota,252,XCTLTT74XXI100006,AQM 09892,21/08/2011,146,uwagi
411,667847,Audi,374,UMDOFP41XPD971678,CUU 97094,25/02/2015,850,uwagi
412,210322,BMW,688,GFXVRA72ESZ337144,YIF 93684,26/05/2012,456,uwagi
413,652569,Fiat,609,GOGHHN49NTI287780,YVJ 56893,19/06/2014,540,uwagi
414,489971,Ferrari,769,OJBCVB65JVM053141,NBT 30085,30/08/2010,769,uwagi
415,625994,Volkswagen,125,OSYPHN91ABR311461,FAF 28704,28/01/2012,542,uwagi
416,151217,Toyota,358,IERVDU81LFJ560780,YEW 62312,17/09/2010,650,uwagi
417,234655,Ferrari,933,YDCTZH11QSV647739,PAD 91353,03/08/2011,395,uwagi
418,542271,BMW,962,DHYKMC01YSQ649600,SZF 15540,26/02/2014,705,uwagi
419,155127,Fiat,942,VFKYGP99GPI213293,MAW 04975,04/06/2014,905,uwagi
420,450329,BMW,474,OPSEMQ40ZRG391642,MMS 42236,24/11/2011,507,uwagi
421,209021,Toyota,347,CIVTSX73EBI367512,GQM 59191,03/03/2015,141,uwagi
422,540779,Audi,3,BHSYAD10LLT299425,YTO 07602,23/09/2011,586,uwagi
423,531609,Toyota,374,RTKVWM23FMH195782,HXA 90245,26/06/2010,318,uwagi
424,298336,BMW,831,KSSWZA04IGJ892121,EFD 46679,12/12/2011,367,uwagi
425,825933,Fiat,507,NOMOQX88GSV480502,SNZ 32961,16/04/2012,910,uwagi
426,883488,Toyota,222,XUWVQS03OOG613988,XGB 89178,12/01/2012,196,uwagi
427,456507,Ferrari,487,QGDJIM98TOA048841,XGA 09924,06/05/2012,537,uwagi
428,696780,Audi,464,SGUFER97SAF586678,SXV 60218,06/10/2014,411,uwagi
429,412911,Volkswagen,567,HWTZVM68RHS395264,BHN 24368,11/05/2014,442,uwagi
430,554708,Ferrari,95,KEYWWT51MXC007410,YLM 20266,07/02/2011,456,uwagi
431,524673,Ferrari,880,WJTQYW18YDX750754,GUO 54199,12/03/2015,139,uwagi
432,894765,Fiat,850,HNUDQP08NVJ558086,QIB 82082,21/12/2014,721,uwagi
433,789332,Fiat,247,JRXZTS45BCD919572,RQO 64833,20/04/2014,587,uwagi
434,591613,Ferrari,801,FLOXYD90HYE259516,CXC 92448,18/06/2011,573,uwagi
435,565103,Ferrari,526,JZMNZN89SBM666275,JQV 80636,06/05/2014,740,uwagi
436,264224,Volkswagen,283,TLHGGF92RQX396822,SDJ 44016,27/07/2010,794,uwagi
437,617848,Audi,976,NAFTZN46KTN068339,RUK 69045,01/10/2013,155,uwagi
438,501016,BMW,314,HOHUZX27KGK257125,OYL 63978,02/08/2011,185,uwagi
439,129402,BMW,437,UGKRMD07OHI245804,HRW 24734,09/03/2015,922,uwagi
440,529804,Toyota,262,EVTIXM81UDQ396722,QNS 38124,02/01/2012,502,uwagi
441,658257,Ferrari,700,LRPXNU66KAR089344,AVJ 11768,06/09/2012,291,uwagi
442,738181,BMW,818,AGIUYA19RFU552050,KRF 12030,29/07/2012,793,uwagi
443,328393,Volkswagen,876,KZVKDU03ORV773800,CGJ 16499,13/11/2013,719,uwagi
444,178237,BMW,244,GOJAQS52OJZ920933,IMZ 74845,31/12/2014,479,uwagi
445,273710,Audi,918,KCODRV60VPH956291,FRN 01043,26/07/2011,819,uwagi
446,368623,BMW,510,FJEAAG86OTE190217,UGY 87361,21/11/2014,140,uwagi
447,454671,Toyota,20,FYALUQ95VEO947620,PCU 96891,05/05/2012,461,uwagi
448,628057,Fiat,496,WCHNCW32KFS199150,ZLT 83820,21/08/2010,738,uwagi
449,640156,Volkswagen,406,KXMGGT64MUJ498493,GUS 10787,21/04/2011,412,uwagi
450,406558,Volkswagen,714,YCYRTL15UPN604932,RLI 42076,04/05/2011,171,uwagi
451,269021,Ferrari,136,DDWOHK38YAZ402667,ZCA 08610,17/05/2014,239,uwagi
452,609278,Toyota,240,DAOOJL44KWL651452,LPC 16123,25/04/2014,369,uwagi
453,586375,Audi,106,FGMQSX05ISE417652,TRZ 99325,02/10/2013,776,uwagi
454,724734,Fiat,728,GGLDHB40FXD956133,EFI 44822,24/11/2013,572,uwagi
455,631410,BMW,557,WQWYCW19AAO728030,KWN 21787,04/02/2015,486,uwagi
456,165870,Volkswagen,214,MRHJUH38VBA614753,HVL 06247,13/09/2014,376,uwagi
457,338696,BMW,686,VUMDEH92HRJ749077,LSK 61194,07/09/2014,513,uwagi
458,838650,Volkswagen,172,QYIYXP25YYZ897644,BBP 20069,11/04/2015,622,uwagi
459,619021,Volkswagen,406,WIILOW35WHM598099,QFA 78925,30/06/2011,388,uwagi
460,149506,Fiat,820,RDKONX47JAS207269,FKT 16257,19/06/2011,310,uwagi
461,377285,Volkswagen,153,LWRIHL72EYI810733,OOB 80804,27/03/2011,139,uwagi
462,628262,Toyota,806,HWCTOJ95SVR760116,EZS 90107,25/09/2011,654,uwagi
463,203872,Fiat,501,OGBYFO60GJQ348967,QQV 86548,10/06/2010,269,uwagi
464,621078,Ferrari,438,ADQPUQ81HDP002878,SNO 29345,19/11/2014,852,uwagi
465,156613,BMW,399,VKEMGH73XVM171047,PQR 90271,22/12/2014,128,uwagi
466,572260,Audi,815,ZOBHIL11XIW132899,MXZ 76172,06/10/2013,567,uwagi
467,117551,BMW,657,OOZZTD90AAL283132,EBY 28188,06/02/2012,888,uwagi
468,206777,Fiat,3,PXTTVV78GAQ629840,USX 95786,06/11/2014,778,uwagi
469,289844,BMW,68,VTWRMS95JOT341328,HFI 01983,20/07/2010,148,uwagi
470,253606,Audi,929,LQKDOY51RVO827640,AOD 93405,03/04/2015,959,uwagi
471,235301,Audi,748,CCIAQL64ZNR711817,YEC 42633,06/10/2011,427,uwagi
472,796265,Ferrari,935,ODOAVA93SUN866658,RYC 33461,03/11/2014,986,uwagi
473,665338,Fiat,938,MVTNUC25PCE367136,HSZ 73170,20/07/2010,237,uwagi
474,880680,Toyota,592,PCKSHZ33EQC984501,OVO 75685,14/05/2010,595,uwagi
475,871953,Fiat,626,ISXIAH46JKL895053,OHZ 21571,15/04/2013,871,uwagi
476,220261,Ferrari,837,FKVNXM82YSH478821,VNH 32314,14/06/2010,158,uwagi
477,885423,Volkswagen,505,GBKSYS66ZCK897972,FDM 63963,29/12/2011,514,uwagi
478,126388,Ferrari,666,IUQALH95SVO473694,DPV 02152,04/01/2011,586,uwagi
479,394597,Fiat,269,EUSMUH26VQJ133649,LNE 50413,17/01/2014,436,uwagi
480,557975,Audi,128,VPXDUN94WCT271116,IUS 78114,28/02/2011,960,uwagi
481,181890,Audi,803,WAPJZA20TMV950697,JSR 48149,04/11/2011,954,uwagi
482,508158,Fiat,446,PCKQJM38IJK303130,UWX 93888,20/06/2013,185,uwagi
483,700911,Toyota,582,CIYPST80DFB434403,KAQ 38436,16/01/2011,699,uwagi
484,491227,Toyota,489,QAEJYG51HZM745085,REL 15070,27/04/2013,288,uwagi
485,193695,Fiat,584,XXNDKQ43CFV626298,SAK 88409,14/03/2013,704,uwagi
486,833954,Audi,352,OLTFWD30YAI622492,XUC 37007,04/07/2010,541,uwagi
487,418396,Audi,107,GJZKSB37JZZ649837,ZSN 97241,06/05/2015,425,uwagi
488,119998,Ferrari,505,XNFYWX38WXI887574,BTE 22362,24/03/2013,240,uwagi
489,491549,Toyota,133,CYZAGW81ESZ927335,OPT 82007,15/03/2011,480,uwagi
490,190865,BMW,52,LLIHJM40MJI276722,ODM 51192,13/10/2013,538,uwagi
491,350375,Volkswagen,212,TROGEQ75ZZG675836,JWW 58101,31/07/2014,568,uwagi
492,860648,BMW,14,RYEIRS26ZXL587116,BRL 17666,17/11/2012,565,uwagi
493,619027,Toyota,322,EQAWXR88DJQ858465,YUF 54801,04/09/2011,874,uwagi
494,654163,Ferrari,652,UXOMUK61BMS893381,PLO 44631,03/03/2015,235,uwagi
495,255057,Audi,156,KGYVWC83VUH112276,VGD 55367,14/05/2013,557,uwagi
496,579643,BMW,589,CPLENU02CEL242924,BTA 34780,21/07/2012,795,uwagi
497,289587,Ferrari,620,KFDEFK23VOV040458,NYG 28200,15/10/2010,682,uwagi
498,887557,Ferrari,198,UEKFLU00PCN650510,UKV 04874,18/10/2014,954,uwagi
499,353958,Volkswagen,503,BQYWSZ47MDK564548,KNJ 32725,13/06/2011,306,uwagi
500,809285,Fiat,975,JTRIFM83WKB395240,PSI 39868,03/09/2014,801,uwagi
501,474123,BMW,147,VWJHRT10UMB374421,SRD 62037,26/06/2013,265,uwagi
502,548516,Toyota,928,QLPKPR10SNU190367,NHA 56772,30/08/2011,907,uwagi
503,136834,BMW,665,VFGMKI29DKW275927,AVL 75665,16/03/2015,981,uwagi
504,772489,Audi,844,SNGATE11AJX532330,UDO 48146,30/03/2011,914,uwagi
505,626193,Toyota,216,JCYNGC56ACY243224,USG 91888,15/10/2014,261,uwagi
506,240915,Volkswagen,316,RFOUUE78DAJ426803,CZM 08319,18/12/2010,861,uwagi
507,496411,Toyota,407,CBEGVC38LVC061381,WVY 19904,26/01/2013,226,uwagi
508,588352,BMW,935,HAUJKQ82TWX927005,AGO 92008,27/02/2014,740,uwagi
509,700969,Ferrari,507,MLXDGD80AUH783386,WVX 89766,24/02/2011,613,uwagi
510,419411,Volkswagen,895,OXDRTF75MMK872461,JOA 11675,24/01/2012,837,uwagi
511,118079,Ferrari,686,BSLGLA79LQS703849,VQC 43634,04/08/2012,715,uwagi
512,728875,Fiat,554,JXZJRX72QMJ038915,BQX 79347,07/09/2014,572,uwagi
513,108575,Volkswagen,567,CDFAXN64WRS768274,DLK 48198,13/09/2013,715,uwagi
514,418929,BMW,291,IXFVOP72ILX266680,CHX 22796,31/12/2010,385,uwagi
515,675244,Audi,486,IOAYHH27EMK712825,UOU 54481,30/06/2013,359,uwagi
516,336357,Volkswagen,589,IRWPYP74ZOP248714,OTX 06039,03/09/2012,891,uwagi
517,669321,BMW,106,KBBZUL93BFT999356,GOI 38225,06/12/2012,272,uwagi
518,387231,Ferrari,876,EDRQCA63UPI798314,SNH 97810,23/08/2013,872,uwagi
519,787544,Ferrari,129,LTGMLO20WZZ731106,KZJ 21419,02/07/2011,402,uwagi
520,174551,BMW,993,IBLXHM72LNQ566206,QJU 04745,29/07/2010,755,uwagi
521,516394,Ferrari,116,FBKRWS13ISB091665,MSZ 21596,16/11/2013,391,uwagi
522,740007,Ferrari,41,GZXYCH28JHU594041,ZSF 56884,10/07/2013,597,uwagi
523,867061,Fiat,271,KOJSVF01ZPC465562,SDZ 59419,02/11/2010,923,uwagi
524,499779,Audi,665,WNMBPP01RMU294475,MHN 94489,10/07/2011,746,uwagi
525,300269,Toyota,585,EEETGJ47DQS514066,QNC 13086,30/03/2013,143,uwagi
526,142477,BMW,310,LROUBG97YMW354029,DII 11922,18/07/2010,679,uwagi
527,868635,Ferrari,530,FDPMBI45ETD673596,YDV 93053,30/04/2015,456,uwagi
528,463373,Volkswagen,944,ITAQDO78SKS096697,NVC 53498,31/05/2010,628,uwagi
529,100607,Fiat,19,PFEEAB84TXK353101,GQO 65325,15/09/2010,117,uwagi
530,541753,Ferrari,375,AJJBFU81FFR537763,GHX 65461,20/11/2014,372,uwagi
531,312644,BMW,818,AGAVBD02VOQ522955,VED 38261,27/07/2013,564,uwagi
532,713897,BMW,165,KAFOAM35CYW383965,BAK 36583,06/09/2012,177,uwagi
533,886719,Audi,177,SLFEVU27QRP052562,ZYX 57257,13/03/2013,649,uwagi
534,149862,BMW,409,IZFCGZ79OTN831131,AVX 34694,01/09/2012,646,uwagi
535,115283,Ferrari,782,BDBBWY56MLZ653751,QXO 38098,10/10/2012,539,uwagi
536,611432,Volkswagen,812,MLRLBI84HNB626795,IFJ 31187,09/06/2014,868,uwagi
537,245835,Audi,53,YFCHCP56QEX297720,DPE 34926,29/06/2010,451,uwagi
538,493206,BMW,463,JWOZLE66CXO868884,BFW 93438,17/02/2015,748,uwagi
539,127374,Audi,525,EJZJZQ48FIO024426,IGA 86856,13/04/2011,134,uwagi
540,519942,Fiat,264,VEGLQD69SRE114747,TGJ 67063,14/11/2011,449,uwagi
541,348977,BMW,323,SNYWEY58DRA534317,STM 74817,13/06/2013,112,uwagi
542,415248,Audi,986,DBEBPB12BTR507275,SOY 57651,29/01/2014,567,uwagi
543,108957,Toyota,292,TXXUCE88VJY657123,CUB 72123,25/09/2010,772,uwagi
544,886316,Toyota,717,SWUXRQ70PJP358666,RKY 86256,04/02/2012,784,uwagi
545,831167,Ferrari,819,AFNRYO23DPW025699,OUQ 73352,29/06/2010,829,uwagi
546,210546,Audi,652,PSPDZY25VHV397245,XHX 28209,10/12/2012,530,uwagi
547,131043,Ferrari,788,SHTQPI48DUU802395,IDL 51491,26/02/2013,878,uwagi
548,551591,Audi,25,VHPDTM25GDO555186,PJU 03989,02/10/2010,343,uwagi
549,762081,Volkswagen,751,HHMTOZ06OPG070734,NIV 52770,15/01/2012,483,uwagi
550,190779,Volkswagen,555,TECTEV27BJN108551,LCJ 18369,20/07/2010,909,uwagi
551,683351,Audi,290,YQMTYG72TXJ559790,CDY 47934,06/04/2015,271,uwagi
552,535640,Toyota,67,KRZQLH43QZX678689,PIT 57272,29/08/2013,861,uwagi
553,680113,Ferrari,320,TUTAED61AHX897850,OCU 88065,14/04/2014,751,uwagi
554,419387,Audi,320,HHNKYR42PHF317478,ENQ 21195,28/09/2010,419,uwagi
555,428705,Audi,917,XOWPZD22IOK091916,OIU 72306,28/03/2011,493,uwagi
556,847537,BMW,607,CJPFPW51GPB351004,UUT 18457,07/11/2014,737,uwagi
557,438426,BMW,570,BGDXUG13IOX459937,SMQ 10484,23/02/2011,350,uwagi
558,715963,BMW,37,KSVRWF94CMZ043818,LIW 81319,26/10/2010,135,uwagi
559,806654,Fiat,383,PIGUIR87RYG974827,SCY 02801,16/12/2012,652,uwagi
560,407346,BMW,404,KTSCQN75UTJ255026,YIX 84948,17/04/2011,796,uwagi
561,762886,Ferrari,539,ZMENFT29CNO658341,GHO 27305,07/08/2012,289,uwagi
562,852754,Audi,765,BZZVGY97NPH397410,ZLU 34353,04/05/2011,765,uwagi
563,101275,Fiat,454,KNSJLM80UEA562556,JXC 74444,29/10/2011,212,uwagi
564,209305,Fiat,387,BJVOGX34YWB146885,XPY 30342,15/12/2014,305,uwagi
565,140979,Audi,397,HEQFMB13CIU716201,EKG 59479,24/12/2010,580,uwagi
566,344444,BMW,106,AMPCQY29TYB311535,VWM 36489,11/08/2013,484,uwagi
567,756150,Audi,563,OYENEC21EQI326805,IID 71010,04/11/2011,914,uwagi
568,110647,BMW,825,VXZYED18LLA130664,ULP 86576,01/12/2011,718,uwagi
569,585230,Toyota,934,IDDLGY87YZA066441,AGS 60326,08/09/2014,869,uwagi
570,605318,BMW,935,RYEPUX57XPJ607700,LQA 79665,13/10/2014,338,uwagi
571,757459,Audi,255,MCBJRV22FXH962009,BVV 64393,14/04/2013,752,uwagi
572,720124,Volkswagen,375,YWBTEI90PYR897805,QSA 06374,17/07/2010,950,uwagi
573,696548,BMW,98,DNGLMI04ZYK674231,GKU 51258,05/06/2012,948,uwagi
574,366002,Ferrari,596,LPBTQN75XKI366480,GLF 49042,20/12/2011,248,uwagi
575,458906,Fiat,211,BPWOIL47TUJ422547,SZR 73998,24/10/2013,413,uwagi
576,333336,Volkswagen,691,NYAYKT61CDK369038,TCH 70102,01/02/2014,633,uwagi
577,409300,Volkswagen,693,CSCWKG95RID544415,UWO 99853,03/02/2015,337,uwagi
578,707928,Toyota,263,WIRCHF76JKA881360,YOZ 70208,01/10/2012,424,uwagi
579,427948,Toyota,200,HCMNXC82DRE208393,HUL 58292,16/05/2010,666,uwagi
580,157836,BMW,153,UBBXYI06MHR366694,DNH 34505,01/07/2011,664,uwagi
581,319616,Fiat,889,UQVCQL69CXO764270,NDL 01964,16/01/2012,610,uwagi
582,578900,Audi,968,YEPJUO47CHI650601,BBI 07763,06/11/2014,985,uwagi
583,840221,BMW,196,GLZUYS82ANT018218,OGQ 28927,02/12/2013,656,uwagi
584,416982,Audi,919,ZHWSEC76WUU609552,EXC 11875,02/05/2014,727,uwagi
585,889509,Volkswagen,766,VJYXCQ78KLY495614,THO 60139,27/04/2015,237,uwagi
586,114622,Audi,76,EVEVPB20ZQA521904,MQM 69479,08/10/2014,940,uwagi
587,785737,Ferrari,588,YEEZKF90GMI443889,JMY 82971,16/08/2014,640,uwagi
588,840585,BMW,459,QHWWHX17GOE540585,MQV 33993,01/07/2011,838,uwagi
589,372224,Volkswagen,919,XVFVYZ04DQY217763,PZT 59033,02/07/2012,695,uwagi
590,621145,Fiat,402,BLIANV11TJH519879,RIX 76233,07/01/2014,251,uwagi
591,176857,Ferrari,182,QDSMHV26DTV066929,VAP 04924,08/03/2015,847,uwagi
592,313757,Toyota,500,CGUYMM02ICW901891,LZP 32014,12/09/2010,375,uwagi
593,371246,Toyota,401,DTXQVD99AXA179318,ZOC 07530,17/02/2015,466,uwagi
594,154408,Fiat,627,NNLRLJ63KWC322128,HHO 86627,31/03/2012,891,uwagi
595,106740,Ferrari,400,RRWBJF42HSM597329,YBQ 63343,03/02/2011,919,uwagi
596,882634,Toyota,676,MVARGG99TMX480481,BKM 38828,24/09/2012,161,uwagi
597,429661,BMW,1,OWGVVF53CAE149353,WXH 62176,04/06/2013,101,uwagi
598,463849,Ferrari,505,AYIGNQ35UNA785174,LKQ 51256,26/12/2012,152,uwagi
599,208663,Audi,184,BDSSLG59GHV845299,XNC 11722,05/05/2015,968,uwagi
600,158464,Fiat,103,KMOQAN92JSU997882,ZAJ 72663,01/08/2011,214,uwagi
601,410426,BMW,674,YWRMTZ84TUL463663,BJO 60884,09/09/2010,234,uwagi
602,597039,Ferrari,677,YYLYVX66JDH689983,OOJ 43750,21/06/2012,441,uwagi
603,173411,Fiat,520,YOIWFY13FWF180436,UUB 53094,14/01/2012,891,uwagi
604,593041,BMW,771,WEZUJJ02OEB664342,KAP 49035,06/10/2012,131,uwagi
605,657385,Volkswagen,193,PFOYGU54WEA254584,CIL 16013,10/06/2012,872,uwagi
606,673963,Toyota,372,DZPXMA76BBE550964,LTB 49336,26/10/2010,780,uwagi
607,723340,Volkswagen,785,TIHUCY81CIS133571,QFA 05673,25/04/2015,490,uwagi
608,171601,Ferrari,857,FDYDYC22ULP103265,GRD 84435,10/07/2014,656,uwagi
609,833421,Volkswagen,382,WXIYDP75EWP502039,FFJ 65824,31/05/2012,957,uwagi
610,766509,Audi,487,LRQALF22USJ076999,HQM 19917,26/03/2014,727,uwagi
611,897849,Ferrari,417,MHVRMD41MNZ149176,PXN 50220,02/08/2013,672,uwagi
612,152641,Volkswagen,608,APCDCH65HVA297856,JCR 63724,18/11/2011,526,uwagi
613,701485,Fiat,306,LVKSLZ92AFF707448,CBF 73520,02/01/2015,393,uwagi
614,835531,Ferrari,404,MVWMVD40JFC165975,ENY 77006,07/06/2011,839,uwagi
615,708328,Volkswagen,668,OWMRJN05PEF119734,QCF 62949,04/04/2012,280,uwagi
616,428815,BMW,691,ZDBMEQ13VGN798159,KGF 37151,25/02/2011,106,uwagi
617,434048,Ferrari,983,SZEIBN13BYG918951,DWW 34038,11/06/2012,139,uwagi
618,766034,BMW,274,VUIJZQ49XJB736844,TUX 81789,01/10/2011,458,uwagi
619,555142,Audi,808,WGUNRS40TEJ308875,TOR 44689,28/04/2014,875,uwagi
620,841955,Toyota,62,PTTHEU03DKJ921507,FMD 83162,20/08/2010,209,uwagi
621,137441,BMW,35,XVFRWN82WTN025740,VGJ 99609,05/12/2013,777,uwagi
622,108819,Audi,357,MMFAGM80AXG557649,ZKW 64844,10/03/2013,198,uwagi
623,348141,Audi,568,PXVCUV16CRG836720,QYO 53066,05/09/2014,142,uwagi
624,108720,Volkswagen,794,ECOAFG18MXF164234,VVU 84494,18/11/2011,315,uwagi
625,368161,Toyota,444,STQYWO47TQM297776,NQB 95528,15/06/2013,890,uwagi
626,734525,Toyota,299,IREWDY67LXS254801,YBR 42530,11/05/2013,799,uwagi
627,382108,Volkswagen,780,CRXBHS41KRT858949,RYF 22296,11/01/2011,922,uwagi
628,443960,Audi,862,KZDCLI51CKR931800,BGI 32926,26/11/2014,670,uwagi
629,180651,Audi,988,WPKFCO25FFX309412,TML 67138,25/05/2011,997,uwagi
630,451950,Fiat,548,HVRVCE03BLJ085269,RIT 86680,24/09/2012,533,uwagi
631,531683,Audi,978,GMCKNK49UMV274247,AFK 60415,03/10/2014,563,uwagi
632,465704,Ferrari,558,UTCEFA96VFK258050,KEB 82647,27/11/2010,395,uwagi
633,501505,Volkswagen,566,MZTMXL31VPR661603,SYQ 33368,27/05/2012,282,uwagi
634,635102,Audi,449,AOJLXN24EXD351720,JPL 72299,16/04/2013,950,uwagi
635,538330,Ferrari,150,FQATXN98RHK806943,IEO 61456,15/05/2013,875,uwagi
636,688644,Fiat,548,MQLAOH68RMW333674,GIQ 78356,18/10/2010,638,uwagi
637,318590,BMW,823,ONJVEF56CXB457881,NOA 81643,17/06/2010,287,uwagi
638,467929,Fiat,492,URRZEJ10KNR245390,KTE 01526,11/06/2010,203,uwagi
639,547281,Volkswagen,91,UHHDKJ59BUI512550,TOG 28843,05/08/2010,560,uwagi
640,826711,Ferrari,465,EOWODU59CDB375441,RTZ 51300,15/01/2012,256,uwagi
641,659807,Volkswagen,685,OUVIJS44UVE326593,NMN 85502,26/11/2010,824,uwagi
642,194798,Audi,129,XJMQVZ46ETX728173,SRX 27108,03/04/2015,588,uwagi
643,560987,Volkswagen,14,VDVUNM92JTO193560,KWU 59605,09/03/2012,846,uwagi
644,659020,BMW,316,ATVMSD84RAI059088,WLU 55332,10/01/2013,531,uwagi
645,492620,Fiat,225,ODXRYJ39RLM653448,GXI 52507,01/09/2012,978,uwagi
646,667798,BMW,496,IZLRIK37WAH247076,JIW 93580,15/07/2010,796,uwagi
647,586159,Toyota,862,KFFUPZ66HXC998631,LFN 01687,23/04/2014,169,uwagi
648,899161,Volkswagen,747,RFIRXY98AYT850002,OAK 18128,04/10/2010,797,uwagi
649,328021,Audi,939,LQVKOQ45KHB430780,EBY 33715,18/08/2011,238,uwagi
650,393611,BMW,938,BDNSOA18CPD130250,EWJ 99913,27/11/2013,317,uwagi
651,418078,Audi,244,CHUDKQ29TJJ769887,EUT 19133,20/07/2012,801,uwagi
652,763353,Audi,661,MQBCWB82KPW346054,WRK 90778,30/05/2013,224,uwagi
653,206411,Volkswagen,270,ZJDBFJ48GUF987374,USN 44365,27/07/2011,675,uwagi
654,447368,Fiat,87,QOHAAC28IES054531,CUP 44118,23/03/2013,481,uwagi
655,638781,Volkswagen,767,YOUBUP39HLM708816,MPA 67814,31/05/2013,515,uwagi
656,127760,Volkswagen,128,EDXUMW09IVY170726,VXK 70810,23/09/2011,494,uwagi
657,327711,Fiat,471,RTYNVW86VAJ885564,ZIM 84527,02/06/2011,239,uwagi
658,161125,Audi,820,NCRKZI29SCU264767,FMF 77098,06/06/2014,215,uwagi
659,754574,Toyota,492,JRLSWL39GRQ643467,QKO 63371,04/08/2012,351,uwagi
660,486613,Ferrari,411,MBHXMG11WVO122986,NMX 92017,22/04/2011,608,uwagi
661,246793,Ferrari,615,EYCKDF29UME940594,NWS 50412,06/08/2013,901,uwagi
662,653942,Fiat,700,MIVSPT40XMM904353,CDK 52649,04/01/2013,519,uwagi
663,250869,BMW,427,FCAYPC80PUD017328,UVC 42094,15/08/2010,743,uwagi
664,753900,Ferrari,292,AGWCCY68CTB813691,UKL 83851,15/04/2013,480,uwagi
665,603558,Volkswagen,142,NMGMED59EKB519783,DSS 02848,31/03/2011,311,uwagi
666,769263,Ferrari,730,EXXHMV48WAA878286,YWX 83701,27/07/2010,624,uwagi
667,845526,Toyota,231,AASVMP64PNF570169,AMG 85434,03/02/2015,813,uwagi
668,827537,Audi,630,TTDJLP99VNS863868,CML 48927,03/06/2011,767,uwagi
669,249183,Volkswagen,879,DYISXI54ALB427331,TVA 61742,22/11/2013,232,uwagi
670,270910,Ferrari,691,QZPYOA99BKF775943,ZDM 75787,24/03/2013,269,uwagi
671,135016,Volkswagen,307,VAVWZV93BSB665966,MJG 22043,24/09/2014,639,uwagi
672,844034,Volkswagen,35,UOAPMJ61LGV924678,YZD 94453,29/05/2014,158,uwagi
673,439329,Audi,656,LJDVAH22DGM592481,OWQ 94008,01/03/2011,477,uwagi
674,147528,BMW,216,TCFBJM16ZUO124372,AUS 08548,15/06/2010,565,uwagi
675,343025,Volkswagen,709,EYCRCS68HUC618916,RFM 26379,27/06/2010,210,uwagi
676,787817,Ferrari,672,JXUBNR33UAM696368,VWN 25434,28/10/2013,132,uwagi
677,416721,Fiat,552,QSCHBK00WSB507385,XBD 33547,08/11/2013,768,uwagi
678,675949,Audi,100,BNELOG32IWI021612,TNQ 39306,13/09/2011,827,uwagi
679,607930,BMW,354,IHYOPF84OXS758924,POJ 96072,02/07/2010,179,uwagi
680,553939,Volkswagen,670,JCHPZT19MWL386742,DLW 12127,12/04/2011,292,uwagi
681,484679,Volkswagen,133,DQDWUA36LRN149353,GRQ 39454,31/10/2010,631,uwagi
682,304611,Fiat,929,SLSSUJ14WIW873290,WIA 29481,18/04/2012,894,uwagi
683,339356,Toyota,307,DWCMBN33JFB740833,XOH 34427,01/10/2014,955,uwagi
684,631832,Toyota,686,ZYSNIB85DRZ152448,TTH 29016,06/06/2014,669,uwagi
685,532003,Toyota,977,VAHXXV05UEC065942,GQE 28893,28/03/2015,306,uwagi
686,465810,Volkswagen,11,QCXMDM22PJY033359,NWV 37152,14/05/2012,593,uwagi
687,823715,BMW,176,EAHRIP27NIB866825,ROH 81530,18/09/2011,806,uwagi
688,323323,Ferrari,874,OWFECX64YOD533008,JWZ 92975,13/04/2012,173,uwagi
689,689208,Volkswagen,786,LBXITI22LWR797626,QFW 69466,22/02/2014,813,uwagi
690,134886,BMW,39,HVUPCC09TVX541104,ASI 43024,22/05/2011,647,uwagi
691,301054,Audi,562,FWRHXQ07NOE762169,LDJ 43705,05/10/2013,272,uwagi
692,148515,Fiat,180,OECEFU67ZKM251292,OLQ 35255,19/08/2010,567,uwagi
693,238966,BMW,186,DDKYVF92SDT837191,UGQ 08259,28/12/2014,188,uwagi
694,837073,Ferrari,985,PGUVDA52UKQ455638,HJQ 59668,04/05/2011,667,uwagi
695,712196,Ferrari,314,MGMNTT21KUS940774,KFJ 08165,18/01/2011,868,uwagi
696,490082,Fiat,171,KNYEUB55UNZ836278,QTR 84269,01/08/2011,901,uwagi
697,252837,Ferrari,692,YLMAAA75ZQW696553,FKU 40632,26/04/2014,580,uwagi
698,254720,Audi,896,PMXQGM68IHV984308,CNX 78130,15/12/2012,634,uwagi
699,787780,BMW,805,IZBUQZ19UBU238043,YGE 05264,23/12/2011,762,uwagi
700,418248,Audi,732,PFJOIH33BPT861254,KQZ 63336,12/06/2012,215,uwagi
701,502414,Ferrari,178,NWNVGX88QUM800246,FAZ 64679,26/03/2011,197,uwagi
702,427541,Audi,561,OQULOQ13CYI117747,TAE 47051,03/08/2014,933,uwagi
703,751687,Fiat,275,FZVVBD90MBF286966,DBJ 25513,25/10/2010,451,uwagi
704,172047,Ferrari,566,CWQGVQ78WYT493004,MGZ 03334,10/03/2012,472,uwagi
705,261924,Toyota,89,HCXXVU77NGQ836389,HVI 62714,01/05/2011,856,uwagi
706,753013,Fiat,731,QROKLH96YVA618546,WDW 62240,12/06/2012,944,uwagi
707,865594,Volkswagen,358,YSUGQM14NVP330921,WXJ 13313,10/05/2014,170,uwagi
708,715992,Toyota,771,FSKRXW17LND453632,ZOS 36044,22/01/2013,193,uwagi
709,847971,Toyota,89,RKZNPS90VMP209505,FKE 28637,26/06/2014,186,uwagi
710,797844,Toyota,989,GOOYNR79HAB251875,AZJ 63172,12/11/2012,397,uwagi
711,150669,Audi,627,JUEAPE35FPC338838,FAD 37377,07/08/2011,245,uwagi
712,345076,BMW,942,RINVQD02GJP020840,BVT 45558,03/12/2011,468,uwagi
713,516839,Volkswagen,163,MJUPKA87QYA684683,KHW 98733,01/07/2012,765,uwagi
714,313613,BMW,197,EUPEQJ85KLJ812155,AMJ 78741,07/06/2014,956,uwagi
715,247999,Audi,133,TRTDMI59SJA955450,WIW 68950,08/01/2013,932,uwagi
716,806612,Toyota,16,GXMOLK27LGI978052,XFA 87086,13/06/2010,442,uwagi
717,786706,Ferrari,569,NRZXYU31DIX035227,GCM 29167,30/08/2011,262,uwagi
718,508783,Fiat,316,ZRHUAM83JXR818530,CPX 22647,23/02/2014,183,uwagi
719,616050,Audi,49,ZVBLSK86BSS930936,WQY 50767,20/07/2012,197,uwagi
720,677405,BMW,613,FGIPCY68RPD755441,KAG 16923,13/04/2011,142,uwagi
721,133354,Ferrari,101,CZEBQZ72DMV692733,AMY 97307,14/06/2014,528,uwagi
722,276649,Toyota,619,WKHWDN96JQP649944,YLD 24876,23/05/2012,499,uwagi
723,882179,Audi,705,FXVTWL15AUY974378,NZI 37986,05/01/2012,371,uwagi
724,852947,Toyota,836,ODSAGG00EAV545495,THG 70900,30/03/2012,971,uwagi
725,311597,Ferrari,841,OGCUHE92ANS596079,JLA 34027,22/07/2014,139,uwagi
726,865541,Ferrari,431,JESODA56SCQ313257,HVG 31930,22/12/2014,478,uwagi
727,302803,Volkswagen,846,KPZKDQ12GMK579307,QJX 67900,10/12/2011,306,uwagi
728,676718,BMW,388,NSNDWT43EAC131905,WQH 86203,02/08/2014,979,uwagi
729,872650,Toyota,6,BEWVOF05HEZ419995,EUG 48648,08/01/2013,789,uwagi
730,869370,Toyota,126,YFSDGH44GVO275892,BKD 68948,03/11/2013,117,uwagi
731,680685,Ferrari,330,QFPXQA14OJE011315,MWK 42249,03/03/2015,138,uwagi
732,549067,Volkswagen,813,AMLAQW59BQD193741,DXL 33449,06/05/2011,568,uwagi
733,411436,Fiat,473,UZCRNC71FYD566775,DEX 55809,10/10/2012,444,uwagi
734,118833,Fiat,940,NFMPYQ88TIN303914,VTB 68008,08/04/2015,108,uwagi
735,718031,Fiat,505,FPLVKH57VZU189667,SIN 73371,30/08/2012,266,uwagi
736,270310,Ferrari,768,KAESPX55SRL631304,XUV 25947,15/06/2011,485,uwagi
737,418455,Fiat,562,XMEUAS46EEZ250748,PSJ 51195,08/01/2015,199,uwagi
738,400867,Audi,619,WNQOAH71HAS371138,NXB 69672,25/09/2011,768,uwagi
739,593739,Audi,867,RWWZOB25TPI976725,VYM 47713,08/11/2012,275,uwagi
740,584053,Fiat,739,KWIMEW27FDM897476,YEK 73789,27/01/2012,465,uwagi
741,212317,BMW,938,XVCUCW92IWE139720,FYL 98339,27/09/2012,309,uwagi
742,324796,Volkswagen,492,BMOXLU23ZJQ818938,KHQ 86609,14/12/2014,703,uwagi
743,777932,Toyota,22,QQMLXU32KHK227060,SMS 34603,01/12/2014,241,uwagi
744,635377,Fiat,10,KGXEQE59PVE398462,DZU 70186,26/03/2015,120,uwagi
745,170278,Ferrari,156,ZMUDBS69WBV744964,UIK 92093,07/11/2011,236,uwagi
746,792085,BMW,693,EHTWAR70MMO941325,TDS 80099,14/02/2015,333,uwagi
747,273204,Volkswagen,701,OSSGLT79IQJ495977,SOU 75797,16/10/2013,842,uwagi
748,604404,Toyota,136,PLPJEN68WDT414270,ZNQ 65451,20/06/2013,622,uwagi
749,224702,Volkswagen,806,IKZVBU71OEH030036,SCD 06267,15/07/2013,892,uwagi
750,209590,Toyota,570,XTQRMU26BGB134705,WCD 17809,02/11/2013,111,uwagi
751,620439,Volkswagen,347,HNVCSM19NHH902493,QCE 51157,10/05/2012,283,uwagi
752,470983,Audi,813,NGNAKM56UNT006467,QDW 76691,22/11/2010,979,uwagi
753,756115,Ferrari,232,UFQHTI02BCG758410,HYR 98787,29/07/2010,299,uwagi
754,552774,Ferrari,958,ONRWOY96EQF004033,THF 51977,21/02/2014,656,uwagi
755,275841,Toyota,963,DYNCWE24JIO739112,JRJ 24096,21/12/2010,630,uwagi
756,452794,Ferrari,471,OGITNV18KXG303530,XRM 95150,16/02/2015,291,uwagi
757,594157,BMW,56,JPOFSK56QYQ040036,NIH 69285,17/09/2010,854,uwagi
758,190978,BMW,563,ZKHJZW09NBJ507260,MFZ 70561,08/09/2011,862,uwagi
759,475229,Toyota,75,ZPBWPZ36JXT013155,DJR 69844,10/01/2014,988,uwagi
760,672918,BMW,495,HNCGXT67NSX884498,DQV 90298,25/11/2013,485,uwagi
761,620991,BMW,868,IETCUO65LMJ993709,QBC 90836,12/06/2012,665,uwagi
762,881432,Ferrari,66,QHWEXK63UOI134194,FWM 02171,10/07/2012,208,uwagi
763,563327,BMW,40,AUYKKH19QIH042561,ZTI 14520,04/08/2010,620,uwagi
764,268992,Fiat,591,UDZBIY66GTC427624,YJY 45907,24/10/2011,823,uwagi
765,685013,Toyota,595,FNXDFO49QXF354847,TWJ 78156,07/03/2013,785,uwagi
766,268661,Ferrari,144,PHIDSH75MDC995674,BLI 10992,26/01/2015,115,uwagi
767,830644,Ferrari,363,JKBQER12UAG379774,BYL 99608,29/11/2010,571,uwagi
768,662572,Toyota,396,IOOZRW77CBL081481,WWB 58805,26/11/2014,789,uwagi
769,577061,Volkswagen,37,NHSKBK41VOX007186,FLN 04080,16/12/2010,675,uwagi
770,802929,Toyota,513,INOTZR55PPO374098,OCJ 69428,03/09/2012,999,uwagi
771,787300,Volkswagen,471,CQMUFA38OUP085836,FZQ 62461,11/10/2010,561,uwagi
772,300865,BMW,826,AZBBJW61MQZ053773,KJP 80732,08/01/2012,841,uwagi
773,462708,Toyota,607,IMZFCD67CTG459793,JVI 02686,18/10/2010,150,uwagi
774,331352,Fiat,193,WWHZNA03GNV227565,WRU 45458,16/07/2011,761,uwagi
775,796626,Ferrari,362,BMXCOF30BOJ809496,FLG 69138,14/10/2012,738,uwagi
776,108706,Fiat,999,QROWAR85ASQ915630,WZB 93963,25/10/2010,373,uwagi
777,235515,Toyota,406,LOKCLZ11PCH266256,HNZ 21353,14/12/2014,299,uwagi
778,557077,Toyota,814,XRGXUK48SSO391926,XMV 29145,11/08/2011,339,uwagi
779,551100,Volkswagen,794,XOPIBL07AJS129714,PKK 78904,02/12/2012,808,uwagi
780,729686,Toyota,40,YQCKQW49OOH534998,IRT 26204,02/10/2014,799,uwagi
781,507793,Ferrari,460,CMCYXC54KAV897734,MPD 66641,29/10/2011,627,uwagi
782,589406,Volkswagen,182,PQCSDP01LYD164610,UVT 43999,21/05/2010,969,uwagi
783,557734,Ferrari,883,XTANVF97JDK875854,QYS 59655,05/02/2015,353,uwagi
784,876571,Audi,754,RMOWLI25TBH298657,KCS 06236,25/08/2010,957,uwagi
785,458080,Toyota,946,YDJHJX04FIJ009840,NNR 78263,14/09/2013,910,uwagi
786,318781,Volkswagen,649,CMAANL28VHV712867,MKQ 70963,11/10/2012,742,uwagi
787,854242,Toyota,654,OMEASZ80VQD048892,NSI 43613,05/02/2014,613,uwagi
788,569802,Volkswagen,583,HRIHOI01MEP205552,VAP 51907,21/04/2013,444,uwagi
789,243128,Fiat,532,TCBBEG53VVK339519,ERD 07849,04/11/2012,754,uwagi
790,866524,BMW,838,JYAPMJ43UTQ738644,VOE 69049,12/02/2011,860,uwagi
791,556075,BMW,404,OBXYMF72WLO610195,IQP 40526,10/10/2010,346,uwagi
792,398645,BMW,921,JIKPBQ45FCQ225852,LYH 91925,14/06/2010,989,uwagi
793,180104,Toyota,835,SLXJWK59BUE667806,DCV 03304,22/09/2010,783,uwagi
794,497214,Toyota,774,REQBSP15UTD452173,YTR 27102,04/12/2013,145,uwagi
795,206922,Fiat,96,BPUQSI44MXB607995,QHI 73684,11/11/2012,334,uwagi
796,610431,Toyota,722,HJKQUW07XUT677240,OEI 19746,01/12/2012,277,uwagi
797,186681,Fiat,183,XPZTRR64LIF156118,NHU 37458,16/05/2010,274,uwagi
798,267117,Toyota,803,VJMNAY93ECX820683,LDB 86808,25/07/2014,606,uwagi
799,695430,Audi,676,JSRHRB47YHB998330,JFS 22580,20/11/2013,679,uwagi
800,280976,Toyota,187,SEWTQQ79SSV601634,IPS 94756,09/10/2010,198,uwagi
801,160799,BMW,126,DQUUJS40NCB774100,WAM 65176,04/07/2014,316,uwagi
802,794665,Fiat,384,MMTEZV70WLV369349,VBM 97116,01/06/2010,756,uwagi
803,688247,Fiat,903,NDWJWY22TOX693574,CRG 28896,27/01/2015,372,uwagi
804,415969,Toyota,464,VZIUFP57NFR883380,NCY 40574,04/03/2014,651,uwagi
805,760812,Audi,433,ODQERK69BNS486537,LUU 05263,08/04/2013,110,uwagi
806,256685,Audi,726,XZKHRI32AUB624372,DTT 34136,28/07/2012,950,uwagi
807,611857,Audi,453,IKCQTI65JIU765983,TFS 85382,29/07/2013,544,uwagi
808,110582,BMW,492,GJFOAT93ORA068340,CHQ 41891,06/01/2013,569,uwagi
809,351008,Toyota,374,YLKRJT20THS661684,HFO 11664,18/11/2014,902,uwagi
810,353052,Toyota,664,GGAZLC77UJL902334,XMQ 51044,09/09/2011,623,uwagi
811,161271,Fiat,860,JRILLB28NFW752247,WBW 95356,20/03/2014,114,uwagi
812,888137,Audi,378,KFVMLQ96NSF797487,HUH 63863,08/09/2010,216,uwagi
813,894583,Volkswagen,933,FCKWBA37GCT955773,AKS 90000,20/12/2012,147,uwagi
814,312911,Fiat,977,BNACWV39OIL102506,HZR 30633,05/07/2011,494,uwagi
815,746306,Audi,958,FIVART60FUC431051,TXF 42580,12/09/2012,748,uwagi
816,888659,BMW,504,IDECTF25HTV484653,WZP 38608,09/02/2012,307,uwagi
817,886818,BMW,228,SDZXKM21IRZ735014,ROI 36166,10/06/2011,240,uwagi
818,369712,Volkswagen,503,XHXKNB72BMN557022,KPW 52565,08/06/2011,286,uwagi
819,388889,Audi,22,JLNLDT46GAE903240,CAG 67880,13/02/2014,771,uwagi
820,860363,Volkswagen,433,JZPCMF34JIP750760,AGU 80850,17/08/2010,718,uwagi
821,705182,Volkswagen,299,AZTFIG56WJF918010,VZE 75133,27/01/2013,261,uwagi
822,824863,Fiat,748,RWBYMS78XSZ771851,AGQ 16935,12/03/2014,604,uwagi
823,876821,Volkswagen,489,DBYWWU75TNH838930,QOT 59218,03/08/2014,663,uwagi
824,579155,Fiat,816,YTRSNG40NIL338493,ENH 46112,25/12/2012,712,uwagi
825,753905,Fiat,410,LIYSVZ21KOM204629,YSO 18776,10/05/2010,773,uwagi
826,465574,Audi,402,QRFQXJ04VHM297184,RYF 47822,04/11/2012,246,uwagi
827,696537,Fiat,429,XDIGEU04HIK042411,RPY 58165,06/12/2012,483,uwagi
828,550741,Audi,221,BGKWIW16GFC462638,QVR 75220,29/06/2012,572,uwagi
829,343569,BMW,522,UFVQJL95NKF705563,GMV 46999,25/12/2013,161,uwagi
830,301145,Volkswagen,767,QWDCUS61XJG399724,OSC 46059,03/07/2014,420,uwagi
831,889452,BMW,81,KWWCMA08GKV110567,REL 77316,21/10/2014,904,uwagi
832,307973,Audi,912,VSKVSG01CGG189951,IGV 73566,31/07/2011,469,uwagi
833,732861,BMW,77,ZBUFEX34DMG037179,ALJ 50998,16/05/2014,672,uwagi
834,351988,Toyota,617,CKUZSE11KFO142147,NYU 48611,23/09/2010,860,uwagi
835,364787,Ferrari,915,CFQHJV65JWZ604353,DAE 71364,18/10/2013,152,uwagi
836,700583,Toyota,210,NTOJLD72DKI578898,CRZ 42440,19/12/2014,499,uwagi
837,799753,BMW,98,UFOYZV03DQD950867,VBZ 35074,07/06/2014,108,uwagi
838,171662,Volkswagen,179,KYDGAN36QJF628308,JKK 31832,19/12/2013,648,uwagi
839,575307,Fiat,555,NDPANG69LHD262106,NKT 37993,01/01/2012,239,uwagi
840,464557,Toyota,474,CAZIRX79BAR217860,PBW 50274,01/11/2010,266,uwagi
841,292743,BMW,296,HDZFYY29PMC337498,GNV 42364,13/03/2015,226,uwagi
842,396733,Volkswagen,322,AXGYDF56HWZ029954,TZS 06120,29/01/2015,933,uwagi
843,618825,Fiat,290,UXLZMC23CJO020400,ECT 33729,30/01/2014,981,uwagi
844,308606,Toyota,149,CHPEOY29MHF572693,JIS 16618,05/01/2012,136,uwagi
845,610795,BMW,197,WYTUES24YWG152585,HBE 91008,08/06/2011,241,uwagi
846,656154,Audi,398,SCPKKB32INU506037,FIX 23730,16/03/2015,515,uwagi
847,756162,Toyota,220,MMQOUW83RJK347060,ZWL 62410,07/01/2013,987,uwagi
848,532890,Audi,126,AYYXUG51QXP392490,XQI 37433,10/09/2012,650,uwagi
849,313417,Ferrari,576,ZZJGON84DGL374360,SBU 14076,08/02/2013,123,uwagi
850,716599,Ferrari,823,HIKVFW94IGF768738,NMI 62069,25/11/2014,417,uwagi
851,692186,Fiat,157,BJJXHV25AZE875720,CXG 15242,07/01/2014,177,uwagi
852,691180,BMW,638,QSYLYL49QJR119128,LJJ 78675,22/08/2012,761,uwagi
853,525062,Fiat,28,KBZWNX58PSA582336,RBM 38003,04/05/2013,915,uwagi
854,128553,Fiat,715,SSGPFD19ESV401062,NAA 50340,11/05/2011,171,uwagi
855,803540,Volkswagen,408,RCQVHO99JLZ546706,TPS 10729,29/11/2012,575,uwagi
856,115746,Volkswagen,599,RMWGMW59VDK584259,YTB 79929,17/12/2014,668,uwagi
857,281865,Ferrari,384,ZPWVFU63EED537534,QBM 63425,14/05/2010,964,uwagi
858,841613,Audi,885,RWBMNK67OGC284744,GBU 72362,12/04/2015,771,uwagi
859,682357,Toyota,614,MSDWJV45YRK348878,PLE 91368,08/08/2013,913,uwagi
860,284641,BMW,171,IQNEAC17MMF329193,JVL 75267,03/12/2010,899,uwagi
861,861506,Audi,354,XPKASC41HVM293532,ACS 37427,06/11/2013,708,uwagi
862,343840,Toyota,342,EYBHLG52SUG036337,ASM 49112,11/09/2013,666,uwagi
863,279082,Toyota,137,JWPPLV32CKQ770477,XFR 13976,15/11/2014,895,uwagi
864,226269,Volkswagen,619,NEBJMI49YEQ963655,JRZ 24515,28/05/2012,455,uwagi
865,379887,Fiat,102,ZFPISN28DFN480027,AND 66600,05/09/2013,990,uwagi
866,379700,BMW,428,QFDDMA26NTO588383,LLZ 14008,04/06/2011,956,uwagi
867,107174,Volkswagen,139,PUPPBH18VRP694949,YNJ 96296,19/09/2014,310,uwagi
868,827856,Ferrari,333,HWKOZF46VBR200195,OYF 78897,07/07/2010,453,uwagi
869,643121,BMW,808,AYUFIL03CIJ143702,ZUC 87824,27/09/2011,241,uwagi
870,336337,Toyota,599,ZBYLCI54RRX049247,KGN 24947,24/09/2010,444,uwagi
871,263151,Volkswagen,54,ZADHOO92LAR331073,PZW 53695,04/02/2014,158,uwagi
872,545259,BMW,176,UJSIIY73QDQ723183,ZKR 63269,03/02/2015,882,uwagi
873,722523,Ferrari,207,ZRNYLW55NIV846140,WBM 17495,17/05/2011,542,uwagi
874,508441,Fiat,485,CRXZGN55IJB054135,PMH 94849,15/10/2012,264,uwagi
875,282636,BMW,633,FWWTJM07NCG016571,WTQ 62684,17/07/2011,502,uwagi
876,592727,Volkswagen,349,YSSKUL98SXB348435,CAV 78214,25/01/2014,736,uwagi
877,844486,BMW,639,ACLMZI19JNJ207817,QWO 90069,22/09/2013,120,uwagi
878,401019,BMW,162,YWEGAB65LVP167825,LEP 48551,27/12/2013,480,uwagi
879,781161,Audi,70,ODCQTR06GFG905547,CZN 65603,28/03/2015,949,uwagi
880,117052,Fiat,40,TOVKPK68RQW213923,LYW 10200,24/08/2014,820,uwagi
881,456493,Audi,910,UPNFHI99FDC603953,WRJ 07482,28/12/2012,428,uwagi
882,354710,Volkswagen,120,ZKKIHI54LEM819196,MBK 99622,08/01/2011,270,uwagi
883,601063,Fiat,175,HZMQOW07JWW308059,LKW 06123,18/07/2014,919,uwagi
884,823892,Ferrari,569,TTDQUW96SIR531476,JVH 50549,01/02/2011,708,uwagi
885,274906,BMW,50,FHWBHN76FJY487025,HTP 81553,22/08/2010,167,uwagi
886,493987,Ferrari,461,PMTCGI36HSM076504,DXO 64979,05/05/2015,671,uwagi
887,831663,Volkswagen,777,HBAQKQ91CYW748257,UGG 79139,18/04/2013,370,uwagi
888,689613,Volkswagen,765,AVDRTG76COD977759,AGZ 16843,06/01/2014,195,uwagi
889,398293,Ferrari,384,ZUDGNV30ZJV713616,RIF 58562,27/08/2012,680,uwagi
890,710581,Ferrari,667,HRFCAH03CUM446019,HSU 83951,19/01/2013,769,uwagi
891,884315,Audi,95,WGDDIN21ZRP677504,JXU 34913,11/08/2011,942,uwagi
892,891878,Ferrari,417,AQTNXW55MEI273612,MMR 35035,07/09/2010,870,uwagi
893,847254,BMW,68,XIYUVO20WMT218463,DAY 13502,29/09/2014,333,uwagi
894,720907,Ferrari,880,SCSGJS18MIB386696,QCA 11248,14/05/2011,983,uwagi
895,759956,Ferrari,250,BSQTWN21OOA229980,YBC 24912,10/02/2014,493,uwagi
896,846713,Fiat,120,IOZVVE33EPQ055145,FQB 28367,19/10/2010,795,uwagi
897,430213,Toyota,788,GPPLZZ65QSC185701,UGA 19883,28/07/2013,976,uwagi
898,382373,BMW,714,XYRXOH52JRB930013,DIG 92595,16/06/2014,166,uwagi
899,230987,Audi,641,CEFJSL73MQT579982,DUM 66078,28/02/2014,753,uwagi
900,221053,Volkswagen,645,JOIVIS39MXS485693,ERB 14995,25/10/2013,528,uwagi
901,135723,Toyota,830,AWDSFC11UPY329745,UQZ 75516,08/09/2013,611,uwagi
902,774566,Toyota,771,VZZYEC77ABB975451,MGT 04352,06/06/2014,293,uwagi
903,750082,Audi,27,XREAKY04AYF547790,LXM 74793,01/08/2014,926,uwagi
904,826198,Fiat,335,OUSNUE57KCE170220,SAM 40839,01/01/2013,251,uwagi
905,280085,Ferrari,766,QROUFI23MKC563533,CUI 81203,16/02/2014,835,uwagi
906,597475,Ferrari,424,SDQAIY57BCJ366774,CRQ 37013,14/08/2010,434,uwagi
907,792337,Toyota,344,EFRDSL27UPM432949,PTR 59097,18/08/2012,209,uwagi
908,480536,Toyota,888,AZPLEK27WSD165023,SWF 78983,28/02/2014,976,uwagi
909,497963,Audi,307,MTMXZG77KXK996265,MJK 42747,17/06/2012,773,uwagi
910,687827,BMW,787,VATCUM46WLQ562016,NQX 20697,23/12/2014,691,uwagi
911,611284,Toyota,795,KYPWLG78XGO137883,TCK 31297,13/03/2015,143,uwagi
912,108561,Ferrari,826,XXHDQE08TFF400881,GDH 41041,01/05/2014,570,uwagi
913,236128,Audi,145,DWTHXQ01WNF930051,JAI 35486,27/06/2013,554,uwagi
914,673367,Audi,306,VUFMVJ33OGR532762,CBU 59406,21/01/2012,450,uwagi
915,446389,Toyota,693,PTNZCV53MDR793903,TPI 26950,21/06/2012,160,uwagi
916,139862,Audi,103,FBEBPN57EGR526992,GDX 27027,24/01/2014,124,uwagi
917,694944,BMW,869,LZMYNF17WQY558770,SAU 72570,16/09/2011,753,uwagi
918,494565,Audi,421,EIYKMR21QVR564534,JBT 98763,10/09/2011,654,uwagi
919,614658,BMW,372,CXVUEY49PYP049489,GVU 95161,06/10/2013,886,uwagi
920,857010,BMW,377,JXOIIO92DZT046064,WRY 93082,17/08/2012,336,uwagi
921,819971,Ferrari,966,QNHFLO34HKW945332,HIO 31860,26/05/2010,569,uwagi
922,461992,Ferrari,170,JLPXUA22XDR449773,GDM 07552,23/01/2014,693,uwagi
923,264823,Toyota,921,RASRFX53PAV575807,JCN 96758,13/12/2010,680,uwagi
924,351848,Toyota,432,ZBQXQZ46VBL394135,QGF 48001,02/09/2012,482,uwagi
925,701750,BMW,190,ROVRBN41YWC394967,CBO 10768,28/12/2010,352,uwagi
926,337456,BMW,542,ZPPNBS49VWY275986,NBS 26559,23/01/2011,575,uwagi
927,739040,Fiat,347,BFKURI65HXI881442,EQX 71829,24/10/2011,803,uwagi
928,843345,Volkswagen,830,LCNUTB06JXN539755,RFS 54633,05/06/2014,414,uwagi
929,556283,Volkswagen,997,JQTKSJ76XIZ814377,CIE 76502,20/08/2012,624,uwagi
930,486034,Toyota,969,WERFYH12HYK731445,REE 22487,15/06/2014,589,uwagi
931,294363,BMW,202,STEAWL28VBD055526,SLY 12665,16/12/2013,761,uwagi
932,380634,Ferrari,599,XMLIUG18KEJ966640,OOI 22896,24/11/2011,438,uwagi
933,684653,Ferrari,679,NILUMH16RCI277322,QNO 44182,27/12/2014,669,uwagi
934,880317,Ferrari,308,NAUVEK42STZ402777,IFG 40410,27/08/2014,897,uwagi
935,746344,Audi,44,DIFNVN25NSQ743575,VHQ 33611,06/04/2011,740,uwagi
936,228987,Volkswagen,2,MRVAYK56AHD389962,PZP 21793,23/05/2014,995,uwagi
937,131843,BMW,890,VTVFHN25QQL551711,JMH 14615,30/03/2015,702,uwagi
938,422160,Volkswagen,907,LTEYZT56EEG394439,TMK 36900,06/03/2014,664,uwagi
939,695415,BMW,13,HQAAFQ23WNI396261,QBU 51818,07/06/2014,129,uwagi
940,414160,Ferrari,688,DLXUQH61PZB227488,GJX 15719,06/08/2011,925,uwagi
941,316759,Ferrari,100,PASWRW46XTX627441,KPR 17600,12/10/2013,645,uwagi
942,219499,Fiat,368,NTBJFT29QYE346582,FZA 80042,18/08/2013,727,uwagi
943,659406,Fiat,307,AINTQM35RTZ327647,PHV 66033,15/05/2013,677,uwagi
944,740345,Toyota,127,UITGSI94IGT182845,SCG 74642,28/09/2014,649,uwagi
945,110567,Audi,930,WYQFWC51WQZ154625,XAY 54114,16/02/2012,249,uwagi
946,129914,Toyota,649,QJNSXP55OSB032522,MUT 69189,24/12/2012,319,uwagi
947,189461,Fiat,671,VOOLDC08EBF454702,LSE 65186,03/04/2014,874,uwagi
948,191913,BMW,527,EMRHNN45SWD152409,PSM 75166,10/09/2011,144,uwagi
949,757334,BMW,366,WDXJOM04PGA860727,FZJ 36034,13/06/2011,737,uwagi
950,136475,Fiat,3,OCOAEA64BMB123943,HUX 31302,27/12/2014,703,uwagi
951,842554,Audi,778,RYYSPJ70LWH777005,ZKS 34903,05/02/2014,153,uwagi
952,377047,Toyota,199,UOUEHV61CJZ840334,CSX 07200,21/12/2014,407,uwagi
953,316368,Audi,683,IDZDTE21DCN149656,OPJ 87429,24/04/2013,798,uwagi
954,401678,Volkswagen,451,UTEYAH01VGQ791348,TJN 15499,25/03/2013,639,uwagi
955,309026,Toyota,646,YCRFEV04LTI618482,YBU 40702,31/03/2012,130,uwagi
956,430558,Volkswagen,662,MXVHYG67OIW477667,KCU 11015,22/02/2014,264,uwagi
957,870317,Ferrari,577,PSNVKG47CVM841582,IAJ 31951,01/09/2010,124,uwagi
958,523041,BMW,676,XFCEQV24HBW467697,AIX 98094,20/04/2011,907,uwagi
959,723667,Toyota,393,DJAYQL26IQH022735,RHL 72860,26/10/2013,325,uwagi
960,855324,BMW,535,QKEBPV32DLO318981,KQK 22452,14/03/2015,710,uwagi
961,774642,Fiat,672,BZHXJN07BKZ938074,NBS 96964,06/09/2013,377,uwagi
962,854006,BMW,822,REEFFZ26YFZ727288,YUL 84913,13/09/2012,685,uwagi
963,420623,Audi,866,GYCFFS14SYS415303,UZU 61135,15/07/2013,492,uwagi
964,426925,Toyota,110,EZIXDT60MCF043322,EXL 32076,25/11/2011,325,uwagi
965,334379,Audi,17,GLDABF51KNO787006,LKX 42574,15/01/2011,449,uwagi
966,153409,Fiat,71,SPDXCH36VBN505259,EYE 76617,15/04/2015,306,uwagi
967,448875,Volkswagen,590,OKRVSH67UGV343362,OKY 25649,04/03/2015,140,uwagi
968,295896,Audi,136,FVWNMQ37LRF708052,AUU 72774,30/05/2011,712,uwagi
969,283994,BMW,97,FYPWGI39OCY415713,MXO 26088,24/10/2013,351,uwagi
970,188348,Toyota,497,VSTDAR71PDG184433,ZNZ 04825,02/05/2011,101,uwagi
971,854334,BMW,541,IFOZXR50YSX312707,SCE 54653,11/01/2013,788,uwagi
972,749089,Fiat,73,HQZZFB99YIB101872,BIR 79057,25/03/2012,277,uwagi
973,776385,Volkswagen,139,QDJRBH63JTK561774,LMJ 49068,12/03/2012,697,uwagi
974,573501,Fiat,925,VQZDGJ40UAR973328,TTV 84650,24/04/2013,978,uwagi
975,762935,Ferrari,411,SKQBWR88ITR719596,KUC 02101,14/06/2013,928,uwagi
976,486747,Ferrari,134,ZLAQHX90ORF521169,HUF 38333,12/02/2013,303,uwagi
977,867991,Toyota,745,FDACCB67HEB437365,NAI 83602,23/06/2013,724,uwagi
978,583626,BMW,238,JEILVC79EDI949499,UUI 48614,29/07/2010,309,uwagi
979,897844,Volkswagen,226,DKBGDB42KIR376354,RZH 21751,08/06/2010,401,uwagi
980,194429,BMW,497,LNQNYW92OGB166626,XPS 61802,05/07/2014,998,uwagi
981,222016,Fiat,976,LJYHGF85HBD864450,FGD 02304,09/08/2010,710,uwagi
982,442694,Fiat,630,TGWYCK21ODU963986,CWW 48213,29/09/2011,215,uwagi
983,610699,Volkswagen,807,CQXNWB09WAP294812,TOE 07413,09/03/2013,169,uwagi
984,179691,Toyota,443,QXIRZI59YTZ360636,UKJ 25736,01/08/2010,689,uwagi
985,632578,Toyota,985,FSYNGY40XUQ940623,ANY 78545,07/08/2012,131,uwagi
986,732196,BMW,513,OQTMCT48JKI305700,TVZ 32530,09/09/2014,235,uwagi
987,324141,Volkswagen,43,BVDVFA26IPQ837915,XLT 48750,03/12/2011,604,uwagi
988,381000,Fiat,493,RUSRAI06ZWZ681275,YEJ 67421,01/02/2011,965,uwagi
989,211433,Ferrari,896,ZVXIVN27MZN612114,NVF 00392,31/10/2011,211,uwagi
990,467519,Volkswagen,457,CSHPAA19OSE883241,MKF 83498,03/05/2012,751,uwagi
991,379417,Ferrari,473,FRMFTM74QOI987031,GDN 60334,18/03/2013,814,uwagi
992,354201,Fiat,16,DCUPWG24OEG225447,YDU 25208,08/12/2011,458,uwagi
993,732748,Volkswagen,794,ZUQGAB72ICL859540,JUP 68496,06/01/2014,702,uwagi
994,140001,Volkswagen,25,UDBWYG10RBO660608,HQT 76446,22/07/2014,809,uwagi
995,351055,Audi,340,AQGGUH98WON925752,NHW 97570,27/09/2011,520,uwagi
996,652560,Toyota,66,VRWDQT91GYL879022,WFY 49986,12/08/2010,286,uwagi
997,345675,Toyota,406,ATATTF06QVK686878,VEU 70403,21/01/2014,571,uwagi
998,722805,Volkswagen,135,NLWTLO32YZD589460,FMD 64512,28/01/2015,645,uwagi
999,789657,Toyota,993,QKLFUS17WSQ712837,ZBF 42410,06/05/2013,211,uwagi
1000,270409,Fiat,241,CTAUXU66KMT631431,RVK 19521,21/06/2013,242,uwagi
