id_dokumentu,rodzaj_dokumentu,numer_dokumentu,data_wydania,termin_waznosci
1,dowod osobisty,RQH 361923,21/06/17,12/11/22
2,dowod osobisty,KHZ 082298,17/09/18,06/02/22
3,dowod osobisty,MMF 788980,24/03/18,11/11/20
4,paszport,LCC 981839,21/01/19,07/10/20
5,dowod osobisty,VJG 731060,08/04/18,29/05/21
6,dowod osobisty,GOI 421329,25/10/19,13/01/23
7,paszport,MLL 532625,14/07/17,01/02/23
8,dowod osobisty,EKZ 413510,06/03/18,22/09/20
9,dowod osobisty,AIE 374506,11/05/17,20/05/22
10,dowod osobisty,KDZ 863135,03/03/20,29/09/20
11,dowod osobisty,YTC 912374,05/08/19,27/02/23
12,paszport,INR 484935,28/09/17,20/08/20
13,dowod osobisty,XZS 883297,03/02/20,01/06/22
14,dowod osobisty,RRO 757094,26/08/17,30/09/22
15,dowod osobisty,GTB 929312,29/11/18,27/04/23
16,dowod osobisty,UEX 407826,27/03/19,07/07/21
17,dowod osobisty,BIG 618317,14/04/19,27/05/21
18,dowod osobisty,TAO 797639,07/07/18,30/08/21
19,dowod osobisty,HTD 121914,25/05/18,14/01/21
20,dowod osobisty,SMY 900842,15/07/19,23/02/21
21,dowod osobisty,FAQ 775549,20/03/20,06/07/21
22,dowod osobisty,MFH 545736,17/07/18,26/06/20
23,paszport,YJR 937912,09/04/19,22/02/23
24,paszport,TLG 310975,05/05/20,01/11/21
25,dowod osobisty,HAB 564138,23/10/17,18/07/21
26,dowod osobisty,OTD 164965,22/06/19,26/01/21
27,paszport,XIP 167265,16/01/19,16/08/20
28,dowod osobisty,MUT 533047,19/12/18,13/03/21
29,dowod osobisty,GGO 342848,11/10/18,28/06/20
30,paszport,OUS 193910,13/09/19,05/02/23
31,paszport,YMG 606,08/04/19,18/06/20
32,dowod osobisty,WJA 474658,05/03/20,05/12/22
33,dowod osobisty,ZLK 663055,11/10/18,13/06/22
34,paszport,ZMP 216826,16/11/17,01/06/21
35,dowod osobisty,ZOJ 991466,18/07/19,26/10/20
36,paszport,GRU 634049,08/11/17,03/07/20
37,dowod osobisty,OYA 111703,14/12/19,27/09/20
38,paszport,AJZ 339486,08/01/18,16/09/22
39,paszport,EXW 952356,24/04/20,16/02/21
40,paszport,CFH 134214,28/04/19,25/08/21
41,dowod osobisty,OMB 584432,07/11/17,09/05/22
42,paszport,MJB 336571,13/05/18,29/12/22
43,paszport,BGM 338769,03/08/17,25/11/21
44,paszport,JMT 405848,10/10/17,27/02/21
45,paszport,PKK 677234,22/07/19,16/12/21
46,paszport,POR 090877,16/03/20,05/03/23
47,dowod osobisty,ZCI 743228,16/07/18,21/04/23
48,paszport,IKO 703436,05/02/19,09/10/22
49,dowod osobisty,SFN 324411,27/03/20,28/02/23
50,paszport,ADH 387610,22/07/17,23/04/22
51,dowod osobisty,IJY 910253,23/09/19,07/08/22
52,dowod osobisty,OAC 143585,11/01/20,01/08/20
53,dowod osobisty,BPV 396068,30/09/17,15/04/23
54,paszport,EEO 006032,30/03/20,13/11/20
55,paszport,FVL 398647,23/03/20,29/12/22
56,paszport,EVV 017724,15/08/18,17/08/20
57,dowod osobisty,KPS 967671,02/10/19,30/08/21
58,dowod osobisty,FIR 665530,24/02/19,27/08/22
59,paszport,OGD 322195,22/05/17,25/02/22
60,dowod osobisty,NYF 288046,21/07/18,30/09/21
61,paszport,JWM 050603,15/07/18,22/07/22
62,dowod osobisty,IYY 432751,24/01/19,18/08/21
63,paszport,DSF 390295,08/12/18,21/02/21
64,dowod osobisty,CYU 593653,07/03/20,29/09/22
65,paszport,HRA 213488,18/12/18,16/02/23
66,dowod osobisty,CAI 332461,04/12/19,08/12/22
67,dowod osobisty,OHY 388654,21/10/18,16/09/20
68,dowod osobisty,OTR 598946,01/02/19,13/03/21
69,dowod osobisty,AUV 302548,17/10/19,19/01/23
70,dowod osobisty,MKC 479334,24/06/19,31/08/20
71,dowod osobisty,KZO 055849,27/11/17,18/12/20
72,dowod osobisty,GYI 124389,11/03/19,28/03/22
73,paszport,RKP 783617,29/08/18,08/07/21
74,paszport,XDD 416901,23/04/20,11/08/21
75,dowod osobisty,QKV 941380,14/04/19,19/05/21
76,paszport,ARR 544915,19/11/17,04/11/20
77,dowod osobisty,GMU 399080,07/06/19,09/09/21
78,paszport,TRP 560798,15/04/20,20/09/20
79,dowod osobisty,GXK 948349,07/03/19,29/04/22
80,dowod osobisty,CGL 863862,20/07/17,31/10/22
81,dowod osobisty,WZN 451520,09/10/18,24/12/20
82,paszport,AJI 428262,18/01/20,14/05/22
83,paszport,PIN 011398,26/04/18,21/01/21
84,dowod osobisty,VRQ 312465,10/03/20,16/09/21
85,dowod osobisty,BNX 391128,13/12/19,10/08/21
86,paszport,NKS 048188,03/02/19,05/11/22
87,paszport,LSS 008244,04/02/18,01/03/22
88,dowod osobisty,ANI 983005,07/11/19,23/10/22
89,dowod osobisty,LCH 117035,12/02/20,20/02/22
90,dowod osobisty,JZR 007931,05/06/19,18/08/21
91,paszport,EFX 517828,25/03/20,13/11/22
92,paszport,DGM 446159,28/09/19,07/11/22
93,dowod osobisty,MJR 147830,03/04/18,26/06/20
94,paszport,SGG 574356,27/10/19,30/10/22
95,paszport,ZTL 418033,17/12/18,03/12/20
96,paszport,ZWK 608381,28/09/19,12/03/22
97,paszport,WXT 145580,05/12/17,04/02/22
98,paszport,ABX 450353,22/02/20,19/04/22
99,dowod osobisty,RJP 005944,31/01/19,03/04/23
100,paszport,XHZ 634183,22/05/17,19/11/20
101,paszport,BJI 978014,02/03/18,22/12/22
102,paszport,VCU 418002,03/01/18,20/04/22
103,paszport,EDS 171690,13/03/18,05/07/22
104,dowod osobisty,EBJ 491302,21/01/19,13/07/21
105,dowod osobisty,MCV 259150,20/01/19,24/01/23
106,paszport,AFL 742801,31/01/18,05/04/23
107,dowod osobisty,BIW 488519,02/04/20,24/03/21
108,dowod osobisty,WKY 664670,28/05/17,25/09/21
109,dowod osobisty,CBY 573764,30/11/17,13/11/22
110,dowod osobisty,LMF 390241,13/03/20,06/02/22
111,paszport,HAN 271749,08/04/19,14/03/21
112,dowod osobisty,DBV 065432,26/07/18,07/05/23
113,dowod osobisty,HQJ 492517,19/01/19,21/11/20
114,dowod osobisty,IBS 834008,15/01/19,09/04/21
115,dowod osobisty,UYB 606240,16/12/18,13/12/22
116,paszport,IIB 780932,11/06/19,02/08/21
117,dowod osobisty,AOU 730141,21/05/17,31/10/20
118,dowod osobisty,LXX 459174,31/12/19,18/02/23
119,paszport,ETM 243346,11/03/20,06/05/21
120,dowod osobisty,ERC 934059,18/08/19,06/01/23
121,paszport,MIC 486393,07/06/19,27/11/21
122,dowod osobisty,DPN 680914,27/09/19,24/12/21
123,dowod osobisty,RPG 756261,22/03/18,18/12/21
124,paszport,UQM 802442,13/08/18,05/09/22
125,dowod osobisty,EJL 792784,19/11/17,11/04/23
126,paszport,MCU 783309,24/04/19,09/07/20
127,dowod osobisty,GSE 752006,12/10/17,15/03/21
128,paszport,XVP 355624,08/02/19,14/06/21
129,paszport,LZE 270501,28/05/17,19/10/22
130,dowod osobisty,QIG 808008,14/11/17,09/07/22
131,dowod osobisty,IVO 911583,24/01/18,22/02/21
132,dowod osobisty,XVY 006067,29/08/18,23/11/21
133,paszport,EJN 415226,29/12/19,14/12/21
134,paszport,YZA 481540,05/05/20,26/02/22
135,dowod osobisty,KXV 398005,23/12/17,26/07/20
136,dowod osobisty,FSC 712344,09/01/20,17/06/20
137,dowod osobisty,QLX 698842,28/06/17,09/04/21
138,dowod osobisty,LQS 296196,16/08/18,05/05/22
139,dowod osobisty,TXK 865190,13/06/18,08/12/21
140,dowod osobisty,WRA 739514,01/06/18,22/11/22
141,dowod osobisty,ZXL 614334,12/03/18,05/01/22
142,paszport,ADY 495015,31/12/19,19/05/22
143,paszport,SJT 710672,24/10/18,25/06/22
144,paszport,PGA 091424,14/06/17,03/08/20
145,dowod osobisty,JNA 390801,04/09/19,06/06/21
146,paszport,CVU 859927,25/08/18,07/04/22
147,paszport,KIL 433586,12/02/18,27/06/22
148,paszport,RAP 635716,12/11/18,11/12/21
149,dowod osobisty,PRQ 352345,24/06/19,11/09/21
150,paszport,SYJ 137595,01/12/17,08/05/21
151,paszport,BFE 694266,13/07/18,08/06/22
152,dowod osobisty,LGN 060395,10/06/19,30/06/20
153,dowod osobisty,AHV 441191,27/04/20,20/01/23
154,dowod osobisty,CEX 288704,03/08/18,30/06/20
155,paszport,XXR 493532,01/02/18,06/01/23
156,paszport,FIK 078287,01/04/19,08/01/21
157,paszport,OWN 413384,27/05/17,30/10/20
158,dowod osobisty,GIR 976239,14/10/17,18/06/20
159,dowod osobisty,LFW 826644,18/07/19,07/02/23
160,paszport,UBG 353682,27/11/18,19/08/22
161,paszport,PML 242965,11/07/17,30/06/20
162,dowod osobisty,FAD 083648,24/04/18,10/10/20
163,paszport,WQF 097465,25/02/20,23/03/22
164,dowod osobisty,SED 145431,29/03/19,08/07/22
165,dowod osobisty,HJZ 448712,16/12/18,24/04/23
166,dowod osobisty,HDF 421268,12/08/18,13/09/22
167,dowod osobisty,HNA 364918,17/08/19,15/09/20
168,paszport,CDM 059830,15/12/18,22/01/21
169,paszport,XIH 184301,30/05/19,27/01/22
170,paszport,XKR 983474,03/04/20,08/12/21
171,paszport,VOK 369242,05/02/18,12/12/22
172,paszport,RER 935465,28/08/17,10/04/21
173,dowod osobisty,UNZ 448885,12/09/17,23/06/22
174,paszport,EJV 564599,01/03/19,01/09/20
175,dowod osobisty,HPZ 953499,11/04/20,31/07/20
176,paszport,OUO 520309,04/01/20,16/04/21
177,dowod osobisty,ICG 169519,28/12/19,01/10/21
178,paszport,YEB 815165,01/07/18,01/02/21
179,paszport,RCY 261292,04/02/19,11/07/21
180,paszport,VOH 069020,27/03/18,04/08/22
181,dowod osobisty,SAC 792318,27/09/18,30/07/21
182,dowod osobisty,HNB 276406,30/11/18,01/02/21
183,dowod osobisty,FME 458450,18/02/20,20/11/22
184,dowod osobisty,LUN 554795,03/07/19,06/03/21
185,dowod osobisty,YWE 909649,18/05/18,18/12/22
186,paszport,DET 263108,30/06/17,26/01/21
187,paszport,PIZ 185565,12/04/18,24/03/21
188,paszport,IMA 441416,24/03/19,01/03/23
189,paszport,KSN 191412,03/10/17,19/10/22
190,paszport,HVR 295852,20/08/18,08/11/20
191,paszport,QOY 604745,02/06/18,18/03/23
192,paszport,VYC 310561,19/01/20,20/09/21
193,dowod osobisty,ZMO 674169,21/03/18,08/12/20
194,paszport,CQY 029404,02/12/19,16/03/23
195,paszport,KGY 450506,21/08/17,17/09/21
196,dowod osobisty,VQG 320846,23/12/18,09/05/21
197,dowod osobisty,WTN 788728,19/12/19,13/07/20
198,paszport,HGL 270331,11/02/20,09/11/20
199,paszport,CYR 339324,12/09/19,28/03/21
200,dowod osobisty,CGT 505488,23/01/19,09/06/22
201,paszport,AEN 442576,02/10/19,30/08/20
202,dowod osobisty,TRP 409331,09/04/18,21/07/20
203,dowod osobisty,IFA 080629,05/09/18,10/10/22
204,dowod osobisty,MYR 040398,26/12/19,10/04/21
205,dowod osobisty,QOP 295129,18/05/17,23/10/22
206,paszport,BGN 033195,05/05/19,10/07/21
207,paszport,NBA 104234,16/04/18,16/08/20
208,paszport,HBQ 825448,07/08/17,06/01/23
209,paszport,RXQ 299519,11/06/18,16/11/20
210,paszport,FME 262796,12/09/18,12/05/21
211,paszport,AXF 674228,18/05/19,23/06/20
212,paszport,QOZ 279221,16/04/19,25/03/22
213,paszport,KIQ 552822,07/05/18,26/08/22
214,paszport,LGJ 681003,05/06/19,27/10/20
215,dowod osobisty,EAN 122155,03/08/18,29/10/21
216,paszport,RZO 351634,04/01/18,01/12/21
217,dowod osobisty,VWC 149350,21/07/17,02/07/22
218,dowod osobisty,NFT 030245,27/02/19,11/04/21
219,dowod osobisty,RFV 253317,14/10/19,23/07/22
220,dowod osobisty,AOQ 071006,25/03/19,08/02/22
221,paszport,TFI 426551,28/05/19,14/10/22
222,paszport,JUG 208539,30/04/20,07/06/21
223,paszport,DZV 705816,12/01/20,27/12/22
224,dowod osobisty,HJT 689335,21/05/17,27/03/22
225,paszport,JXG 612466,22/06/17,09/04/22
226,paszport,ZTK 844336,24/06/19,24/10/21
227,dowod osobisty,XWJ 641675,13/10/17,09/07/21
228,paszport,GXC 452798,25/08/17,26/11/22
229,paszport,KWC 765209,06/10/19,27/11/20
230,dowod osobisty,BVS 342519,19/07/19,15/07/21
231,paszport,IFA 375645,08/03/19,11/09/22
232,paszport,UYI 879490,18/02/19,13/06/22
233,paszport,VBF 546708,23/06/18,18/02/23
234,dowod osobisty,EDZ 156711,06/04/19,20/11/21
235,paszport,PWG 970929,15/08/19,15/03/21
236,dowod osobisty,PUA 735405,07/12/17,07/10/22
237,paszport,VTL 899461,17/09/17,01/07/20
238,dowod osobisty,ZSL 262254,22/09/18,23/07/21
239,paszport,NZB 573024,01/11/17,19/10/21
240,dowod osobisty,PIJ 012959,20/07/18,30/06/20
241,paszport,EYU 624840,15/11/19,01/03/22
242,paszport,SOF 710112,19/06/18,22/07/20
243,dowod osobisty,VWY 180486,29/07/18,23/08/20
244,paszport,YUK 745120,05/09/18,06/12/22
245,paszport,MTT 658760,04/01/20,17/01/22
246,dowod osobisty,HXV 207255,10/12/18,12/07/22
247,dowod osobisty,ZNS 321943,29/10/19,30/12/20
248,paszport,RWU 452329,04/07/19,13/11/20
249,paszport,FFH 043769,15/05/18,21/03/23
250,paszport,PXX 221426,22/11/19,27/03/22
251,dowod osobisty,GIQ 071304,13/07/17,09/02/21
252,paszport,MRM 779155,10/11/19,06/12/22
253,paszport,WEY 742994,14/01/18,18/04/22
254,dowod osobisty,SSW 376517,29/06/18,26/01/22
255,dowod osobisty,KFQ 893818,06/10/18,09/12/22
256,paszport,FSP 140339,13/01/20,05/11/22
257,dowod osobisty,YRP 803454,04/06/17,26/08/22
258,paszport,MWK 173455,03/06/17,10/07/21
259,paszport,YTA 585529,13/07/19,16/04/23
260,dowod osobisty,DWF 762017,11/06/18,20/01/23
261,dowod osobisty,HGJ 631086,13/11/19,17/08/21
262,dowod osobisty,DPJ 112675,07/05/20,23/11/22
263,dowod osobisty,HRK 530741,24/06/19,17/08/21
264,dowod osobisty,YMU 311429,03/03/19,06/05/21
265,paszport,WBS 228485,16/10/19,18/11/21
266,paszport,LWR 830914,04/03/19,10/12/21
267,paszport,RLO 477529,28/03/19,09/01/22
268,dowod osobisty,IWP 018866,16/11/18,22/06/22
269,paszport,QCI 397388,16/02/18,04/09/22
270,dowod osobisty,YNH 590252,03/10/17,10/08/21
271,paszport,APC 662448,07/07/19,14/10/21
272,paszport,YLF 271919,28/05/18,24/11/20
273,dowod osobisty,BYJ 342467,24/07/17,15/05/21
274,dowod osobisty,XVH 048283,03/05/18,04/08/22
275,paszport,YIM 162354,26/01/18,19/01/23
276,paszport,LNG 786033,23/06/18,02/10/20
277,dowod osobisty,AGR 221149,11/09/18,03/12/21
278,dowod osobisty,MXX 905241,18/07/19,05/05/22
279,dowod osobisty,TNG 931634,25/12/17,13/01/23
280,paszport,FLG 974099,14/07/19,15/06/22
281,dowod osobisty,MLW 449963,23/01/20,30/11/21
282,paszport,KCO 608772,24/11/17,13/03/21
283,paszport,TLQ 933432,11/03/20,04/10/22
284,paszport,HUW 112109,02/08/19,08/06/21
285,paszport,CJP 696474,18/04/18,29/08/21
286,dowod osobisty,YEE 515968,29/07/19,18/03/22
287,paszport,CEZ 931242,30/08/19,30/03/22
288,paszport,YJP 505253,19/02/18,15/10/22
289,dowod osobisty,FHW 380877,18/05/19,18/05/22
290,dowod osobisty,ZVX 982007,15/09/18,27/07/20
291,paszport,IQS 926441,10/10/18,08/09/22
292,dowod osobisty,CKC 989067,29/12/18,28/05/22
293,dowod osobisty,LRN 363674,29/02/20,25/08/21
294,paszport,BSZ 761416,24/04/18,07/07/20
295,dowod osobisty,YSB 068965,26/01/18,25/06/20
296,dowod osobisty,KAK 930297,28/02/18,16/09/20
297,dowod osobisty,IVJ 259400,03/07/17,06/10/20
298,paszport,RAT 704601,15/03/19,20/11/21
299,paszport,SNF 146166,20/01/18,08/05/22
300,dowod osobisty,IXS 712663,09/12/18,04/04/23
301,dowod osobisty,RZT 477838,04/01/20,15/03/22
302,paszport,OON 769376,19/02/19,27/04/23
303,dowod osobisty,RAX 370637,13/11/17,18/10/21
304,dowod osobisty,DJY 886660,10/09/18,26/08/20
305,paszport,RPA 236174,29/06/19,17/04/22
306,dowod osobisty,SDW 655619,06/03/20,07/12/21
307,paszport,CBT 095652,06/04/20,30/07/22
308,dowod osobisty,BYI 016734,23/07/19,14/03/21
309,paszport,FDI 078649,30/10/17,04/09/21
310,dowod osobisty,UBP 505171,13/04/19,07/10/20
311,paszport,NFH 834508,03/09/18,08/12/20
312,dowod osobisty,HAC 608462,24/07/17,11/03/22
313,paszport,FBN 866374,25/06/17,10/09/22
314,dowod osobisty,CYT 470831,22/06/17,07/01/23
315,dowod osobisty,GKR 307244,18/10/17,06/03/23
316,paszport,YQO 441089,03/02/18,20/04/22
317,paszport,KAK 141224,09/02/19,04/05/22
318,paszport,YST 607332,20/11/19,16/02/21
319,dowod osobisty,UEK 368577,14/04/19,27/08/21
320,paszport,EDL 528741,10/10/17,25/01/23
321,paszport,VCY 570313,17/09/18,06/06/22
322,dowod osobisty,XEU 354201,24/09/17,18/01/21
323,dowod osobisty,MHB 983868,08/10/17,06/05/23
324,dowod osobisty,VRB 727769,12/02/20,28/08/22
325,paszport,FVH 017438,20/06/17,06/10/20
326,dowod osobisty,HIW 327603,23/09/17,02/03/22
327,dowod osobisty,AEE 094870,30/03/18,25/01/22
328,dowod osobisty,VGQ 127871,13/04/19,03/07/20
329,dowod osobisty,HLB 173944,12/12/18,14/09/20
330,paszport,ZLN 154531,23/03/20,25/12/21
331,dowod osobisty,EZW 801598,07/09/19,28/09/20
332,dowod osobisty,SEE 739134,08/08/19,20/06/21
333,dowod osobisty,QMZ 165528,16/03/20,26/07/21
334,dowod osobisty,WCR 787947,31/01/20,05/12/20
335,dowod osobisty,FLZ 423336,06/02/19,25/08/21
336,dowod osobisty,XHI 849492,21/12/17,17/06/21
337,paszport,RBJ 382177,18/11/18,22/07/22
338,dowod osobisty,NZG 434878,19/02/18,24/03/21
339,paszport,QST 961901,13/01/20,10/09/21
340,paszport,IVG 610927,23/05/18,06/11/21
341,dowod osobisty,CHR 370868,20/09/19,27/03/21
342,dowod osobisty,CMJ 849049,16/07/19,07/12/20
343,paszport,QHZ 891994,30/01/18,06/08/22
344,dowod osobisty,QNB 388374,26/12/19,09/04/23
345,paszport,INS 731646,18/05/17,28/07/22
346,dowod osobisty,PGY 519708,16/08/17,04/08/21
347,paszport,UMR 875612,11/01/19,18/08/20
348,paszport,IPQ 030294,05/07/17,22/07/22
349,dowod osobisty,QBC 562432,12/08/19,28/10/22
350,paszport,NCU 295766,15/02/18,23/12/21
351,paszport,SAR 309429,20/10/17,27/08/20
352,dowod osobisty,DQY 225479,31/03/19,04/04/22
353,dowod osobisty,BMW 877454,25/11/17,30/03/22
354,paszport,ODE 252295,15/09/17,30/11/21
355,paszport,WRW 780338,09/01/18,16/11/20
356,paszport,CWV 975710,14/12/19,25/04/23
357,paszport,GQI 488617,05/04/20,23/11/20
358,paszport,IQV 247280,30/05/17,24/11/20
359,paszport,EFY 016597,08/08/19,30/12/22
360,dowod osobisty,CBG 441212,16/08/17,21/07/21
361,paszport,IOS 171909,09/06/19,10/09/21
362,paszport,DDF 013773,31/03/18,07/04/23
363,dowod osobisty,IKP 580612,15/12/19,02/05/23
364,dowod osobisty,EOM 872062,07/09/18,28/04/21
365,paszport,RLD 853220,31/12/18,26/04/22
366,dowod osobisty,UJA 398469,09/01/19,25/04/22
367,dowod osobisty,OCG 099206,27/02/19,02/02/21
368,dowod osobisty,AIZ 124457,25/02/19,11/07/21
369,paszport,CMW 088924,19/09/18,02/08/22
370,dowod osobisty,YZZ 199129,15/09/17,24/01/21
371,dowod osobisty,UZD 713268,01/07/18,30/05/21
372,dowod osobisty,CZL 903795,04/01/19,17/08/20
373,paszport,WOE 871884,02/04/18,13/12/22
374,dowod osobisty,SFV 899225,25/03/20,12/01/23
375,paszport,ERB 661941,12/09/17,09/12/21
376,dowod osobisty,QAC 888077,21/07/18,07/08/20
377,paszport,OLR 326358,19/12/18,25/10/20
378,dowod osobisty,QBP 662866,11/09/17,22/08/20
379,dowod osobisty,EIZ 218026,12/03/20,23/10/20
380,dowod osobisty,QEF 354989,06/11/19,06/07/20
381,dowod osobisty,TPW 335512,12/05/17,20/11/22
382,paszport,CJP 167969,01/10/17,24/08/21
383,dowod osobisty,LQT 692191,15/02/18,26/11/21
384,paszport,TWS 620171,03/01/19,08/07/22
385,paszport,BHT 633430,18/01/18,04/03/23
386,paszport,YMC 610929,18/04/20,23/10/20
387,paszport,IRZ 021049,16/12/17,14/04/21
388,paszport,WAN 669912,21/11/17,30/04/21
389,paszport,PFN 686788,30/11/17,24/07/22
390,dowod osobisty,YEI 925030,18/12/18,15/05/21
391,paszport,OXC 057959,27/06/19,12/01/21
392,paszport,NOL 023691,18/09/19,31/08/21
393,dowod osobisty,ODS 809412,28/11/17,12/02/22
394,dowod osobisty,FUM 289085,31/01/19,12/04/21
395,paszport,BAO 507876,01/05/19,06/02/23
396,paszport,GGE 912863,28/05/19,11/02/23
397,paszport,EOX 687686,22/06/18,18/11/22
398,paszport,XSE 422209,11/10/19,05/03/22
399,dowod osobisty,CGE 213509,27/11/18,09/06/20
400,dowod osobisty,EDK 172841,10/06/19,23/07/22
401,dowod osobisty,OBF 754975,22/06/18,19/04/21
402,dowod osobisty,QQF 793144,19/07/17,22/07/21
403,paszport,HRE 779963,13/07/17,08/11/21
404,paszport,EWE 366854,24/08/19,21/09/20
405,paszport,OBZ 788192,22/06/17,13/11/22
406,dowod osobisty,ZPH 130027,07/08/17,14/05/22
407,paszport,KXH 538214,22/08/17,25/02/23
408,dowod osobisty,MBT 485305,28/08/17,02/06/22
409,dowod osobisty,QNF 965078,08/07/18,19/06/21
410,dowod osobisty,DFR 479301,06/05/18,23/01/22
411,dowod osobisty,TQW 406046,08/02/20,15/08/20
412,dowod osobisty,BIE 228835,19/05/19,08/01/23
413,dowod osobisty,BSV 716646,02/09/17,06/06/21
414,dowod osobisty,FLL 095709,21/09/18,29/12/21
415,paszport,QZT 820613,20/02/20,25/11/21
416,paszport,TLX 510284,29/10/17,12/09/22
417,dowod osobisty,QQI 062542,10/10/19,25/01/23
418,dowod osobisty,WXN 677639,25/03/20,13/08/22
419,paszport,ORM 426444,08/03/20,27/10/21
420,dowod osobisty,JCN 612976,19/05/19,10/11/20
421,paszport,GNB 717581,25/04/19,27/05/21
422,paszport,WRC 313958,23/01/18,23/06/22
423,paszport,LEN 987174,26/04/20,18/12/20
424,dowod osobisty,XSH 944792,18/01/18,17/04/21
425,dowod osobisty,LDM 546941,23/09/17,24/10/20
426,dowod osobisty,XPX 457174,19/01/19,04/12/21
427,dowod osobisty,MIH 727297,17/11/19,24/09/21
428,paszport,VDP 360955,26/02/19,11/11/21
429,paszport,IKS 182999,30/11/19,11/06/22
430,paszport,NLS 729549,15/04/20,09/08/20
431,paszport,XVJ 410506,10/05/19,14/02/22
432,paszport,EYL 812101,09/11/17,30/05/21
433,paszport,LSN 147191,09/04/19,25/03/23
434,paszport,FCX 550611,22/05/19,29/06/21
435,paszport,DHG 513824,06/03/18,13/06/20
436,dowod osobisty,IXR 801511,09/02/19,15/05/21
437,dowod osobisty,HJW 194255,01/09/19,06/11/20
438,paszport,WRQ 127500,07/07/18,22/07/21
439,dowod osobisty,AKX 629881,22/06/17,08/12/22
440,paszport,OKK 453889,15/11/18,30/08/20
441,paszport,EVB 892643,22/05/18,23/07/20
442,dowod osobisty,LIC 303281,09/06/17,08/04/22
443,paszport,XRU 313692,01/11/18,29/09/21
444,dowod osobisty,JKK 423787,04/06/19,03/12/22
445,paszport,OFJ 653982,01/09/17,12/01/23
446,paszport,FET 048318,27/08/17,03/05/21
447,dowod osobisty,TFZ 162531,19/01/18,05/11/20
448,paszport,KRM 730128,12/06/18,29/12/22
449,paszport,IBQ 001942,27/07/17,02/01/21
450,dowod osobisty,BAB 017260,10/07/18,23/01/22
451,paszport,ZMB 423446,20/04/19,28/10/21
452,paszport,WZJ 404508,06/01/18,05/04/22
453,dowod osobisty,WYX 900627,06/10/18,25/04/23
454,dowod osobisty,RSE 714168,25/03/18,17/05/21
455,dowod osobisty,ZRT 318778,28/08/19,26/08/20
456,dowod osobisty,QSQ 566529,17/05/19,22/02/22
457,paszport,XQB 032448,09/02/20,14/05/22
458,paszport,GWA 021809,30/07/17,22/05/22
459,dowod osobisty,SPJ 319961,28/06/18,09/07/21
460,dowod osobisty,ACM 018263,20/04/18,14/08/21
461,paszport,ZQB 062142,16/06/17,17/06/22
462,paszport,CZS 438425,15/07/19,13/03/21
463,dowod osobisty,DNS 658484,19/04/19,24/03/23
464,dowod osobisty,BMM 041365,08/04/18,11/08/20
465,dowod osobisty,UQQ 519351,08/06/19,16/06/21
466,dowod osobisty,EIK 899748,11/01/19,23/07/20
467,paszport,HWR 791838,11/09/18,03/01/21
468,paszport,ZQB 611557,17/02/18,13/06/20
469,dowod osobisty,KWB 779744,08/04/18,29/11/22
470,dowod osobisty,RSL 354537,16/05/19,01/08/22
471,paszport,USA 831087,29/05/17,11/02/22
472,dowod osobisty,PCQ 683668,26/07/17,30/08/21
473,paszport,FMU 683036,23/04/19,08/01/22
474,dowod osobisty,SMN 738836,10/07/18,27/11/22
475,dowod osobisty,CGS 795052,16/05/17,26/04/21
476,dowod osobisty,QLJ 412725,07/01/20,25/10/21
477,paszport,AHW 502385,23/05/19,22/10/21
478,paszport,MRI 132747,12/06/18,12/06/21
479,dowod osobisty,JKL 785957,21/09/19,08/09/20
480,dowod osobisty,YUV 738077,19/11/17,12/09/20
481,dowod osobisty,VFF 146310,24/05/18,06/04/22
482,paszport,ELO 513118,08/12/18,23/05/22
483,dowod osobisty,QVS 460268,26/08/17,02/06/22
484,paszport,EQF 476017,23/01/20,26/07/22
485,paszport,IYN 856267,11/05/19,17/12/20
486,paszport,PLX 395311,02/12/18,08/08/21
487,paszport,FIV 476077,26/03/18,04/01/23
488,dowod osobisty,WCT 393010,03/09/19,27/11/20
489,dowod osobisty,HPI 192724,26/02/18,09/01/22
490,dowod osobisty,MPF 309907,07/02/18,01/03/22
491,dowod osobisty,VPV 697909,31/12/17,11/02/21
492,dowod osobisty,XGN 244417,23/05/18,04/02/22
493,dowod osobisty,BFL 254254,16/02/20,29/01/21
494,dowod osobisty,GIN 095885,08/10/18,28/11/20
495,dowod osobisty,UMC 375717,10/07/19,08/05/22
496,paszport,AUR 402927,24/01/18,15/07/22
497,paszport,EAT 717205,22/01/20,11/01/23
498,dowod osobisty,WJI 960542,12/05/19,08/05/23
499,paszport,XGA 670862,29/05/18,03/08/21
500,dowod osobisty,CMQ 827547,21/07/18,11/12/22
501,paszport,HQN 552606,22/05/18,19/07/22
502,dowod osobisty,IPD 318405,30/07/18,26/04/21
503,dowod osobisty,QRE 253018,04/02/19,12/07/21
504,dowod osobisty,HCK 879030,16/12/19,02/12/20
505,dowod osobisty,FKH 374214,11/08/17,03/06/21
506,dowod osobisty,WDL 039441,22/05/18,19/07/20
507,paszport,EKK 520524,23/12/17,15/07/22
508,dowod osobisty,ZRZ 207728,22/01/20,25/07/20
509,paszport,ATJ 477421,22/08/18,22/01/22
510,dowod osobisty,MIY 881944,15/08/18,28/12/22
511,paszport,AKC 960643,27/01/20,31/07/21
512,dowod osobisty,SIH 070822,21/11/18,30/09/20
513,paszport,TUI 762866,19/07/19,10/03/21
514,paszport,BRT 164238,28/12/17,09/01/23
515,dowod osobisty,XPW 266258,08/04/20,15/09/20
516,dowod osobisty,NOJ 820016,04/11/17,01/01/21
517,dowod osobisty,MTK 290613,31/07/18,19/02/21
518,dowod osobisty,RHC 547172,24/08/19,28/05/21
519,dowod osobisty,JUN 768779,09/03/18,08/04/21
520,paszport,MLF 861922,15/07/18,15/01/21
521,paszport,VYP 940658,23/04/18,13/08/20
522,dowod osobisty,OFS 093870,29/04/19,06/11/21
523,dowod osobisty,EOI 349532,10/04/20,08/12/21
524,dowod osobisty,SBS 391367,30/03/20,23/11/22
525,paszport,PIM 334621,22/01/18,13/12/21
526,dowod osobisty,DIJ 468422,22/04/18,30/07/20
527,dowod osobisty,ZXS 627863,12/01/19,11/04/21
528,dowod osobisty,WZY 323796,22/08/19,21/01/21
529,dowod osobisty,TUF 129961,09/01/20,28/07/22
530,paszport,ICB 072768,03/11/18,12/06/22
531,paszport,HTC 203583,28/02/18,08/10/21
532,paszport,SDY 921818,22/02/18,01/07/20
533,dowod osobisty,IDB 318694,09/12/19,17/07/22
534,dowod osobisty,ATH 193451,19/08/18,30/07/22
535,dowod osobisty,SXZ 682874,07/12/18,25/02/22
536,dowod osobisty,RSV 709579,10/09/18,01/07/20
537,paszport,HYU 507952,30/05/18,09/04/22
538,paszport,JZB 369556,02/01/20,08/07/21
539,dowod osobisty,FHR 007055,08/09/17,21/04/23
540,dowod osobisty,QVW 448134,10/10/18,17/04/23
541,paszport,NTL 511466,10/10/17,05/07/22
542,paszport,QWJ 383199,09/12/17,05/10/20
543,dowod osobisty,VOM 698512,12/03/20,26/01/22
544,dowod osobisty,OTS 038174,31/08/19,10/12/21
545,dowod osobisty,WDR 245554,20/02/19,03/02/21
546,paszport,FHA 699551,28/06/17,09/12/21
547,dowod osobisty,MRP 279087,06/12/18,24/07/21
548,dowod osobisty,RPR 371937,08/12/19,22/09/20
549,paszport,WYR 866821,28/07/19,03/02/23
550,dowod osobisty,BQQ 683592,26/06/18,23/07/22
551,paszport,MXX 127310,06/01/18,14/06/20
552,paszport,NXZ 176768,25/05/17,13/11/22
553,dowod osobisty,QXP 254613,18/02/18,08/01/22
554,dowod osobisty,MWS 309031,14/02/20,31/12/21
555,paszport,IQB 388965,01/09/19,01/07/21
556,dowod osobisty,OER 142504,05/07/18,05/09/20
557,dowod osobisty,WXV 628531,07/11/18,19/06/22
558,dowod osobisty,NMJ 671477,05/09/18,26/06/20
559,paszport,NIE 145406,22/01/18,07/12/21
560,dowod osobisty,BNR 819673,27/01/18,12/12/20
561,dowod osobisty,KWH 740998,27/08/18,11/04/21
562,dowod osobisty,ZIB 145796,09/06/19,14/07/22
563,paszport,SQY 350317,02/09/18,17/05/22
564,dowod osobisty,AEP 290380,18/02/19,12/08/21
565,paszport,OBO 620199,07/06/17,18/10/22
566,dowod osobisty,KQK 308340,03/01/18,10/11/22
567,paszport,DCH 732870,04/07/17,04/02/23
568,dowod osobisty,ZQY 521531,12/02/18,30/11/22
569,dowod osobisty,DOE 581426,19/12/18,08/09/20
570,dowod osobisty,JSP 649827,03/10/17,16/06/21
571,dowod osobisty,DSP 028272,17/12/18,16/10/21
572,paszport,HKZ 498630,26/03/18,14/01/23
573,paszport,WLZ 414496,01/12/19,19/10/20
574,paszport,ZVW 590418,08/02/20,06/04/23
575,dowod osobisty,PEC 560424,09/12/19,25/09/22
576,paszport,OHY 570910,15/10/19,02/06/21
577,dowod osobisty,JZM 254296,30/12/18,31/03/23
578,paszport,RFJ 779812,03/03/19,09/01/22
579,paszport,RVN 532624,30/11/18,02/10/22
580,dowod osobisty,YVR 402832,30/12/18,19/09/22
581,paszport,MXR 864856,10/12/17,20/11/22
582,paszport,THX 282545,15/05/18,10/05/21
583,dowod osobisty,EMU 898071,29/08/18,30/10/22
584,paszport,GQE 948333,18/07/19,09/06/22
585,paszport,KDI 332597,30/05/18,16/04/22
586,paszport,XWP 765572,09/02/18,16/02/22
587,dowod osobisty,ZOH 147080,28/03/18,21/08/22
588,paszport,XMN 289438,30/07/17,27/01/21
589,paszport,MSA 047594,27/02/19,21/09/21
590,dowod osobisty,QLK 958767,09/10/19,22/08/22
591,dowod osobisty,ARI 591434,09/04/20,21/01/21
592,paszport,OZA 504264,26/12/18,02/06/21
593,dowod osobisty,MBE 807773,07/12/17,15/09/21
594,dowod osobisty,OKF 891945,26/10/17,08/07/21
595,paszport,TBM 765291,30/06/19,17/02/22
596,dowod osobisty,RQT 857535,04/05/20,09/09/20
597,dowod osobisty,VBJ 093197,02/01/18,21/04/23
598,dowod osobisty,LOU 934453,19/06/17,02/09/22
599,dowod osobisty,GAF 087730,19/03/18,05/04/21
600,paszport,IXJ 693912,19/04/19,12/12/21
601,dowod osobisty,VRI 666002,28/04/20,08/03/23
602,paszport,QNJ 851625,24/10/18,05/10/20
603,dowod osobisty,PWO 955256,06/07/19,08/08/22
604,dowod osobisty,HMF 617218,20/04/19,30/07/21
605,dowod osobisty,MLA 835098,17/08/19,11/08/22
606,dowod osobisty,OLM 130665,07/05/19,24/09/21
607,paszport,DWU 348170,28/03/20,07/12/22
608,dowod osobisty,HNL 337846,30/07/17,15/08/22
609,dowod osobisty,BFE 535591,29/09/19,16/11/22
610,paszport,HIZ 064982,06/08/17,15/03/21
611,paszport,VMN 279963,24/04/20,31/03/23
612,dowod osobisty,JKW 592052,13/05/18,24/08/22
613,paszport,QMP 652051,17/12/17,27/01/21
614,paszport,OYT 025011,11/05/17,14/09/21
615,paszport,VOT 607812,02/01/20,02/03/23
616,paszport,KXP 051357,30/10/17,29/04/23
617,paszport,WIK 646147,18/02/20,22/04/21
618,paszport,TQX 539211,21/01/20,03/04/23
619,paszport,HNJ 858084,28/09/19,08/10/22
620,dowod osobisty,HIC 795319,17/03/19,17/10/22
621,paszport,MSS 420342,14/08/18,24/08/22
622,dowod osobisty,YNB 345244,14/01/18,22/11/21
623,dowod osobisty,GTA 349971,15/02/19,19/08/21
624,dowod osobisty,WPN 507642,17/10/17,05/09/22
625,dowod osobisty,XEK 958572,11/05/18,04/04/22
626,paszport,KOU 492489,29/11/17,27/10/21
627,dowod osobisty,RWD 241905,07/08/17,26/06/20
628,paszport,YMK 349106,12/01/18,18/08/22
629,paszport,BAA 849088,04/10/19,09/12/20
630,paszport,KMX 563764,04/12/19,25/01/22
631,paszport,WKT 272192,10/05/19,13/08/21
632,dowod osobisty,KHU 412311,12/08/18,07/11/20
633,paszport,GNR 103479,02/05/18,04/02/21
634,dowod osobisty,BWI 800029,09/01/18,01/11/22
635,paszport,AKN 886028,03/08/17,02/02/22
636,paszport,KBS 018466,28/09/18,27/11/20
637,paszport,PRG 943955,16/05/17,23/09/21
638,dowod osobisty,TPJ 241943,01/11/17,12/12/20
639,dowod osobisty,RTT 389126,13/02/19,02/05/22
640,dowod osobisty,QGM 919214,26/01/20,02/08/21
641,dowod osobisty,CFM 448543,16/06/17,10/05/21
642,dowod osobisty,DAS 835857,07/10/18,21/01/22
643,paszport,JKS 838759,29/04/19,08/02/22
644,paszport,LBM 849703,09/10/19,22/12/20
645,paszport,AND 735221,05/02/18,17/05/21
646,dowod osobisty,SMJ 436212,01/05/20,13/03/23
647,paszport,JRH 857838,30/09/17,03/12/21
648,paszport,LVR 550073,11/09/19,16/09/22
649,paszport,TBR 149870,23/11/19,25/02/22
650,paszport,ALS 332015,25/02/19,08/03/21
651,dowod osobisty,HAS 952060,26/11/18,26/03/21
652,paszport,WTM 589467,07/07/19,28/07/21
653,dowod osobisty,STA 403714,07/07/19,12/08/21
654,paszport,ATI 779085,03/12/19,04/05/23
655,paszport,GLU 796643,29/08/19,11/04/22
656,paszport,ZBD 052323,29/05/17,18/07/21
657,dowod osobisty,OJO 813811,16/08/18,07/02/22
658,paszport,DJV 807572,20/08/19,11/12/20
659,dowod osobisty,EFY 324556,03/03/19,21/02/21
660,dowod osobisty,KFF 903284,29/07/19,30/04/22
661,paszport,HOT 148896,20/10/19,21/12/21
662,paszport,WUH 805260,17/04/20,21/02/23
663,dowod osobisty,MMD 642061,24/11/19,26/12/21
664,paszport,BKZ 854643,28/05/18,23/10/20
665,paszport,MGA 701227,31/08/19,07/03/21
666,paszport,FFW 393599,11/10/17,23/05/22
667,dowod osobisty,JBD 386750,12/04/19,29/10/20
668,paszport,TNI 733956,07/03/18,24/10/20
669,dowod osobisty,ZXW 827186,24/02/20,07/06/22
670,paszport,OBE 630305,13/02/18,10/03/22
671,paszport,EHX 501997,18/09/17,15/01/21
672,dowod osobisty,QTM 557275,29/11/19,21/04/22
673,dowod osobisty,VDA 083014,05/01/20,16/08/21
674,dowod osobisty,MQX 319509,01/02/20,09/05/22
675,paszport,RQD 117844,22/04/20,17/12/21
676,paszport,JHQ 324735,02/09/19,08/07/21
677,paszport,YCW 840800,10/06/17,17/07/22
678,dowod osobisty,KTM 586270,26/02/20,25/12/20
679,dowod osobisty,GKZ 872356,26/10/19,09/01/22
680,dowod osobisty,TOA 645625,02/11/19,25/09/22
681,dowod osobisty,CZL 553170,03/06/19,27/08/22
682,paszport,LIO 423658,03/08/19,16/01/21
683,paszport,MQV 422984,22/01/19,19/08/22
684,dowod osobisty,NPN 910228,09/03/20,29/04/21
685,paszport,LHR 968334,17/06/19,23/10/20
686,paszport,RWV 530738,22/03/19,03/01/23
687,paszport,XLV 439562,17/04/18,21/09/22
688,paszport,ZRP 663496,23/09/19,16/08/22
689,dowod osobisty,EIU 081055,16/11/17,16/01/22
690,dowod osobisty,WLJ 687634,15/07/17,05/07/20
691,dowod osobisty,TKO 302652,06/09/19,17/06/20
692,paszport,LKR 245341,11/09/19,19/02/22
693,dowod osobisty,KZH 761525,12/01/20,30/05/22
694,dowod osobisty,DII 663938,18/12/19,15/06/22
695,paszport,QIO 359884,27/08/17,16/04/22
696,dowod osobisty,TXX 065228,01/04/19,22/06/20
697,dowod osobisty,EYD 568851,16/01/20,23/06/22
698,dowod osobisty,STC 206285,14/12/19,26/04/21
699,dowod osobisty,VGQ 723255,01/03/18,14/06/21
700,paszport,JSA 526312,30/12/18,07/11/20
701,paszport,XYF 922651,07/11/19,06/01/22
702,paszport,HAK 976202,26/12/19,14/08/21
703,dowod osobisty,DPN 107848,20/11/17,23/12/21
704,paszport,WTB 173338,31/08/17,01/09/21
705,dowod osobisty,MDP 803534,17/02/20,31/05/22
706,dowod osobisty,CPJ 674368,30/03/18,13/05/22
707,paszport,SUY 786020,06/06/18,29/08/22
708,dowod osobisty,WNA 430893,23/12/17,29/04/21
709,paszport,SMW 006542,21/03/18,29/04/22
710,paszport,RAF 670283,01/11/17,11/07/20
711,paszport,UFV 861951,10/08/18,13/11/21
712,paszport,VWU 798343,16/03/20,03/03/21
713,dowod osobisty,YZQ 154283,20/07/17,26/08/20
714,dowod osobisty,ECV 994180,31/01/18,09/06/21
715,paszport,DWD 950795,22/07/18,02/04/23
716,paszport,ONC 167695,25/06/19,06/03/22
717,dowod osobisty,OSB 369888,28/08/19,09/12/21
718,dowod osobisty,EZT 383462,25/05/18,07/01/23
719,dowod osobisty,VTN 992651,06/09/19,05/10/22
720,paszport,NSY 506594,28/10/18,13/12/20
721,paszport,VQJ 592839,11/06/17,19/12/21
722,paszport,JTW 878133,26/05/19,25/07/21
723,paszport,OXZ 440109,02/07/18,03/08/22
724,dowod osobisty,KVG 741035,27/04/18,17/12/21
725,dowod osobisty,KXS 274187,26/06/19,12/09/21
726,dowod osobisty,EIK 178189,19/03/18,02/12/22
727,paszport,MIZ 704907,23/05/18,06/09/20
728,paszport,BDK 742150,25/10/17,24/03/22
729,dowod osobisty,BGH 430359,03/04/18,08/05/23
730,paszport,SLP 716117,18/07/19,21/08/20
731,dowod osobisty,QUA 054270,24/08/17,23/03/23
732,paszport,SBP 959085,15/01/20,21/10/21
733,paszport,EGM 796418,29/09/19,20/11/22
734,paszport,ALZ 045573,07/04/19,13/04/23
735,dowod osobisty,BAP 601600,22/02/20,17/02/21
736,paszport,DEL 694335,24/11/19,30/05/21
737,paszport,NOP 550008,06/08/19,22/01/21
738,paszport,PXK 154325,07/02/20,26/03/23
739,paszport,JQO 824258,08/01/19,30/10/22
740,dowod osobisty,SKI 289390,25/02/20,25/01/22
741,paszport,IQC 786118,10/06/18,19/07/21
742,dowod osobisty,NGG 005530,14/09/19,16/11/21
743,paszport,CTU 406346,07/08/18,17/07/20
744,paszport,QYA 768479,04/04/19,25/08/22
745,paszport,LMN 655218,08/06/17,22/08/20
746,paszport,NZB 241975,28/03/19,06/06/22
747,dowod osobisty,DEP 192930,04/02/20,14/09/20
748,dowod osobisty,PML 019631,01/05/18,06/08/20
749,dowod osobisty,QPN 699786,05/04/18,15/07/20
750,paszport,NVN 194397,06/03/19,22/09/20
751,paszport,YHW 330303,04/01/20,16/02/22
752,paszport,QAC 179058,10/02/18,19/06/20
753,dowod osobisty,WKQ 356785,12/06/19,27/07/20
754,paszport,GNU 181122,22/01/19,25/01/23
755,dowod osobisty,TXN 802817,11/01/19,22/08/22
756,dowod osobisty,XQC 506174,09/04/20,29/03/21
757,dowod osobisty,HTG 081293,03/03/20,19/06/22
758,dowod osobisty,MDK 094275,12/11/18,02/10/22
759,paszport,LMS 507115,09/03/20,11/07/22
760,dowod osobisty,XUK 182212,08/01/18,21/11/21
761,dowod osobisty,RTU 077504,27/09/18,14/08/21
762,paszport,DXQ 846568,09/03/20,08/05/21
763,paszport,ISX 787018,27/09/18,19/07/20
764,paszport,TNA 568218,14/11/18,17/07/21
765,dowod osobisty,HAP 980547,06/09/19,12/07/21
766,paszport,PBB 489280,12/03/18,12/01/21
767,paszport,DUQ 132954,13/10/19,11/10/20
768,dowod osobisty,FRX 857812,21/10/18,14/12/22
769,dowod osobisty,MWR 534453,15/08/17,18/03/23
770,paszport,RMH 365561,15/10/18,12/01/21
771,dowod osobisty,NJR 412103,24/04/18,19/05/21
772,paszport,RWH 346891,27/12/18,20/03/22
773,paszport,KWQ 612279,06/12/18,11/07/20
774,paszport,RLS 389509,11/09/19,20/06/21
775,dowod osobisty,MQV 792481,11/01/19,17/05/22
776,dowod osobisty,ZPM 626953,07/07/19,29/08/21
777,dowod osobisty,XBH 631591,25/10/18,02/10/21
778,dowod osobisty,YQE 741089,05/07/17,03/12/20
779,paszport,MYU 950545,03/12/18,24/08/20
780,dowod osobisty,IMA 613763,08/09/19,09/10/20
781,dowod osobisty,EIO 309418,20/03/20,03/01/23
782,paszport,JHK 129284,29/01/18,21/09/22
783,dowod osobisty,UUI 744111,30/08/17,04/08/22
784,dowod osobisty,BHW 569510,16/07/19,19/03/21
785,paszport,OLR 959987,19/12/17,11/03/22
786,paszport,QOE 935357,20/05/18,16/09/21
787,dowod osobisty,DTV 034995,18/04/18,27/12/21
788,paszport,HDN 901909,01/10/17,16/06/20
789,dowod osobisty,KOG 556182,14/09/18,24/06/21
790,dowod osobisty,KIQ 239639,26/08/19,18/11/20
791,paszport,KEI 914004,01/06/17,27/02/23
792,dowod osobisty,TVN 030659,08/08/18,24/03/22
793,dowod osobisty,KIE 055028,09/12/18,18/05/22
794,dowod osobisty,LHD 722123,29/09/18,12/09/21
795,dowod osobisty,ECK 708773,18/01/18,30/08/22
796,dowod osobisty,OTZ 775287,04/08/17,23/01/23
797,paszport,TDK 896108,10/04/19,19/06/22
798,dowod osobisty,SBP 177944,22/07/19,15/03/23
799,paszport,DZA 077606,09/06/18,14/01/21
800,paszport,DJM 523144,20/04/18,07/10/22
801,paszport,YEB 528222,02/07/19,13/07/21
802,dowod osobisty,MKR 444204,16/12/18,07/11/21
803,dowod osobisty,LPG 915339,19/04/20,10/09/21
804,dowod osobisty,JWZ 442264,26/12/18,15/08/22
805,dowod osobisty,JYY 044465,19/05/18,22/04/22
806,dowod osobisty,OZN 886319,05/01/18,19/11/22
807,paszport,ZID 975202,16/02/20,08/08/22
808,dowod osobisty,PQQ 570027,20/07/19,21/08/22
809,dowod osobisty,DHO 604246,24/03/20,30/03/21
810,paszport,RPP 853474,15/05/17,15/02/23
811,dowod osobisty,LAI 050152,11/12/18,10/05/21
812,dowod osobisty,DJE 692126,11/09/18,10/12/22
813,dowod osobisty,NJI 118556,22/07/18,20/02/22
814,dowod osobisty,GCZ 515631,13/12/19,01/04/23
815,dowod osobisty,FGF 391604,02/12/17,04/09/20
816,paszport,TAQ 018964,24/06/17,10/08/22
817,dowod osobisty,RRQ 628281,06/02/18,06/02/23
818,paszport,TIP 965125,21/09/18,03/11/20
819,dowod osobisty,OIQ 137034,24/10/17,13/04/22
820,paszport,WDC 483202,25/12/18,04/10/22
821,paszport,JAS 994416,05/07/17,12/09/20
822,paszport,TFI 347140,14/07/19,30/01/22
823,dowod osobisty,VXU 935366,11/07/17,30/04/23
824,dowod osobisty,BYP 785136,01/06/18,21/02/21
825,dowod osobisty,KKC 775499,29/08/18,26/11/22
826,paszport,PUJ 377903,26/12/18,14/12/20
827,dowod osobisty,PLN 124747,11/11/17,04/07/22
828,paszport,IEV 486935,23/05/19,16/11/20
829,dowod osobisty,VDQ 153943,09/04/19,20/08/20
830,paszport,BZT 510094,25/08/19,17/08/21
831,dowod osobisty,ITZ 118702,06/10/17,17/05/21
832,paszport,YAL 529914,09/11/19,06/02/22
833,paszport,LNH 114113,21/04/20,07/02/23
834,dowod osobisty,YSK 985766,01/02/19,26/12/20
835,dowod osobisty,YPZ 312303,18/02/19,10/10/22
836,dowod osobisty,JTI 694115,09/11/17,28/11/22
837,dowod osobisty,UNG 141727,19/03/18,05/08/20
838,paszport,FRB 102443,31/05/17,12/01/21
839,dowod osobisty,GSM 534045,26/02/19,09/02/23
840,dowod osobisty,ZHE 246328,26/03/18,28/08/21
841,paszport,RAT 728962,04/02/20,14/08/20
842,paszport,JMZ 803208,21/07/19,08/07/22
843,dowod osobisty,TVB 805537,03/01/19,19/10/21
844,paszport,LMJ 126912,10/04/18,19/11/20
845,paszport,LPR 447768,14/06/17,20/03/21
846,dowod osobisty,LOK 444098,10/02/20,30/09/22
847,dowod osobisty,IGI 745336,10/01/18,12/06/22
848,dowod osobisty,PDE 256032,09/10/19,12/05/21
849,dowod osobisty,WSL 218628,29/04/19,22/02/21
850,paszport,BFT 391925,07/11/17,07/07/20
851,dowod osobisty,UDT 943546,21/01/18,21/04/23
852,dowod osobisty,HMO 777649,02/06/18,20/12/21
853,paszport,YAR 635838,28/07/17,30/12/22
854,paszport,XQO 669914,15/05/17,10/12/22
855,dowod osobisty,BSC 548303,26/08/18,08/09/21
856,paszport,OHH 296889,08/10/17,14/01/23
857,dowod osobisty,FWI 759751,15/08/17,23/08/21
858,paszport,CEW 173003,01/03/18,02/09/20
859,paszport,IZQ 525204,04/06/19,27/11/21
860,paszport,UQC 036011,06/05/20,05/05/22
861,paszport,GGH 140440,01/02/19,15/08/21
862,dowod osobisty,VKU 490020,06/09/17,11/11/20
863,paszport,MWC 594295,25/07/17,10/07/21
864,paszport,CWS 491436,13/12/18,04/04/22
865,dowod osobisty,FMX 098091,28/11/17,21/04/21
866,paszport,LQZ 529949,05/10/18,17/09/21
867,dowod osobisty,XAL 644788,25/01/19,25/01/23
868,paszport,JAW 207107,01/01/20,09/04/21
869,paszport,EEY 161166,19/09/17,24/03/23
870,paszport,HOB 714193,27/07/19,22/05/21
871,dowod osobisty,IRZ 190911,11/02/18,10/03/22
872,dowod osobisty,LHX 346553,01/12/19,25/05/22
873,paszport,PPU 639049,16/08/17,21/04/23
874,paszport,LGC 440441,04/03/18,18/10/22
875,dowod osobisty,DQW 003658,25/12/17,03/09/20
876,dowod osobisty,UMP 609514,11/12/19,03/07/20
877,paszport,PWS 631785,24/11/17,11/06/21
878,dowod osobisty,KRN 275631,06/06/19,22/12/21
879,dowod osobisty,JXZ 950802,13/02/18,03/02/22
880,paszport,PVE 354422,08/07/19,07/09/21
881,paszport,DRS 694258,04/01/19,01/02/23
882,paszport,BEG 017198,10/08/17,19/04/21
883,paszport,GLG 477829,17/04/20,18/11/22
884,paszport,GDW 987303,15/06/18,30/03/23
885,paszport,IKJ 544364,28/10/19,11/08/22
886,paszport,ZSP 213905,21/05/19,24/12/22
887,dowod osobisty,FUC 079809,08/11/19,24/03/23
888,paszport,GGP 680016,21/06/19,04/07/20
889,dowod osobisty,HRG 883283,15/12/18,18/05/22
890,dowod osobisty,VPP 963844,01/03/19,07/11/20
891,dowod osobisty,QRA 238339,27/09/19,24/02/22
892,dowod osobisty,YGQ 115543,19/10/18,29/10/20
893,dowod osobisty,FGN 811105,13/08/18,13/11/22
894,dowod osobisty,VGG 845679,29/01/20,22/11/22
895,dowod osobisty,TWX 300954,15/09/17,05/05/22
896,paszport,NRN 047167,11/08/19,03/05/23
897,dowod osobisty,FOZ 444002,02/01/20,23/10/22
898,dowod osobisty,TBV 648734,05/10/18,30/09/22
899,paszport,RAX 103920,08/02/20,03/11/21
900,dowod osobisty,ZGG 966477,12/12/17,28/09/22
901,dowod osobisty,RMT 511485,02/07/19,12/02/21
902,dowod osobisty,BFX 939331,03/05/19,18/09/21
903,paszport,ZDP 213850,08/05/20,12/12/20
904,dowod osobisty,HRC 012250,01/10/18,24/09/20
905,dowod osobisty,MEZ 313346,09/03/18,25/09/20
906,dowod osobisty,VRQ 487772,04/08/17,20/12/22
907,dowod osobisty,IOK 455681,28/11/19,20/01/22
908,dowod osobisty,PQW 509934,27/05/18,22/05/22
909,dowod osobisty,WGH 461238,13/09/18,19/01/22
910,dowod osobisty,CEC 457025,19/03/18,12/08/21
911,paszport,XDV 768761,06/02/20,11/09/22
912,paszport,FAK 450674,15/10/18,05/09/21
913,paszport,INR 402104,11/06/19,30/06/20
914,dowod osobisty,HJU 114980,21/03/20,23/11/20
915,paszport,BID 486544,04/09/18,04/07/21
916,dowod osobisty,YTM 514825,14/12/19,26/12/22
917,paszport,YWR 797296,24/07/19,19/10/20
918,paszport,BSQ 214868,19/08/18,16/09/22
919,paszport,QUB 031524,10/08/17,17/09/22
920,paszport,NLA 129949,23/01/20,25/12/21
921,dowod osobisty,TAJ 325702,02/05/19,23/05/21
922,dowod osobisty,KWL 498650,03/11/19,24/11/22
923,paszport,RPP 677672,07/02/20,16/09/20
924,dowod osobisty,KYQ 738309,09/10/17,23/03/21
925,dowod osobisty,TIK 173949,23/08/17,10/03/22
926,paszport,OPQ 124991,07/05/18,25/06/21
927,paszport,PPB 233064,07/12/17,03/06/21
928,dowod osobisty,FFI 631935,03/02/18,11/02/22
929,dowod osobisty,LBL 017517,04/01/19,14/11/22
930,dowod osobisty,FHH 246652,03/01/18,17/08/20
931,paszport,NMI 816900,29/10/17,14/05/22
932,paszport,YMN 457108,04/01/18,24/06/21
933,dowod osobisty,TBD 036601,16/08/18,25/01/22
934,dowod osobisty,DRL 455146,10/11/19,26/04/22
935,paszport,XOQ 491112,25/08/19,09/05/22
936,dowod osobisty,ZAB 103764,09/09/19,24/09/21
937,dowod osobisty,QNP 091615,13/05/19,17/04/23
938,paszport,HMV 998119,14/09/17,29/07/21
939,paszport,CYK 104581,16/03/20,31/03/21
940,dowod osobisty,TTM 384445,19/01/20,24/11/20
941,paszport,SWN 584395,12/04/18,16/09/20
942,paszport,IRG 783131,15/03/19,04/05/21
943,paszport,IWB 719263,02/03/20,26/12/21
944,dowod osobisty,RCR 264794,24/04/18,23/09/22
945,paszport,GTZ 448761,31/03/20,15/02/23
946,dowod osobisty,YNU 039956,01/12/18,08/05/22
947,paszport,JIK 050529,20/05/18,02/07/20
948,dowod osobisty,NGS 572358,06/07/19,23/06/21
949,dowod osobisty,LVA 283178,16/10/19,15/09/22
950,dowod osobisty,BGD 436489,30/01/18,06/09/22
951,paszport,VLR 593729,10/10/18,10/02/21
952,dowod osobisty,VIL 852170,02/07/17,20/03/21
953,paszport,NBH 656394,17/07/19,22/06/20
954,paszport,KIR 086469,20/11/17,10/08/22
955,paszport,HTR 752079,19/03/19,30/08/21
956,paszport,ULC 006635,09/02/18,25/01/23
957,paszport,PYL 203949,01/11/18,26/07/20
958,dowod osobisty,VGP 591798,27/08/19,10/09/20
959,dowod osobisty,ARC 071735,26/10/19,09/10/21
960,paszport,OEF 042337,20/02/19,03/10/21
961,paszport,ENO 705975,18/06/18,30/03/22
962,dowod osobisty,KNL 461635,17/07/19,11/06/21
963,paszport,PDI 817041,28/03/20,10/02/22
964,dowod osobisty,UIH 303800,29/03/20,09/04/23
965,paszport,ULY 295458,29/09/17,22/06/22
966,paszport,TME 123837,07/10/17,04/11/21
967,paszport,COI 394684,25/06/17,27/07/22
968,dowod osobisty,FFF 141797,13/07/18,23/12/21
969,dowod osobisty,ZLB 153446,24/02/20,21/03/23
970,paszport,LTV 717185,07/10/18,20/02/22
971,dowod osobisty,OTU 792962,06/05/18,30/04/21
972,dowod osobisty,EEB 236570,13/06/17,31/07/20
973,paszport,ANY 820548,14/09/17,28/04/23
974,paszport,ALX 828114,30/10/19,26/12/21
975,paszport,SPN 788436,22/07/18,24/10/20
976,paszport,PQA 542607,19/07/19,21/07/20
977,paszport,EUX 061872,28/01/18,23/07/21
978,paszport,BYX 577311,16/08/19,19/03/22
979,paszport,RSR 621981,19/04/20,21/05/22
980,dowod osobisty,IJM 240327,20/03/19,12/12/21
981,dowod osobisty,PVN 432274,06/02/18,09/07/20
982,paszport,UDB 483571,25/08/18,30/09/22
983,dowod osobisty,MND 975018,12/03/20,11/05/21
984,dowod osobisty,SLQ 290417,26/09/18,08/08/20
985,dowod osobisty,LPC 408766,07/02/20,28/11/22
986,dowod osobisty,JDN 502014,01/09/19,26/11/21
987,dowod osobisty,YCJ 532583,13/12/18,07/05/21
988,paszport,UUZ 820706,12/12/17,23/02/21
989,paszport,BAO 556857,04/04/19,30/05/22
990,paszport,NSI 826184,28/11/17,30/03/23
991,paszport,HGG 215285,20/11/19,09/11/20
992,dowod osobisty,GQY 814400,12/08/19,07/09/20
993,paszport,GOY 642251,21/09/17,13/11/20
994,dowod osobisty,ALZ 260799,06/03/19,21/06/20
995,paszport,WFZ 801241,28/12/18,13/06/20
996,paszport,SLW 602928,10/12/19,19/12/21
997,paszport,AVM 001181,20/05/17,07/04/22
998,paszport,FAG 182307,03/04/19,15/02/23
999,paszport,KMX 219502,23/12/17,12/09/20
1000,dowod osobisty,BVM 708481,09/08/18,17/02/21
