id_klienta,imie,nazwisko,wiek,pesel,telefon,id_karta_platnicza,id_dokumentu,id_prawo_jazdy,id_adres
1,Elijah,Talley,19,93107780349,(+48)938254873,1,1,1,380
2,Erin,Long,51,54247147457,(+48)236360263,2,2,2,53
3,Sophia,Wagner,50,76849405829,(+48)643399112,3,3,3,365
4,Jorden,Vazquez,64,75184141836,(+48)776359324,4,4,4,350
5,Lacy,Good,54,65840728346,(+48)751934511,5,5,5,119
6,Jarrod,Peters,32,79645001596,(+48)578302087,6,6,6,94
7,Phoebe,Bonner,53,22756474349,(+48)940099757,7,7,7,281
8,Vance,Sanford,64,96514677852,(+48)590934828,8,8,8,450
9,Harper,Shaffer,68,13563443004,(+48)462258408,9,9,9,240
10,Ainsley,Collier,71,94788669926,(+48)261671028,10,10,10,191
11,Jane,Gilmore,30,93044133601,(+48)577460197,11,11,11,106
12,Leslie,Lara,38,67102521825,(+48)348619766,12,12,12,270
13,Brian,Haney,53,23349876697,(+48)949032667,13,13,13,261
14,Dora,Simon,47,04156518952,(+48)940510204,14,14,14,138
15,Audrey,Sharp,49,74227177593,(+48)254040334,15,15,15,221
16,Unity,Mason,46,25946803225,(+48)033892117,16,16,16,322
17,Daryl,Crane,57,65104756241,(+48)921254868,17,17,17,114
18,Isabella,Shaw,46,50222498009,(+48)574209392,18,18,18,292
19,Ebony,Rodriguez,22,14948784716,(+48)065966813,19,19,19,128
20,Gil,Horn,28,74337138522,(+48)401883589,20,20,20,60
21,Quynn,Marquez,61,57180508041,(+48)755617958,21,21,21,49
22,Ivor,Mullins,43,95312988607,(+48)657461637,22,22,22,56
23,Winifred,Thomas,70,84799339970,(+48)168028894,23,23,23,293
24,Jayme,Bowman,62,04513302882,(+48)826713730,24,24,24,310
25,Imogene,Gibbs,47,23987058400,(+48)841139312,25,25,25,496
26,Tara,Griffith,39,67421773072,(+48)878729714,26,26,26,458
27,Flavia,Rollins,70,69168404147,(+48)314722900,27,27,27,395
28,Reagan,Gamble,59,55148935842,(+48)792217958,28,28,28,241
29,Deborah,Cabrera,59,22709075580,(+48)373968138,29,29,29,189
30,Magee,Barr,23,65908080350,(+48)367815853,30,30,30,135
31,Joseph,Alexander,27,63090006607,(+48)415440476,31,31,31,122
32,Maisie,Spears,66,54279295695,(+48)696266908,32,32,32,257
33,Jerry,Farmer,52,90226101529,(+48)548008678,33,33,33,122
34,Yoshio,Holden,71,94749009031,(+48)741904858,34,34,34,397
35,Lenore,Wilkinson,54,26446836311,(+48)211115399,35,35,35,239
36,Shelly,Wolfe,70,75750713467,(+48)151782813,36,36,36,38
37,Germaine,Leach,52,64513500086,(+48)157404119,37,37,37,152
38,Wang,Rush,48,89893359801,(+48)151269875,38,38,38,291
39,Cora,Miller,75,48977725605,(+48)940930046,39,39,39,109
40,Melodie,Fisher,29,40702307294,(+48)966537032,40,40,40,40
41,Ferris,Lester,27,39866081151,(+48)492111518,41,41,41,112
42,Mira,Cooper,74,75188792778,(+48)386402642,42,42,42,438
43,Lucas,Guthrie,21,14841039657,(+48)526794633,43,43,43,176
44,Sean,Garrison,53,57833145639,(+48)843709451,44,44,44,85
45,Germaine,Clarke,54,05933298072,(+48)496069043,45,45,45,178
46,Dahlia,Hines,33,79483653147,(+48)576374624,46,46,46,144
47,Dorothy,Briggs,33,25668085033,(+48)398713460,47,47,47,87
48,Adria,Sheppard,56,60193216882,(+48)681195534,48,48,48,210
49,Audra,Mcneil,62,52872638748,(+48)079758017,49,49,49,98
50,Dieter,Mullen,60,79220896073,(+48)347212029,50,50,50,8
51,Zorita,Holcomb,66,05528296118,(+48)298805130,51,51,51,446
52,Kimberley,Conner,24,54054444096,(+48)816437267,52,52,52,47
53,Jennifer,Puckett,57,60756862367,(+48)802211993,53,53,53,289
54,Hashim,Pollard,37,63078744810,(+48)506743524,54,54,54,355
55,Kameko,Leon,69,44208935342,(+48)127608669,55,55,55,173
56,Florence,Goff,57,85150645066,(+48)960494716,56,56,56,252
57,Piper,Pugh,41,43376645250,(+48)314821527,57,57,57,258
58,Neville,Ramsey,73,48696330668,(+48)332868990,58,58,58,195
59,Sharon,Francis,48,35382087946,(+48)570547481,59,59,59,345
60,Oliver,Price,48,66505859387,(+48)696380938,60,60,60,16
61,Yael,Faulkner,62,31808655315,(+48)890739598,61,61,61,78
62,Ella,Pate,29,20930204495,(+48)251782272,62,62,62,198
63,Karly,Mays,39,05228941044,(+48)065504030,63,63,63,95
64,Beau,Warren,44,36672212734,(+48)639733249,64,64,64,366
65,Uta,Bernard,31,94214268936,(+48)158431894,65,65,65,402
66,Philip,Ryan,25,92061191512,(+48)049932647,66,66,66,217
67,Sheila,Cardenas,53,71058968175,(+48)294346650,67,67,67,290
68,Kaden,Gillespie,64,17556713829,(+48)716523152,68,68,68,284
69,Tallulah,Rodriquez,29,53218599355,(+48)927309381,69,69,69,461
70,Jackson,Holt,35,59518333755,(+48)504549031,70,70,70,405
71,Perry,Fitzgerald,64,01995321383,(+48)226591152,71,71,71,280
72,Austin,Oneill,48,10798978178,(+48)711940262,72,72,72,450
73,Donna,Craig,24,37398049119,(+48)917824706,73,73,73,423
74,Venus,Boone,67,17000314053,(+48)858879861,74,74,74,292
75,Keegan,Herring,22,24603795506,(+48)537933329,75,75,75,71
76,Belle,Morrison,25,93258650021,(+48)400051604,76,76,76,201
77,Anthony,Scott,59,30651260686,(+48)451564714,77,77,77,422
78,Bo,Yang,74,70411285340,(+48)476535181,78,78,78,176
79,Hoyt,Reeves,63,18299297338,(+48)466991049,79,79,79,376
80,Yeo,Forbes,37,11445227057,(+48)076700556,80,80,80,138
81,Kristen,Merrill,44,60330661816,(+48)339044842,81,81,81,239
82,Clio,Gardner,49,78204850884,(+48)851032676,82,82,82,313
83,Shana,Atkinson,24,64316664585,(+48)970059445,83,83,83,278
84,Kamal,Vance,64,26485491923,(+48)689048645,84,84,84,368
85,Jacob,Carroll,58,96241123861,(+48)300503862,85,85,85,394
86,Nigel,Morris,54,30105374908,(+48)011408538,86,86,86,330
87,Tana,Tate,74,75152815836,(+48)464865776,87,87,87,421
88,Brittany,Page,55,70539436951,(+48)133726362,88,88,88,426
89,Joseph,Taylor,39,15007764828,(+48)761456670,89,89,89,456
90,Ima,Gaines,49,89864706307,(+48)084466232,90,90,90,223
91,Rhona,Singleton,26,45139588564,(+48)934665373,91,91,91,401
92,Ciara,Webb,43,43691505128,(+48)176923327,92,92,92,427
93,Whitney,Hernandez,41,31713658027,(+48)188690508,93,93,93,100
94,Vincent,Chang,50,34213657828,(+48)194997715,94,94,94,289
95,Rebecca,Johns,57,25544707139,(+48)504287107,95,95,95,334
96,Alexa,Ramos,42,78936409954,(+48)325148098,96,96,96,277
97,Elliott,Puckett,37,47018855759,(+48)399395738,97,97,97,144
98,Jack,Dixon,26,52005740541,(+48)337902832,98,98,98,391
99,Noelle,Calhoun,36,44178394594,(+48)168113256,99,99,99,15
100,Idona,Page,35,20507632040,(+48)979338845,100,100,100,375
101,Leah,Price,25,82896519579,(+48)332647744,101,101,101,368
102,Rafael,Singleton,55,63138957136,(+48)888745779,102,102,102,16
103,Jayme,Grant,61,27295051475,(+48)270083771,103,103,103,300
104,Kelly,Mcmahon,28,24038400230,(+48)746984411,104,104,104,268
105,Cassandra,Alford,71,97152765178,(+48)929042116,105,105,105,381
106,Arthur,Huff,28,55207396011,(+48)388995897,106,106,106,376
107,Aimee,Cooley,75,13694009630,(+48)360071109,107,107,107,485
108,Alana,Taylor,49,88358559828,(+48)339293330,108,108,108,169
109,Harding,Reynolds,45,58458307132,(+48)998970804,109,109,109,429
110,Hall,Hamilton,30,67201946891,(+48)722436735,110,110,110,293
111,Eugenia,Fox,57,14007424144,(+48)349938100,111,111,111,194
112,Jesse,Holder,75,27570842252,(+48)995410955,112,112,112,468
113,Jin,Sears,65,68903305053,(+48)138453753,113,113,113,128
114,Ali,Le,34,90795671461,(+48)892407720,114,114,114,285
115,May,Moss,71,32262792861,(+48)328475665,115,115,115,427
116,Amal,Maxwell,52,88634328554,(+48)733010143,116,116,116,33
117,Troy,Bruce,52,57047605469,(+48)902757230,117,117,117,294
118,Genevieve,Cote,54,56955011825,(+48)595142132,118,118,118,170
119,Brian,Riley,25,30194359055,(+48)657730299,119,119,119,415
120,Brian,Gonzalez,22,27258061181,(+48)626532197,120,120,120,428
121,Marvin,Clements,67,91772185810,(+48)617836998,121,121,121,329
122,Kato,Crawford,68,61657837914,(+48)222713885,122,122,122,285
123,Merritt,Tucker,30,68023210485,(+48)268960383,123,123,123,331
124,Macaulay,Kelley,21,43609516329,(+48)750708325,124,124,124,112
125,Cain,Chambers,34,50616120480,(+48)332075951,125,125,125,6
126,Gage,Cochran,70,64485510672,(+48)285333477,126,126,126,373
127,Odette,Langley,37,60463650009,(+48)661728957,127,127,127,242
128,Steven,Blake,66,37505131188,(+48)553664520,128,128,128,338
129,Abdul,Dickerson,50,97346439180,(+48)604813678,129,129,129,37
130,Germane,Lawson,46,98458717442,(+48)085004074,130,130,130,252
131,Lillian,Montgomery,65,23737286032,(+48)803648857,131,131,131,234
132,Mannix,Sampson,72,75321004377,(+48)196799989,132,132,132,181
133,Jemima,Horton,31,30986773315,(+48)516953763,133,133,133,177
134,Isaiah,French,34,41276609798,(+48)375717369,134,134,134,488
135,Kylee,Lucas,38,32666991118,(+48)789758596,135,135,135,79
136,May,Randall,71,03899432698,(+48)398409387,136,136,136,142
137,Kennan,Franks,28,02828518908,(+48)841011950,137,137,137,383
138,Yuri,Casey,60,39564885068,(+48)810710695,138,138,138,391
139,Alisa,Orr,71,91071145191,(+48)689286077,139,139,139,48
140,Joshua,Travis,28,18788488586,(+48)791311479,140,140,140,241
141,Wyoming,Randall,24,04819720609,(+48)547406076,141,141,141,101
142,Benedict,Peterson,36,54204914405,(+48)488549503,142,142,142,149
143,Jonah,Gamble,71,51572207738,(+48)120670219,143,143,143,50
144,Moana,Hernandez,19,14349635792,(+48)913786609,144,144,144,330
145,Lucian,Orr,61,88695097521,(+48)485064366,145,145,145,348
146,Guinevere,Landry,40,95361039808,(+48)417160218,146,146,146,431
147,Carl,Lewis,38,41915555081,(+48)195186927,147,147,147,361
148,Fiona,Hartman,60,65647181283,(+48)738337457,148,148,148,17
149,Mark,Lawrence,55,67330706361,(+48)089107581,149,149,149,223
150,Christian,Jarvis,32,60976432275,(+48)256982080,150,150,150,17
151,Amos,Chandler,65,50902329326,(+48)079297812,151,151,151,239
152,Brittany,Barker,61,28829905095,(+48)238270878,152,152,152,399
153,Aubrey,Pollard,47,99740712694,(+48)595104628,153,153,153,268
154,Jordan,Mccoy,54,33414163037,(+48)109369829,154,154,154,213
155,Gray,Tran,71,01756320761,(+48)177580301,155,155,155,150
156,Ifeoma,Sargent,32,30174064240,(+48)972959066,156,156,156,395
157,Constance,Mccarthy,67,56980713820,(+48)327851849,157,157,157,68
158,Halee,Hobbs,21,40723308907,(+48)988260303,158,158,158,34
159,Rowan,Tillman,31,63187581653,(+48)994884672,159,159,159,227
160,Amena,Willis,49,39948864183,(+48)831007396,160,160,160,403
161,Sierra,Kirkland,33,42593547531,(+48)318836120,161,161,161,152
162,Echo,Avila,23,60748273522,(+48)877520762,162,162,162,275
163,Ignatius,Nash,29,59181298263,(+48)190443731,163,163,163,218
164,Simon,Hobbs,49,50814430348,(+48)577494803,164,164,164,440
165,Kaitlin,Sloan,31,21360715807,(+48)240285142,165,165,165,468
166,Wade,Cash,41,72767689826,(+48)897488103,166,166,166,86
167,Hadley,Conner,58,56946083269,(+48)928900590,167,167,167,165
168,Garrison,Spencer,26,49463638322,(+48)931367260,168,168,168,73
169,Kellie,Cohen,30,01234159095,(+48)369291585,169,169,169,339
170,Candice,Campbell,45,47562783807,(+48)212222868,170,170,170,377
171,Tallulah,Riddle,73,46407652318,(+48)686977608,171,171,171,482
172,Daquan,Cain,30,07086870421,(+48)287428387,172,172,172,480
173,Rama,Holloway,56,44546667475,(+48)153295324,173,173,173,65
174,Myles,Mcmillan,75,94792166511,(+48)287024540,174,174,174,450
175,Lucy,Wolfe,44,91818418988,(+48)194756984,175,175,175,348
176,Talon,Reyes,28,41137187368,(+48)210108918,176,176,176,213
177,Xena,Higgins,22,82551276490,(+48)208045966,177,177,177,455
178,Raya,Pollard,62,79518027373,(+48)401140171,178,178,178,481
179,Oprah,Maldonado,46,62150827789,(+48)681429769,179,179,179,447
180,Regina,Holt,72,91088635850,(+48)833612581,180,180,180,359
181,Denton,Gill,54,00598087196,(+48)059535628,181,181,181,499
182,Simon,Blankenship,32,49311772731,(+48)530259854,182,182,182,443
183,Chandler,Spencer,40,81289303245,(+48)412686849,183,183,183,415
184,Nichole,Key,62,60242180219,(+48)159574025,184,184,184,181
185,Timothy,Hooper,74,78955431556,(+48)865996802,185,185,185,397
186,Meredith,Young,30,72711108004,(+48)647803480,186,186,186,498
187,Nola,Trevino,58,50836854125,(+48)246156511,187,187,187,165
188,Xavier,Campbell,55,49646511505,(+48)280603128,188,188,188,409
189,Jack,Gilmore,46,05634709663,(+48)324574093,189,189,189,58
190,Maggy,Gonzales,44,86260511074,(+48)544411853,190,190,190,133
191,Ariana,Bray,59,10027365091,(+48)152269724,191,191,191,121
192,Murphy,Mcfadden,40,51771843855,(+48)692191207,192,192,192,262
193,Gannon,Garcia,47,05932577644,(+48)729114673,193,193,193,448
194,Stuart,Glenn,23,14767118601,(+48)868523005,194,194,194,5
195,Cadman,Powell,47,74863275651,(+48)463224410,195,195,195,168
196,McKenzie,Foreman,56,63274922409,(+48)837392549,196,196,196,443
197,Myles,Cline,37,12349616033,(+48)535786769,197,197,197,250
198,Abbot,Williams,63,53640872116,(+48)088781035,198,198,198,317
199,Callum,Gardner,34,99249215689,(+48)776998596,199,199,199,205
200,Orson,Jennings,52,88149478493,(+48)324883851,200,200,200,256
201,Jerry,Atkins,37,00947405210,(+48)267107439,201,201,201,470
202,Dora,Shepherd,36,04468499484,(+48)235856882,202,202,202,294
203,Xena,Fitzgerald,38,46339160506,(+48)455404828,203,203,203,183
204,Anika,Hendrix,21,82342686319,(+48)226287922,204,204,204,270
205,Neville,Fuentes,20,55896295439,(+48)797329342,205,205,205,483
206,Raja,Bender,59,73020326815,(+48)534088957,206,206,206,392
207,Velma,Wood,58,24922999392,(+48)325916560,207,207,207,11
208,Michael,Ward,66,65544517009,(+48)208237470,208,208,208,8
209,Nora,Clarke,57,28724601266,(+48)627428358,209,209,209,104
210,Quintessa,Clark,75,28026298061,(+48)532758320,210,210,210,45
211,Myles,French,70,08726928821,(+48)440257301,211,211,211,300
212,Portia,Pruitt,45,00517807689,(+48)272154299,212,212,212,189
213,Dillon,Kelly,28,65323073025,(+48)706574401,213,213,213,357
214,Ciara,Reeves,30,47180606239,(+48)536949420,214,214,214,50
215,Rafael,Rocha,50,28790515233,(+48)204927871,215,215,215,270
216,Mollie,Mcpherson,44,18426279059,(+48)100634054,216,216,216,218
217,Kelsey,Powers,28,45391943785,(+48)413319239,217,217,217,176
218,Xander,Fuller,65,99244068598,(+48)782060602,218,218,218,9
219,Hollee,Hatfield,73,67906286111,(+48)617476344,219,219,219,265
220,Judah,Bowers,54,11815212902,(+48)630241413,220,220,220,56
221,Leandra,Banks,60,84149201482,(+48)903104467,221,221,221,239
222,Whitney,Daugherty,55,33949027432,(+48)462511802,222,222,222,105
223,Elijah,Dominguez,55,79318582986,(+48)888632879,223,223,223,36
224,Fuller,Bird,29,11334601533,(+48)392690278,224,224,224,80
225,Gillian,Cherry,43,19322444688,(+48)048292631,225,225,225,405
226,Zenia,Briggs,66,28641883726,(+48)070538343,226,226,226,75
227,Nash,Gay,39,37517699464,(+48)642025632,227,227,227,365
228,Shaeleigh,Moss,53,10937260921,(+48)781637102,228,228,228,207
229,Brittany,Knapp,74,88256918001,(+48)738830009,229,229,229,105
230,Plato,Gregory,74,84225723559,(+48)240141224,230,230,230,64
231,Brendan,Shannon,30,18146535958,(+48)520986800,231,231,231,438
232,Chiquita,Kerr,19,47458380294,(+48)858353206,232,232,232,147
233,Zenaida,Lara,70,86968462118,(+48)046076552,233,233,233,180
234,Xantha,Porter,61,18447936533,(+48)370691596,234,234,234,104
235,Ashely,Harvey,69,69099871615,(+48)409062300,235,235,235,179
236,Micah,Wood,49,19240626536,(+48)523684225,236,236,236,99
237,Felix,Delaney,46,62509551475,(+48)548101754,237,237,237,47
238,Chiquita,Donaldson,51,45168315665,(+48)511658213,238,238,238,10
239,Destiny,Gates,30,08610865381,(+48)222788249,239,239,239,178
240,Beck,Mcdowell,33,37539959711,(+48)898336458,240,240,240,369
241,Elton,Oliver,53,50591114878,(+48)863844924,241,241,241,380
242,Mara,Snow,41,14287942001,(+48)123610596,242,242,242,430
243,Scott,Burch,39,73850691110,(+48)805115328,243,243,243,320
244,Yoshio,Wilkinson,58,49338565951,(+48)920032123,244,244,244,315
245,Griffith,James,30,67037002945,(+48)792388570,245,245,245,313
246,Signe,Hoover,70,96260787580,(+48)280484063,246,246,246,173
247,Zachery,Dale,28,59218608334,(+48)302150179,247,247,247,94
248,Dustin,Riddle,55,33063288200,(+48)070813354,248,248,248,291
249,Madison,Welch,57,77690363760,(+48)189010017,249,249,249,47
250,Basil,Valdez,45,44800868527,(+48)663940058,250,250,250,496
251,Lavinia,Aguirre,19,61872717107,(+48)184046703,251,251,251,81
252,Aurelia,Sawyer,28,13019015292,(+48)564284903,252,252,252,198
253,Alfonso,Shelton,24,89499211622,(+48)624253500,253,253,253,492
254,Glenna,Snow,46,38878687636,(+48)658720093,254,254,254,223
255,Chandler,Short,65,79862716503,(+48)472135891,255,255,255,362
256,Nehru,Herring,62,73015992889,(+48)151711168,256,256,256,198
257,Riley,Cobb,71,61048415827,(+48)316605510,257,257,257,325
258,William,Cunningham,63,18656843957,(+48)799381013,258,258,258,353
259,Raymond,Harper,32,35395576331,(+48)926311090,259,259,259,488
260,Connor,Tyler,27,20598812441,(+48)909633735,260,260,260,201
261,Neville,Payne,48,76678580630,(+48)421776877,261,261,261,424
262,Giselle,Brock,30,14751409066,(+48)925089032,262,262,262,119
263,Aidan,Zamora,71,97670792277,(+48)418325027,263,263,263,314
264,Dean,Macias,52,28858847505,(+48)684802643,264,264,264,255
265,Sonia,Ochoa,20,99751314199,(+48)084835403,265,265,265,451
266,Trevor,Holloway,25,59507117082,(+48)224733641,266,266,266,60
267,Fallon,Maxwell,55,76065470321,(+48)142851173,267,267,267,278
268,Jessica,Rhodes,72,12125792398,(+48)836978092,268,268,268,192
269,Robert,Rowe,50,95950642955,(+48)424653547,269,269,269,83
270,Francis,Lindsey,19,44282032627,(+48)792997430,270,270,270,448
271,Anastasia,Ochoa,34,60074578006,(+48)310582352,271,271,271,259
272,Jamal,Conway,36,95386002110,(+48)577478010,272,272,272,43
273,Miranda,Salazar,40,93657886424,(+48)025247204,273,273,273,24
274,Jaquelyn,Dean,70,53960700065,(+48)853595008,274,274,274,303
275,Desiree,Dixon,37,52757042339,(+48)319316891,275,275,275,108
276,Juliet,Cash,61,51514749025,(+48)829053994,276,276,276,462
277,Elton,Melton,49,15730816077,(+48)452454936,277,277,277,447
278,James,Davidson,33,41734396960,(+48)041658493,278,278,278,305
279,Heidi,Vincent,21,33727942016,(+48)555141146,279,279,279,161
280,Blake,Church,29,51515418780,(+48)575787332,280,280,280,441
281,Kelly,Morrison,20,61602817078,(+48)520498556,281,281,281,28
282,Dorothy,Lang,62,69954651721,(+48)903600462,282,282,282,252
283,Bevis,Farley,40,67060547442,(+48)807079160,283,283,283,271
284,Ginger,Carver,55,88939275072,(+48)026770961,284,284,284,384
285,Mechelle,Suarez,62,85839907791,(+48)718216429,285,285,285,68
286,Adria,Murray,31,02379257831,(+48)731511683,286,286,286,281
287,Aubrey,Jarvis,29,57167787025,(+48)940723907,287,287,287,80
288,Kevyn,Solomon,36,26677093709,(+48)588291785,288,288,288,390
289,Myles,Sims,29,68984716474,(+48)284564513,289,289,289,200
290,Georgia,Dixon,48,01088904892,(+48)273811249,290,290,290,335
291,Vielka,Lester,28,46489730849,(+48)749129446,291,291,291,434
292,Drew,Stanley,75,52922436085,(+48)068143127,292,292,292,60
293,Hayden,Acosta,23,84777672864,(+48)108717323,293,293,293,96
294,Iris,Salinas,50,50364372759,(+48)417703214,294,294,294,21
295,Vanna,Mendoza,61,28043898835,(+48)263548589,295,295,295,119
296,Macaulay,Alford,51,81080663567,(+48)857740376,296,296,296,315
297,Drew,Bates,45,89405463662,(+48)628075760,297,297,297,235
298,Grace,Lawrence,46,62125173123,(+48)660026299,298,298,298,55
299,Yen,Padilla,55,73726263486,(+48)093315772,299,299,299,386
300,Ray,Lambert,43,04314071353,(+48)070328028,300,300,300,216
301,Marah,Willis,20,37215755297,(+48)795930237,301,301,301,179
302,Quinlan,Ballard,32,83129023854,(+48)330960639,302,302,302,90
303,Darrel,Fox,31,56084012324,(+48)237612156,303,303,303,100
304,Ishmael,Doyle,30,15128443142,(+48)653886319,304,304,304,44
305,Rajah,Cardenas,40,86001222844,(+48)699014370,305,305,305,353
306,Madeline,Torres,38,90308447148,(+48)271456925,306,306,306,459
307,Eugenia,Pierce,42,64431360391,(+48)245950777,307,307,307,462
308,Connor,English,49,15108844397,(+48)424564688,308,308,308,102
309,Sawyer,Hayes,30,61954105726,(+48)500939782,309,309,309,97
310,Gannon,Simpson,53,97415831037,(+48)448910670,310,310,310,349
311,Neve,Hull,58,42966726477,(+48)051164909,311,311,311,368
312,Amethyst,Chase,62,68835200596,(+48)169716512,312,312,312,381
313,Ginger,Sosa,33,29209376259,(+48)880949666,313,313,313,281
314,Isabella,Salinas,32,09473306226,(+48)263899878,314,314,314,405
315,Nero,Fuller,62,39484214152,(+48)592114731,315,315,315,63
316,Clare,Bean,24,08985258297,(+48)628043392,316,316,316,278
317,August,Huff,22,88190200008,(+48)624454116,317,317,317,4
318,Donovan,Armstrong,41,59610118938,(+48)068078831,318,318,318,159
319,Rhona,Oneil,60,98391337308,(+48)320224020,319,319,319,445
320,Dominique,Rice,62,10948628458,(+48)692323156,320,320,320,120
321,Rashad,Shepherd,56,80763444539,(+48)491347206,321,321,321,257
322,Irene,Solis,69,64482350427,(+48)771235275,322,322,322,200
323,Brynne,Barron,25,31785672020,(+48)266208076,323,323,323,102
324,Acton,Valenzuela,63,26368372550,(+48)118311447,324,324,324,18
325,Nolan,Reese,70,75595477103,(+48)941196207,325,325,325,65
326,Hillary,Tillman,34,83080777227,(+48)874584989,326,326,326,26
327,Yoshi,Stuart,57,29433361660,(+48)647460147,327,327,327,286
328,Allen,Moran,21,94904866710,(+48)146303377,328,328,328,90
329,Christian,Henderson,33,38099698199,(+48)575256271,329,329,329,490
330,Andrew,Clemons,36,49061484393,(+48)263172030,330,330,330,314
331,Knox,Lynn,37,82483617513,(+48)652191517,331,331,331,450
332,Erin,Johnson,28,37193721970,(+48)231083359,332,332,332,310
333,Nathaniel,Skinner,62,20413936746,(+48)129326350,333,333,333,250
334,Kessie,Talley,66,94751633685,(+48)978652265,334,334,334,90
335,Xavier,Potter,66,32887767132,(+48)395663151,335,335,335,3
336,Chase,Potter,36,43863546824,(+48)501314544,336,336,336,84
337,Chantale,Branch,51,36738462859,(+48)203986346,337,337,337,249
338,Preston,Singleton,75,33455509282,(+48)039314245,338,338,338,331
339,Galvin,Hicks,37,78926829164,(+48)725643856,339,339,339,435
340,Vincent,Snider,38,22886323115,(+48)807814297,340,340,340,427
341,Karina,Cooper,32,47927769058,(+48)680002582,341,341,341,180
342,Mona,Horn,66,93588702595,(+48)271177945,342,342,342,7
343,Illana,Mckee,32,94431911279,(+48)140409927,343,343,343,75
344,Hamilton,Jacobson,68,38433063406,(+48)608725740,344,344,344,377
345,Savannah,Boyle,60,73496980724,(+48)120471141,345,345,345,487
346,Chaney,Hester,51,98666744084,(+48)772854267,346,346,346,124
347,Bert,Jenkins,39,28410979746,(+48)410828396,347,347,347,278
348,Renee,Cooke,20,08729261013,(+48)101175716,348,348,348,415
349,Beck,Wade,60,49397597470,(+48)496507917,349,349,349,35
350,Ethan,Lott,53,07298262102,(+48)852609648,350,350,350,127
351,Alice,Walker,19,91704364094,(+48)810130326,351,351,351,294
352,Sacha,Noel,49,41461371441,(+48)978487879,352,352,352,423
353,Tatyana,Flowers,70,25583237384,(+48)411566754,353,353,353,303
354,Xantha,Freeman,40,70369652100,(+48)424253704,354,354,354,453
355,Maxwell,Castro,50,47006344370,(+48)345556609,355,355,355,90
356,Eagan,Keith,46,05991146846,(+48)580028152,356,356,356,351
357,Carson,Sanders,38,88201751250,(+48)465150708,357,357,357,441
358,Barrett,Barrera,61,16987826646,(+48)721956903,358,358,358,235
359,Brock,Simon,46,99370351950,(+48)733398070,359,359,359,116
360,Michelle,Mcconnell,71,65207156084,(+48)029215398,360,360,360,320
361,Eric,Solomon,45,36553149770,(+48)485084596,361,361,361,250
362,Brody,Strong,19,48801754300,(+48)615582631,362,362,362,94
363,Hanna,Barrera,55,89330245026,(+48)101532603,363,363,363,78
364,Matthew,Edwards,44,25549608542,(+48)666169789,364,364,364,472
365,Ian,Green,27,04520863327,(+48)388143419,365,365,365,37
366,Forrest,Michael,20,14908329771,(+48)857199928,366,366,366,411
367,Inez,Franklin,25,84097698199,(+48)021909085,367,367,367,384
368,Anika,Hughes,61,07681990309,(+48)178087980,368,368,368,78
369,Quentin,Burch,25,79650030798,(+48)988918825,369,369,369,378
370,Eliana,Holden,50,22640758713,(+48)726806794,370,370,370,293
371,Vance,Mccormick,44,88051414778,(+48)743624007,371,371,371,361
372,Tatiana,Pitts,37,67726364160,(+48)311788563,372,372,372,469
373,Flavia,Miranda,43,36105832514,(+48)141668609,373,373,373,397
374,Quintessa,Small,57,35038672382,(+48)976128542,374,374,374,361
375,Brett,Vaughan,49,79556320833,(+48)700939236,375,375,375,467
376,Jocelyn,Webster,61,04085933889,(+48)511604985,376,376,376,35
377,Rudyard,Todd,19,02607678076,(+48)669957819,377,377,377,24
378,Olivia,Bond,49,79077978148,(+48)815713380,378,378,378,132
379,Richard,Mcclure,22,66074121039,(+48)826641432,379,379,379,21
380,Alfreda,Jennings,40,33461967675,(+48)187281173,380,380,380,416
381,Gannon,Rosa,75,81281724060,(+48)167934443,381,381,381,146
382,Melinda,Crosby,41,79762560699,(+48)861377483,382,382,382,89
383,Sierra,Patton,56,31968105082,(+48)338407384,383,383,383,217
384,Cassandra,Chandler,30,50579242439,(+48)259867090,384,384,384,460
385,Hayfa,Byrd,58,69111237394,(+48)229562488,385,385,385,183
386,Nissim,Hyde,25,74268335346,(+48)479219731,386,386,386,309
387,Tana,Ratliff,70,36763171697,(+48)431066614,387,387,387,343
388,Gabriel,Marsh,52,09768451028,(+48)445515359,388,388,388,243
389,Lucy,Mccall,27,27590150027,(+48)972085820,389,389,389,236
390,Porter,Chan,22,07953576236,(+48)342354142,390,390,390,218
391,Kenyon,Battle,19,42080291996,(+48)353076611,391,391,391,437
392,Judith,Perkins,40,61607601910,(+48)939039764,392,392,392,81
393,Neville,Davis,67,33028754925,(+48)686877871,393,393,393,427
394,Steel,Lara,63,62289462765,(+48)641033601,394,394,394,128
395,Sara,Weiss,21,67256732950,(+48)897173637,395,395,395,376
396,Janna,Burks,22,01239136952,(+48)535720710,396,396,396,254
397,Driscoll,Solomon,69,92667777991,(+48)815501754,397,397,397,129
398,Eagan,Owen,38,08451240517,(+48)294083175,398,398,398,343
399,Derek,Lindsay,64,90223954700,(+48)824886505,399,399,399,16
400,Asher,Hoover,42,21994474596,(+48)882362345,400,400,400,409
401,Genevieve,Gonzales,45,93094436636,(+48)073532111,401,401,401,216
402,Juliet,Ramirez,58,82265514914,(+48)468121739,402,402,402,42
403,Steven,Emerson,39,04449217434,(+48)095596932,403,403,403,410
404,Kaden,Maxwell,75,29938278613,(+48)645489898,404,404,404,205
405,Hiroko,Serrano,23,32317919813,(+48)730502966,405,405,405,214
406,Azalia,Luna,38,94238042284,(+48)976967230,406,406,406,137
407,Wynne,Bradley,46,87138667181,(+48)996214612,407,407,407,136
408,Brenden,Wall,19,33062111924,(+48)791519709,408,408,408,156
409,Fritz,Britt,62,92923927234,(+48)555748228,409,409,409,159
410,Renee,Turner,36,50283353555,(+48)958772137,410,410,410,382
411,Anjolie,Dunlap,53,25452388306,(+48)641007692,411,411,411,235
412,Piper,Austin,58,93474736272,(+48)501332906,412,412,412,71
413,Aurora,Montgomery,70,66113183530,(+48)903530881,413,413,413,475
414,Chaney,Lyons,28,16727413035,(+48)443707897,414,414,414,88
415,Kevin,Boyer,34,39431942625,(+48)376670215,415,415,415,303
416,Wing,Long,37,74190124167,(+48)262425052,416,416,416,359
417,Dacey,West,61,41201738248,(+48)360786403,417,417,417,351
418,Kevin,Martinez,30,51423307528,(+48)602536363,418,418,418,190
419,Imelda,Cleveland,23,92467983026,(+48)456219079,419,419,419,131
420,Dalton,Golden,73,50394503749,(+48)537840485,420,420,420,58
421,Benjamin,Owens,20,14046332361,(+48)821296240,421,421,421,1
422,Flynn,Keller,19,83594296790,(+48)333570752,422,422,422,475
423,Rylee,Dickson,50,07500008467,(+48)997566509,423,423,423,489
424,Madonna,Parker,22,32331581241,(+48)352198998,424,424,424,312
425,Jessamine,Jefferson,35,05201915248,(+48)307532767,425,425,425,472
426,Sage,Pittman,65,76631161692,(+48)783218058,426,426,426,420
427,Alice,Chase,21,78766554117,(+48)224483762,427,427,427,48
428,Shelby,Harding,70,98779986763,(+48)318739562,428,428,428,496
429,Brian,Bryant,38,87595985853,(+48)841427869,429,429,429,340
430,Heather,Durham,57,98990028788,(+48)387872157,430,430,430,137
431,Zahir,Alvarez,21,86940219109,(+48)111080819,431,431,431,280
432,Zenia,Mendez,67,11631649244,(+48)265286197,432,432,432,179
433,Wynne,Moody,42,88337929083,(+48)157181518,433,433,433,60
434,Gregory,Norman,63,56585134967,(+48)750768084,434,434,434,396
435,William,Dickerson,75,43867532191,(+48)714110996,435,435,435,465
436,McKenzie,Fisher,65,61240445831,(+48)585795976,436,436,436,170
437,Scott,Shepherd,42,77064341476,(+48)520103352,437,437,437,450
438,Griffin,Coffey,43,28167904701,(+48)146383946,438,438,438,492
439,Kimberly,Norton,39,82576729635,(+48)325805020,439,439,439,329
440,Kylynn,Stokes,22,43648387634,(+48)216170613,440,440,440,97
441,Xanthus,Graves,63,96761666931,(+48)879533054,441,441,441,352
442,Pascale,Cunningham,59,43063332919,(+48)185789966,442,442,442,433
443,Castor,Wood,29,15683867263,(+48)507798617,443,443,443,136
444,Wanda,Lindsay,30,81873895454,(+48)740466716,444,444,444,245
445,Vernon,Osborne,40,68187616893,(+48)183628193,445,445,445,75
446,Ignatius,Warner,66,20560206015,(+48)886566874,446,446,446,100
447,Illana,Nieves,23,56360352409,(+48)420121619,447,447,447,151
448,Mariko,Mccullough,71,53377082629,(+48)754995947,448,448,448,475
449,Kareem,Beasley,26,11148733070,(+48)879041016,449,449,449,281
450,Caleb,Mckinney,23,00805816021,(+48)995202380,450,450,450,146
451,Troy,King,41,96058668649,(+48)130843033,451,451,451,280
452,Maxine,Gould,67,01930470076,(+48)842707620,452,452,452,390
453,Breanna,Kent,26,18465855048,(+48)086193777,453,453,453,19
454,Kylee,Simon,61,20802213160,(+48)645240058,454,454,454,356
455,Patricia,Roach,24,55851733814,(+48)045352427,455,455,455,495
456,Ivor,Crosby,19,57825630226,(+48)399770174,456,456,456,375
457,Bruno,Beach,75,52757952745,(+48)208321960,457,457,457,459
458,Haley,Ryan,75,55427522897,(+48)593867388,458,458,458,130
459,Constance,Bridges,40,17411206859,(+48)501791541,459,459,459,433
460,Ebony,Pruitt,53,66498520271,(+48)392078928,460,460,460,59
461,Amber,Russo,35,52345101741,(+48)693620850,461,461,461,33
462,Lilah,Rosario,68,50761597831,(+48)342526686,462,462,462,30
463,Leandra,Sweeney,28,44240936012,(+48)161855080,463,463,463,126
464,Irma,Dunlap,72,11517431956,(+48)059650877,464,464,464,43
465,Malachi,England,53,61695886048,(+48)791997592,465,465,465,258
466,Lillian,Shelton,53,45352618788,(+48)366071940,466,466,466,63
467,Hamilton,White,67,99145900535,(+48)707675412,467,467,467,65
468,Coby,Wilcox,33,14328217121,(+48)611765245,468,468,468,42
469,Brennan,Harmon,57,55977998321,(+48)152874036,469,469,469,113
470,Bernard,Gill,64,38349715302,(+48)001934159,470,470,470,189
471,Harlan,Pace,67,40461845680,(+48)562093303,471,471,471,253
472,Abel,Nolan,73,11945639786,(+48)960539595,472,472,472,409
473,Yvette,Knight,26,25485176371,(+48)835813400,473,473,473,272
474,Lawrence,Hayes,45,13092515053,(+48)671208482,474,474,474,481
475,Olympia,Gilmore,38,13379721121,(+48)372978345,475,475,475,253
476,Nasim,Mcdowell,40,14602943381,(+48)363475612,476,476,476,446
477,Barry,Bowen,61,44391933394,(+48)588926153,477,477,477,238
478,Yardley,Banks,20,51342426956,(+48)049488847,478,478,478,347
479,Jamalia,Warren,40,54604700844,(+48)187772487,479,479,479,199
480,Dana,Moran,34,01075911482,(+48)853847355,480,480,480,52
481,Farrah,Faulkner,41,70113844941,(+48)443681876,481,481,481,90
482,Lavinia,Brady,71,96409746868,(+48)142537771,482,482,482,51
483,Iliana,Wiggins,33,26942032682,(+48)567243067,483,483,483,165
484,Dakota,Battle,20,08112135720,(+48)033292558,484,484,484,112
485,Reed,Ferrell,50,89211321132,(+48)456929932,485,485,485,185
486,Lesley,Day,53,17435784616,(+48)748962207,486,486,486,424
487,Amity,Barr,63,03049200044,(+48)512074658,487,487,487,255
488,Keiko,Lloyd,61,76456536930,(+48)861965327,488,488,488,322
489,Erich,Key,22,90946523179,(+48)723417503,489,489,489,337
490,Zeus,Bean,31,33906405400,(+48)152469442,490,490,490,375
491,Tobias,Grimes,45,43813837227,(+48)878428534,491,491,491,400
492,Rebekah,Branch,63,25094349720,(+48)114937624,492,492,492,268
493,Neve,Nielsen,42,29807989489,(+48)913896918,493,493,493,199
494,Amir,Cunningham,27,74621263254,(+48)042090092,494,494,494,198
495,Quincy,Chapman,22,72813120583,(+48)710135540,495,495,495,367
496,Jarrod,Beard,62,49987194485,(+48)797846127,496,496,496,113
497,Gage,Cash,65,85850935933,(+48)643081660,497,497,497,207
498,Jaime,Lawrence,22,67880969555,(+48)658141506,498,498,498,406
499,Burke,Klein,71,71915422200,(+48)307263728,499,499,499,323
500,Georgia,Farrell,66,83464952154,(+48)606926057,500,500,500,389
501,Rylee,Gibbs,25,55929207554,(+48)050365736,501,501,501,177
502,Danielle,Trevino,21,24703119611,(+48)532397702,502,502,502,395
503,Florence,Tran,40,02034947427,(+48)738699753,503,503,503,489
504,Tate,Ewing,60,62046986180,(+48)675317080,504,504,504,460
505,Jordan,Barton,70,26225591796,(+48)494002160,505,505,505,319
506,Xantha,Colon,39,00495488000,(+48)550730379,506,506,506,405
507,Shannon,Watts,24,96165395335,(+48)983784749,507,507,507,409
508,Colleen,Galloway,65,50739649265,(+48)895429927,508,508,508,148
509,Yeo,Mooney,59,71653949012,(+48)087903592,509,509,509,18
510,Graham,Mcdaniel,72,38667335491,(+48)795607905,510,510,510,359
511,Amethyst,Medina,24,55359952728,(+48)551190370,511,511,511,450
512,Hamish,Burnett,53,32102718254,(+48)149421286,512,512,512,180
513,Alfonso,Neal,45,33527680891,(+48)172907322,513,513,513,129
514,Mari,Lewis,42,84124767120,(+48)988978186,514,514,514,190
515,Olga,Morse,27,08435973386,(+48)753575563,515,515,515,240
516,Matthew,Bolton,39,78916636579,(+48)066494070,516,516,516,164
517,Finn,Sears,67,94231379170,(+48)833480487,517,517,517,51
518,Ella,Powell,53,35668547971,(+48)108016109,518,518,518,246
519,Jasper,Simmons,52,87390053529,(+48)374171291,519,519,519,54
520,Wylie,Gregory,59,03658517247,(+48)253606643,520,520,520,32
521,Lilah,Clements,31,80390761137,(+48)988613448,521,521,521,370
522,Arthur,Warner,38,64770998038,(+48)014228916,522,522,522,376
523,Tad,Shelton,23,32903830217,(+48)307100911,523,523,523,226
524,Emmanuel,Holder,33,26995708098,(+48)482413143,524,524,524,454
525,Lois,Hess,75,55108630229,(+48)709519457,525,525,525,337
526,Wynter,Stephenson,20,12409804325,(+48)188101181,526,526,526,79
527,Hilda,Farrell,24,88857759099,(+48)970412920,527,527,527,418
528,Janna,Cervantes,72,69173382177,(+48)942852840,528,528,528,459
529,Ursa,Burns,28,94278464472,(+48)711038733,529,529,529,17
530,Daria,Valentine,33,13203322749,(+48)686124406,530,530,530,273
531,Blake,Anthony,43,83886717147,(+48)479654623,531,531,531,169
532,Guinevere,Moran,64,77438477856,(+48)437141989,532,532,532,465
533,Lars,Macias,41,27751339182,(+48)929615258,533,533,533,1
534,Nina,Ford,29,61157790475,(+48)609517710,534,534,534,391
535,Rajah,Cote,38,07104411636,(+48)406453014,535,535,535,12
536,Orson,Mitchell,65,57935165885,(+48)337401041,536,536,536,370
537,William,Peck,23,08506181974,(+48)481079603,537,537,537,205
538,Jessamine,Gentry,49,58737447398,(+48)906104543,538,538,538,341
539,Juliet,Bender,55,11955201084,(+48)829658459,539,539,539,86
540,Lyle,Underwood,54,13988950145,(+48)776884366,540,540,540,145
541,Germaine,Davidson,25,87003965353,(+48)258263730,541,541,541,197
542,Donovan,Solomon,65,65498707417,(+48)703339754,542,542,542,308
543,Rhiannon,Chapman,73,55098874424,(+48)394045726,543,543,543,83
544,Keefe,Alford,25,25683789389,(+48)166609039,544,544,544,270
545,Ignacia,Galloway,26,25730743301,(+48)789717634,545,545,545,157
546,Tucker,Maddox,33,99143465049,(+48)014355533,546,546,546,262
547,Amanda,Leach,37,68797327241,(+48)698292104,547,547,547,297
548,Henry,Abbott,24,93443970850,(+48)592226485,548,548,548,142
549,Ayanna,Lewis,48,25989998243,(+48)631627776,549,549,549,484
550,Alexander,Snider,55,47278720328,(+48)218142516,550,550,550,340
551,Rooney,Silva,41,56046811638,(+48)411444375,551,551,551,107
552,Timothy,Bender,45,41019955550,(+48)141305146,552,552,552,183
553,Xerxes,Brennan,62,38357401613,(+48)508164188,553,553,553,128
554,Brady,Watts,62,34364447383,(+48)023284545,554,554,554,212
555,Kennan,Bush,66,69690663000,(+48)554282694,555,555,555,476
556,Danielle,Gamble,42,87922009978,(+48)045355301,556,556,556,434
557,Fredericka,Bell,27,90682920723,(+48)024921826,557,557,557,167
558,Lysandra,Burton,72,01084104163,(+48)466538831,558,558,558,143
559,Echo,Gibbs,45,05041132340,(+48)861277623,559,559,559,129
560,Raphael,Pittman,24,60293544148,(+48)362506682,560,560,560,363
561,Chester,Bean,46,82800617636,(+48)090405332,561,561,561,267
562,Teagan,Ferrell,30,51423571862,(+48)824688397,562,562,562,205
563,Hasad,Sanchez,75,71220546688,(+48)045222514,563,563,563,495
564,Omar,Gaines,66,02546443565,(+48)610289193,564,564,564,353
565,Cole,Levine,70,76373654818,(+48)552819481,565,565,565,225
566,Audra,Avila,39,19691289816,(+48)272663419,566,566,566,371
567,Anika,Bolton,58,48899821890,(+48)018900627,567,567,567,435
568,Salvador,Hurley,33,26107272151,(+48)144224325,568,568,568,102
569,Danielle,Mckenzie,30,88976499119,(+48)846062176,569,569,569,309
570,Alyssa,Sykes,20,31654272070,(+48)620632516,570,570,570,127
571,Charissa,Fry,46,30191004160,(+48)588886858,571,571,571,449
572,Carter,Clemons,25,73795148168,(+48)268784833,572,572,572,355
573,Dean,Clemons,38,17108316696,(+48)201017943,573,573,573,410
574,Devin,Campbell,36,15687719539,(+48)470049660,574,574,574,402
575,Odysseus,Cooper,48,66849970548,(+48)220173111,575,575,575,100
576,Chiquita,Lamb,29,81168325000,(+48)008052984,576,576,576,20
577,Aretha,Chase,43,13535053170,(+48)012523624,577,577,577,237
578,Hammett,Witt,59,38149381634,(+48)140568660,578,578,578,445
579,Elijah,Ewing,32,95639613427,(+48)365429933,579,579,579,33
580,Unity,Anthony,71,57940269723,(+48)794047773,580,580,580,142
581,Donovan,Mcgowan,31,29639624318,(+48)345218587,581,581,581,14
582,Tyler,Byrd,61,69091614677,(+48)530071805,582,582,582,188
583,Erica,Richardson,29,86995062971,(+48)143510374,583,583,583,169
584,Pascale,Case,48,61195813503,(+48)119307411,584,584,584,402
585,Patience,French,68,00347493603,(+48)195546857,585,585,585,411
586,Uma,Rich,50,49726007031,(+48)881251660,586,586,586,94
587,Colette,Levy,64,01580244216,(+48)927631819,587,587,587,476
588,Ingrid,Kinney,24,01123704853,(+48)887219901,588,588,588,360
589,Naomi,Knapp,68,56841351574,(+48)945321619,589,589,589,230
590,Isaiah,Branch,42,41518193788,(+48)924171566,590,590,590,44
591,Zachery,Waller,30,60115259310,(+48)220509391,591,591,591,384
592,Autumn,Shelton,72,64574591512,(+48)138079191,592,592,592,98
593,Keelie,Dillon,24,82262059516,(+48)966127341,593,593,593,88
594,Jerry,Townsend,25,68384593719,(+48)015967664,594,594,594,137
595,Ramona,Pena,75,11136042970,(+48)339600612,595,595,595,84
596,Cadman,Vargas,70,85303005118,(+48)713000044,596,596,596,488
597,Arden,Key,20,66287175706,(+48)117629501,597,597,597,410
598,Avram,Davenport,69,16207713432,(+48)259830541,598,598,598,129
599,Cain,Higgins,29,64345536167,(+48)849283418,599,599,599,216
600,Virginia,Cummings,44,46578085429,(+48)073790584,600,600,600,244
601,Beverly,Gordon,64,54604848505,(+48)404956964,601,601,601,128
602,Hilel,Gomez,34,91742028598,(+48)983834384,602,602,602,417
603,Omar,Zimmerman,47,66980210484,(+48)797556454,603,603,603,418
604,Galvin,Silva,32,76653600398,(+48)320369839,604,604,604,268
605,Whilemina,Jacobson,29,49623450115,(+48)586515457,605,605,605,233
606,Sybil,Hooper,42,68327841704,(+48)159161710,606,606,606,194
607,Mufutau,Cox,74,17756293035,(+48)719989405,607,607,607,186
608,Cameron,Chaney,48,83520721406,(+48)026429900,608,608,608,450
609,Alexandra,Wiggins,69,49381530883,(+48)965006618,609,609,609,172
610,Leo,Colon,36,52342337375,(+48)428417703,610,610,610,179
611,Bell,Hays,75,75811047381,(+48)614342884,611,611,611,366
612,Grady,Norris,44,17748146737,(+48)942670731,612,612,612,132
613,Olivia,Mejia,45,55938670354,(+48)279843647,613,613,613,434
614,Anika,Mason,68,89016652156,(+48)013059586,614,614,614,257
615,Neville,Christensen,67,35626214115,(+48)871196798,615,615,615,74
616,Zephr,Hill,24,52709983555,(+48)176697285,616,616,616,210
617,Walter,King,25,74984399670,(+48)569824332,617,617,617,20
618,Anika,Coleman,65,39379886384,(+48)824781838,618,618,618,374
619,Diana,Avery,31,64474657695,(+48)573211793,619,619,619,69
620,Ora,Cox,35,56128155592,(+48)067726284,620,620,620,324
621,Basil,Mccoy,65,75192328931,(+48)846496602,621,621,621,207
622,Raya,Leon,23,03574152672,(+48)914717892,622,622,622,214
623,Hasad,Davenport,20,02240850208,(+48)613980272,623,623,623,331
624,Jacob,Frost,43,22666877191,(+48)176207069,624,624,624,205
625,Murphy,Rowland,47,85759092369,(+48)956766874,625,625,625,283
626,Abigail,Hurley,37,01248097663,(+48)662899895,626,626,626,247
627,Nayda,Chapman,27,59619040274,(+48)084840107,627,627,627,211
628,Xyla,Ramos,40,87824049001,(+48)915933441,628,628,628,415
629,Dean,Miller,70,37676414107,(+48)512512604,629,629,629,144
630,Aimee,Riddle,54,42724418186,(+48)827338099,630,630,630,165
631,Kaden,Bernard,54,21041815098,(+48)430248820,631,631,631,343
632,Lars,Hines,49,63498560665,(+48)846445298,632,632,632,128
633,Charissa,Gilliam,23,06171528978,(+48)734801485,633,633,633,48
634,Emi,Atkinson,57,59581981509,(+48)652540424,634,634,634,440
635,Buffy,Horton,75,53566531589,(+48)678838704,635,635,635,26
636,Kirk,Watts,24,92583989245,(+48)909057015,636,636,636,471
637,Zeph,Summers,66,78284294442,(+48)840764355,637,637,637,123
638,Merrill,Avila,21,71661559388,(+48)807251435,638,638,638,284
639,Blake,Farmer,22,48565572739,(+48)984922703,639,639,639,237
640,Flavia,Sanford,56,81232547494,(+48)951234133,640,640,640,310
641,Darius,Mcneil,68,96140918131,(+48)496136522,641,641,641,348
642,Jeremy,Mayer,29,68521111835,(+48)826640889,642,642,642,259
643,Akeem,Emerson,27,55320946809,(+48)910003686,643,643,643,141
644,Leila,Bradley,36,49299515048,(+48)042722614,644,644,644,323
645,Dexter,Jarvis,75,83619744674,(+48)625230034,645,645,645,179
646,Bertha,Orr,56,78131530992,(+48)866334706,646,646,646,136
647,Emily,Albert,36,33774432345,(+48)409598785,647,647,647,202
648,Chastity,Whitaker,65,90513546924,(+48)467602153,648,648,648,57
649,Amber,Gilbert,19,72514593544,(+48)809592939,649,649,649,393
650,Warren,Wilcox,22,14325722984,(+48)334699189,650,650,650,88
651,Ifeoma,Suarez,42,42311323865,(+48)338636170,651,651,651,283
652,Herrod,Alford,48,58472316558,(+48)781067691,652,652,652,215
653,Lucius,Lester,24,72126182029,(+48)261926895,653,653,653,497
654,Alexis,Charles,63,61907514737,(+48)345648674,654,654,654,403
655,Orli,Pittman,47,57057133334,(+48)085559293,655,655,655,419
656,Lucius,Skinner,57,26103859555,(+48)378712110,656,656,656,370
657,Pamela,Morales,55,06082854465,(+48)850716254,657,657,657,83
658,Colorado,Klein,40,36404074673,(+48)968315991,658,658,658,484
659,Nigel,Gonzalez,53,98010554295,(+48)602170466,659,659,659,169
660,Armand,Richards,71,97094454355,(+48)300820381,660,660,660,314
661,Zia,Spears,56,45376075775,(+48)220656196,661,661,661,123
662,Owen,Tran,36,07477232860,(+48)477055577,662,662,662,292
663,Hadley,Flowers,29,52879700557,(+48)371568506,663,663,663,159
664,Alyssa,Clark,66,59513838116,(+48)096141879,664,664,664,499
665,Gary,Mcdaniel,66,96426602563,(+48)857768377,665,665,665,9
666,Shelby,Dillon,30,70173752495,(+48)056213609,666,666,666,188
667,Noelani,Mcfarland,33,03001229346,(+48)621961577,667,667,667,71
668,acqueline,Simon,45,68305925336,(+48)569493055,668,668,668,100
669,Kermit,Curtis,38,09019865706,(+48)399822578,669,669,669,228
670,Cheyenne,Rose,65,23349679581,(+48)478048677,670,670,670,301
671,Mary,Bond,68,18760542987,(+48)844702949,671,671,671,377
672,Joshua,Howe,51,12378460336,(+48)391680364,672,672,672,430
673,Jamal,Key,27,49114576813,(+48)650784423,673,673,673,280
674,Tucker,Carver,51,28012536548,(+48)905586952,674,674,674,13
675,Cole,Burns,43,63712975787,(+48)930694585,675,675,675,50
676,Jonah,Hensley,63,49051197579,(+48)866334138,676,676,676,88
677,Adena,Ross,57,56261646541,(+48)651418394,677,677,677,12
678,Flynn,Riggs,48,41361136852,(+48)016771847,678,678,678,9
679,Shay,Sloan,66,27221075112,(+48)235920122,679,679,679,441
680,acqueline,Velez,20,83791673306,(+48)503025248,680,680,680,388
681,Helen,Benton,65,53043942221,(+48)489829470,681,681,681,433
682,Risa,Dillon,40,07281267661,(+48)966299337,682,682,682,137
683,Davis,Wyatt,31,77265496224,(+48)341018214,683,683,683,446
684,Ezekiel,Gaines,64,66599516232,(+48)882404839,684,684,684,12
685,Inez,Byers,66,62255532291,(+48)243877155,685,685,685,241
686,Xantha,Morales,74,80984171396,(+48)850079293,686,686,686,287
687,Sybil,Bowers,35,06855554553,(+48)060190785,687,687,687,410
688,Tate,Francis,61,12171102888,(+48)433898194,688,688,688,125
689,Andrew,Harvey,33,82761042359,(+48)579758592,689,689,689,464
690,Rana,Chaney,62,90221649826,(+48)930175122,690,690,690,75
691,Aretha,Roy,19,67255434557,(+48)611604398,691,691,691,186
692,Cameron,Lawson,73,37248045770,(+48)214760422,692,692,692,335
693,Upton,Douglas,26,22953456271,(+48)186653784,693,693,693,85
694,Lydia,Cameron,30,04473685881,(+48)227954063,694,694,694,360
695,Dean,Valdez,23,97513734172,(+48)441039151,695,695,695,452
696,Jonah,Peterson,41,53726635497,(+48)760277422,696,696,696,296
697,Doris,Lee,48,40735471744,(+48)318957634,697,697,697,356
698,Leroy,Christian,47,04766211385,(+48)933017559,698,698,698,172
699,Jared,Hyde,24,17583634001,(+48)733961455,699,699,699,379
700,Meghan,Miller,50,11455967715,(+48)189590763,700,700,700,10
701,Lisandra,Baker,31,06782334489,(+48)076857365,701,701,701,165
702,Daryl,Hurley,38,91697718396,(+48)629078086,702,702,702,353
703,Megan,Chase,44,08030470640,(+48)312151713,703,703,703,383
704,Daryl,Chaney,53,30206447251,(+48)398352394,704,704,704,279
705,Benedict,Walker,57,80063226246,(+48)981616746,705,705,705,294
706,Raja,Eaton,67,12263231248,(+48)660295984,706,706,706,80
707,Kaseem,Mack,67,29587778995,(+48)219444201,707,707,707,167
708,Germane,Becker,68,39344837885,(+48)662562094,708,708,708,31
709,Hector,Vega,45,60503686511,(+48)004783349,709,709,709,300
710,acqueline,Mercer,68,05319266226,(+48)684246447,710,710,710,469
711,Catherine,Mcclure,35,40200891423,(+48)359971530,711,711,711,44
712,Maxine,Horne,62,18400035156,(+48)145398623,712,712,712,329
713,Deirdre,Bright,66,84891362112,(+48)225731456,713,713,713,487
714,Sydnee,Lynn,65,58120209798,(+48)825047369,714,714,714,458
715,Idona,Doyle,23,87776262174,(+48)105174966,715,715,715,270
716,Miranda,Bonner,33,07191409277,(+48)803011521,716,716,716,38
717,Hope,Tran,48,35291211031,(+48)181108888,717,717,717,124
718,Willa,Workman,40,52557410930,(+48)152355473,718,718,718,282
719,Stone,Hernandez,43,72302237593,(+48)234327333,719,719,719,305
720,Nina,Valencia,30,16575013243,(+48)576225559,720,720,720,10
721,Wesley,Combs,61,35092914671,(+48)172406754,721,721,721,239
722,Stacey,Patterson,22,42942125725,(+48)027494612,722,722,722,437
723,Lesley,Farley,51,38987692996,(+48)209882384,723,723,723,25
724,Hamilton,Haney,47,94780044843,(+48)602801522,724,724,724,210
725,Arsenio,Brock,54,40043493962,(+48)066450811,725,725,725,40
726,Abra,Conley,33,54595659664,(+48)913300517,726,726,726,121
727,Macaulay,Golden,36,45455670029,(+48)685541943,727,727,727,175
728,Sasha,Harmon,43,45161595030,(+48)608611670,728,728,728,85
729,Emmanuel,Kinney,38,29668002528,(+48)678282342,729,729,729,97
730,Calvin,Harrell,37,71394837893,(+48)693856723,730,730,730,299
731,Jaime,Ellis,66,77199536666,(+48)049729099,731,731,731,225
732,Rana,Howard,22,56411799408,(+48)352028723,732,732,732,346
733,Amanda,Merritt,53,15553968609,(+48)789620566,733,733,733,379
734,Nora,Shaw,53,41911572028,(+48)424285263,734,734,734,111
735,Eaton,Morrison,33,82850714815,(+48)963276128,735,735,735,302
736,Jillian,Peck,28,73596124410,(+48)482963560,736,736,736,432
737,Tara,Sharpe,45,00365072332,(+48)954405443,737,737,737,366
738,Irene,Barnes,25,96185025061,(+48)569893098,738,738,738,271
739,Helen,Silva,25,83567577285,(+48)788394541,739,739,739,262
740,Fallon,Brennan,66,30694503859,(+48)606335904,740,740,740,423
741,Ingrid,Guzman,37,98451535604,(+48)055440301,741,741,741,19
742,Imogene,Jennings,53,35029459204,(+48)458018423,742,742,742,5
743,Madeline,Roach,23,98202766268,(+48)204234780,743,743,743,270
744,Ruth,Cervantes,40,33739539360,(+48)536262193,744,744,744,286
745,Cameron,Price,20,85043276550,(+48)503540503,745,745,745,91
746,Daniel,Avila,45,39890599103,(+48)521277237,746,746,746,302
747,Ulla,Cooper,55,42064017997,(+48)056076429,747,747,747,305
748,Ima,Osborn,37,60129384591,(+48)992792407,748,748,748,90
749,Audrey,Hyde,68,56711447559,(+48)488947037,749,749,749,140
750,Bryar,Oliver,46,67287762344,(+48)598244292,750,750,750,51
751,Talon,Palmer,68,90622268996,(+48)763007456,751,751,751,177
752,Rogan,Cantu,62,00019709861,(+48)098897564,752,752,752,410
753,Raja,Hunter,52,20268438540,(+48)420306515,753,753,753,164
754,Yolanda,Justice,23,41439982918,(+48)852617759,754,754,754,392
755,Xena,Anthony,45,41081585738,(+48)637839715,755,755,755,9
756,Scarlet,Neal,61,52632786885,(+48)933507471,756,756,756,109
757,Maxine,Joyner,29,46744410683,(+48)851540034,757,757,757,227
758,Steel,Kidd,33,22359863547,(+48)989947333,758,758,758,274
759,Teagan,Raymond,51,90949462707,(+48)694949747,759,759,759,318
760,Hope,Dominguez,42,75734594688,(+48)535815675,760,760,760,52
761,Nora,Weaver,20,43707045628,(+48)177536490,761,761,761,476
762,Ruby,Carrillo,49,48056950331,(+48)135698506,762,762,762,183
763,Martha,Adkins,21,09007252157,(+48)753797900,763,763,763,252
764,Pearl,Bates,39,31967978988,(+48)704910796,764,764,764,69
765,Odessa,Lester,67,65913946043,(+48)840738619,765,765,765,24
766,Bianca,Byrd,22,80607184775,(+48)170784178,766,766,766,113
767,Ivy,Evans,25,03014113284,(+48)002480997,767,767,767,499
768,Quamar,Mercado,45,93317628039,(+48)551979380,768,768,768,293
769,David,Stark,54,28426065306,(+48)179972927,769,769,769,47
770,Cheryl,Langley,23,53105977810,(+48)417957564,770,770,770,243
771,Mia,Craig,59,64476971392,(+48)880671613,771,771,771,204
772,Ariel,Sheppard,29,65611888325,(+48)023152441,772,772,772,249
773,Brody,Scott,55,89920746307,(+48)496329822,773,773,773,83
774,Jaime,Rodriguez,41,92543301304,(+48)388918768,774,774,774,216
775,Xander,Bauer,39,83597337581,(+48)922152581,775,775,775,218
776,Solomon,English,37,69108146406,(+48)230999191,776,776,776,169
777,Brett,Patrick,53,75714940961,(+48)876426150,777,777,777,97
778,Kaden,Barrera,25,69291958529,(+48)024110298,778,778,778,468
779,Jolie,Cleveland,53,67682698627,(+48)823686689,779,779,779,65
780,Uta,Britt,31,20115272040,(+48)210082865,780,780,780,129
781,Duncan,Gaines,70,91800922034,(+48)562876997,781,781,781,480
782,Amy,Lopez,32,91724013294,(+48)287581047,782,782,782,115
783,Elaine,Kemp,67,24514144216,(+48)727146575,783,783,783,129
784,Fulton,Guzman,39,38151643004,(+48)518040613,784,784,784,224
785,Erich,Rosario,26,85618042868,(+48)922232794,785,785,785,319
786,Yoshio,Thornton,58,60013822383,(+48)298474376,786,786,786,292
787,Yuli,Beard,68,70339206307,(+48)780928248,787,787,787,57
788,Zelda,Maldonado,50,32282279203,(+48)224964733,788,788,788,356
789,Destiny,Mendez,53,51460924243,(+48)470401834,789,789,789,125
790,Dominic,Bell,61,93166721878,(+48)960395643,790,790,790,368
791,Suki,Gross,69,77399369786,(+48)459636432,791,791,791,281
792,Neve,Cummings,25,36404792431,(+48)478446082,792,792,792,478
793,Judith,Meyer,51,99856060701,(+48)281434581,793,793,793,208
794,Dara,Nixon,23,25320980865,(+48)572542761,794,794,794,425
795,Basia,Lambert,35,63405118741,(+48)739825383,795,795,795,310
796,Irma,Slater,70,15006532973,(+48)594369443,796,796,796,196
797,Deirdre,Melton,75,64329210720,(+48)384671921,797,797,797,245
798,Mark,Rivera,44,12754351883,(+48)705888916,798,798,798,160
799,Serina,Henry,48,86633474659,(+48)094173553,799,799,799,80
800,Georgia,Craig,74,24652000774,(+48)011477486,800,800,800,443
801,Asher,Higgins,30,69582875241,(+48)442519921,801,801,801,54
802,Nichole,Vincent,65,18408825883,(+48)161685820,802,802,802,36
803,Reese,Delaney,21,74181163913,(+48)795383699,803,803,803,405
804,Maxwell,Russell,40,40458665184,(+48)290581961,804,804,804,224
805,Yetta,Alvarado,65,69746581626,(+48)592100530,805,805,805,311
806,Tamara,Stuart,65,75925001986,(+48)644717466,806,806,806,353
807,Phyllis,Mueller,64,39898776278,(+48)779977531,807,807,807,498
808,April,Foley,59,49316999989,(+48)756473351,808,808,808,118
809,Jamal,Schwartz,75,91192476408,(+48)108196071,809,809,809,333
810,Colby,Wilder,21,55179979199,(+48)346087997,810,810,810,374
811,Basia,Payne,42,14677582099,(+48)097006941,811,811,811,316
812,Ivan,Alexander,38,39000751219,(+48)967177176,812,812,812,460
813,Risa,Powers,53,71745779780,(+48)855086983,813,813,813,388
814,Alexa,Blackwell,48,28116974048,(+48)626694689,814,814,814,95
815,Shaine,Snyder,66,86167219130,(+48)727232194,815,815,815,355
816,Lila,Hurley,25,22141929645,(+48)367270352,816,816,816,49
817,Remedios,Mcleod,38,95861274588,(+48)681645282,817,817,817,482
818,Cain,Aguilar,19,45253992478,(+48)605154022,818,818,818,76
819,Ursula,Price,60,15917912547,(+48)836184054,819,819,819,302
820,Mariko,Barber,21,63372054645,(+48)346501384,820,820,820,34
821,Allegra,Elliott,47,07964960298,(+48)503968403,821,821,821,67
822,Mariko,Gould,32,02602953759,(+48)156286036,822,822,822,226
823,Denton,Gray,38,74680000271,(+48)577842857,823,823,823,265
824,Quail,Mccarthy,29,89821268637,(+48)638766823,824,824,824,313
825,Benedict,Poole,69,92640268151,(+48)377240914,825,825,825,402
826,Shellie,Bates,42,72733423798,(+48)714620868,826,826,826,305
827,Sasha,Cummings,57,73061109373,(+48)715094876,827,827,827,175
828,Hayden,Vance,40,25183351767,(+48)877815196,828,828,828,336
829,Xenos,Mckay,27,83717659277,(+48)512788576,829,829,829,151
830,Kaye,Santos,64,67436045327,(+48)092010771,830,830,830,31
831,Jin,Alvarez,73,07632418161,(+48)866308117,831,831,831,203
832,Colin,Vargas,44,96601601364,(+48)605511708,832,832,832,181
833,Indira,Weaver,32,51093933504,(+48)764890360,833,833,833,434
834,Bruno,Farrell,21,83827843942,(+48)336796162,834,834,834,270
835,Kennan,Espinoza,52,88670978260,(+48)045349583,835,835,835,120
836,Kasimir,Gay,69,60115473340,(+48)338264269,836,836,836,409
837,Addison,Holloway,63,52187474485,(+48)033467501,837,837,837,194
838,Danielle,Robbins,68,54834210528,(+48)276625238,838,838,838,303
839,Rajah,Leblanc,39,35477253746,(+48)168211148,839,839,839,387
840,Cameron,Chase,35,44102636283,(+48)018382009,840,840,840,417
841,Francesca,Cameron,73,45827051572,(+48)736364666,841,841,841,297
842,Xavier,Macias,69,96889974566,(+48)362519783,842,842,842,165
843,Doris,Walker,66,95455045633,(+48)620087723,843,843,843,497
844,Pamela,Hicks,71,43275165711,(+48)215788141,844,844,844,113
845,Kelly,Blair,71,22220625943,(+48)569130261,845,845,845,415
846,Ivana,Alford,60,54970972295,(+48)367852118,846,846,846,33
847,Delilah,Estrada,24,49233209797,(+48)794024650,847,847,847,225
848,Hermione,Miranda,59,57660875898,(+48)128108888,848,848,848,173
849,Tallulah,Bauer,63,56890465221,(+48)218798611,849,849,849,261
850,Donna,Cortez,40,10149224804,(+48)851474505,850,850,850,232
851,Quynn,Lott,37,36499621745,(+48)678059444,851,851,851,310
852,Timothy,Diaz,20,52690124873,(+48)846911478,852,852,852,178
853,Robert,Huff,36,39798093253,(+48)276653037,853,853,853,313
854,Dillon,Walker,61,76514047917,(+48)826142479,854,854,854,42
855,Hyatt,Le,44,48201179830,(+48)344146828,855,855,855,272
856,Hillary,Garza,63,80794249169,(+48)387261205,856,856,856,366
857,Cheryl,Wilcox,40,02266534614,(+48)148055983,857,857,857,362
858,Briar,Beasley,67,40312353579,(+48)133694108,858,858,858,8
859,Bruno,Ingram,50,13984968000,(+48)345702616,859,859,859,4
860,Stewart,Mayo,46,06308859247,(+48)644555589,860,860,860,49
861,Lareina,Adams,40,22920570211,(+48)096911786,861,861,861,99
862,Hu,Carpenter,60,90705748940,(+48)098029228,862,862,862,459
863,Daniel,Beasley,24,99713893863,(+48)438322322,863,863,863,91
864,Hashim,Knox,24,67950069931,(+48)220517960,864,864,864,412
865,Thor,Grant,25,26340956651,(+48)757651883,865,865,865,473
866,Helen,Johnston,56,30719032777,(+48)762428594,866,866,866,175
867,Nash,Yang,46,58842315487,(+48)390677343,867,867,867,345
868,Tamekah,Owen,49,46983929714,(+48)045584324,868,868,868,224
869,Tara,Clayton,32,26695350058,(+48)441322726,869,869,869,188
870,Summer,Lindsey,68,27366599159,(+48)784799534,870,870,870,317
871,Martina,Pearson,68,40588061898,(+48)547463431,871,871,871,431
872,Astra,Bradford,64,64220914962,(+48)879969714,872,872,872,259
873,Maggy,Benton,65,04094070493,(+48)584080268,873,873,873,119
874,Marshall,Holt,28,45592672071,(+48)588638997,874,874,874,215
875,Urielle,Manning,48,22348763322,(+48)580897946,875,875,875,416
876,Brynne,Wood,55,18358900144,(+48)021353611,876,876,876,317
877,Walter,Bowen,42,95076038973,(+48)764788280,877,877,877,190
878,Damian,Mueller,59,87847986593,(+48)297085451,878,878,878,453
879,Galvin,Woodward,63,58890569354,(+48)053602022,879,879,879,431
880,Gareth,Berg,40,76569545435,(+48)482417823,880,880,880,100
881,Troy,Gutierrez,44,96689727374,(+48)339972421,881,881,881,359
882,Moana,Glenn,47,55874124883,(+48)855693037,882,882,882,16
883,Daryl,Irwin,37,77443899376,(+48)898387663,883,883,883,136
884,Emi,Figueroa,55,35348875520,(+48)909847537,884,884,884,208
885,Mira,Mayo,28,32465729363,(+48)240703893,885,885,885,402
886,Rama,Roman,51,31377881137,(+48)610657971,886,886,886,42
887,Kathleen,Cox,41,31719572609,(+48)498502373,887,887,887,227
888,Hilda,Suarez,29,36341584766,(+48)613883823,888,888,888,330
889,Rosalyn,Hancock,69,11265189714,(+48)872349910,889,889,889,160
890,Xenos,Sullivan,58,71949331557,(+48)065047435,890,890,890,379
891,Mercedes,Ayers,57,61791668763,(+48)606852569,891,891,891,75
892,Mufutau,Good,71,16493459639,(+48)795672942,892,892,892,325
893,Cooper,Skinner,69,75791183832,(+48)188141010,893,893,893,328
894,Russell,Schmidt,70,82144032511,(+48)720003221,894,894,894,45
895,Gemma,Mejia,31,47306194318,(+48)812073246,895,895,895,162
896,Kay,Padilla,58,89882416247,(+48)856398170,896,896,896,190
897,Stuart,Romero,59,12347015904,(+48)256870666,897,897,897,164
898,Zena,Mclaughlin,29,13252024258,(+48)050650176,898,898,898,385
899,Maryam,Hickman,66,21460072408,(+48)700136032,899,899,899,68
900,Amy,Reynolds,32,25891284320,(+48)438788559,900,900,900,307
901,Petra,Dodson,33,86496218708,(+48)936379412,901,901,901,141
902,Upton,Buckner,27,46004332982,(+48)604574377,902,902,902,31
903,Audra,Joyner,19,56275490001,(+48)534822093,903,903,903,220
904,Irene,Brown,70,88688183811,(+48)451461624,904,904,904,47
905,Allistair,Pittman,40,06640739608,(+48)426808044,905,905,905,94
906,Wyoming,Cobb,36,54764405170,(+48)254114967,906,906,906,313
907,Kessie,Salazar,48,62072118685,(+48)035553578,907,907,907,497
908,Selma,Alford,46,76232098396,(+48)507466979,908,908,908,266
909,Evelyn,Joyce,67,82780738351,(+48)561390050,909,909,909,369
910,Wyatt,Rogers,38,95348827006,(+48)079805061,910,910,910,77
911,Ariel,Calderon,28,06286015549,(+48)422122730,911,911,911,377
912,Charissa,Bray,37,27538659387,(+48)988443486,912,912,912,369
913,Zorita,Trevino,20,72054186830,(+48)705633322,913,913,913,114
914,Nora,Ochoa,51,15195192398,(+48)706490470,914,914,914,28
915,Gisela,Graham,44,76793354974,(+48)483712593,915,915,915,96
916,Fiona,Hall,31,70284621291,(+48)536023471,916,916,916,381
917,Irene,Durham,22,91414832961,(+48)323543697,917,917,917,129
918,Abel,Bartlett,51,47611921163,(+48)657843985,918,918,918,188
919,Guinevere,Anthony,62,09529584356,(+48)548765020,919,919,919,382
920,Astra,Lowe,25,03647617670,(+48)628164718,920,920,920,304
921,Skyler,Kent,29,96267878142,(+48)914681754,921,921,921,292
922,Marvin,Bender,75,32890319046,(+48)824648930,922,922,922,175
923,Astra,Sykes,47,74930934224,(+48)266260953,923,923,923,180
924,Ciaran,Robles,33,11242190693,(+48)687119535,924,924,924,104
925,Michelle,Farmer,34,68590321545,(+48)765824293,925,925,925,478
926,Bethany,Jenkins,72,68585811671,(+48)613768344,926,926,926,455
927,Erasmus,Rivas,40,57748245094,(+48)676733895,927,927,927,93
928,Pearl,Crane,75,06409235919,(+48)833333700,928,928,928,198
929,Raya,Hewitt,62,64281482132,(+48)156657630,929,929,929,20
930,Price,Ingram,39,54492879297,(+48)346669985,930,930,930,281
931,Keaton,Berry,36,14322857397,(+48)684504349,931,931,931,465
932,Blair,Mcfadden,68,04359491923,(+48)119949607,932,932,932,54
933,Macey,Sawyer,50,92483074509,(+48)458641953,933,933,933,477
934,Janna,Rowland,70,18624474722,(+48)130581536,934,934,934,221
935,Wendy,Battle,54,95990781644,(+48)191574887,935,935,935,438
936,Henry,Morrison,74,99639608297,(+48)375430849,936,936,936,40
937,Aline,Page,48,85379978932,(+48)802722559,937,937,937,46
938,Austin,Figueroa,26,97107856384,(+48)381275465,938,938,938,384
939,Hanae,Santos,19,83994214925,(+48)700449978,939,939,939,47
940,Yardley,Mendez,55,42126025415,(+48)846348819,940,940,940,473
941,Marny,Hansen,71,51761325648,(+48)240882376,941,941,941,480
942,Bert,Bass,66,92788184350,(+48)493067882,942,942,942,425
943,Nayda,Carney,22,09790789958,(+48)876202342,943,943,943,346
944,Joseph,Slater,46,37714924894,(+48)862768656,944,944,944,165
945,Sasha,Newman,53,11886739411,(+48)803382769,945,945,945,6
946,Ira,Mitchell,67,01440101280,(+48)954805985,946,946,946,166
947,Cody,Holt,53,90595186320,(+48)340569664,947,947,947,33
948,Judith,Kaufman,54,43285645795,(+48)213956990,948,948,948,482
949,Jamalia,Ross,68,04319874202,(+48)766346878,949,949,949,131
950,Malik,Goodwin,72,52057838279,(+48)157577854,950,950,950,237
951,Tatiana,Simmons,25,75902297502,(+48)286014029,951,951,951,376
952,Shelly,Pratt,47,62911729310,(+48)540200528,952,952,952,133
953,Genevieve,Wise,57,32611367659,(+48)821853818,953,953,953,432
954,Igor,Sykes,69,01725798959,(+48)196861853,954,954,954,494
955,Hanae,Yang,39,21215195278,(+48)847743653,955,955,955,151
956,Jayme,Allen,43,25829861982,(+48)492020804,956,956,956,313
957,Rahim,Winters,75,45370313805,(+48)881970220,957,957,957,259
958,Dylan,Farley,49,13071076503,(+48)645935414,958,958,958,342
959,Briar,Colon,60,34787048346,(+48)543104468,959,959,959,37
960,Kimberley,Davenport,57,03074248727,(+48)421266911,960,960,960,138
961,Damon,Camacho,60,77683843250,(+48)785557309,961,961,961,274
962,Evan,Martin,30,26249426284,(+48)569894963,962,962,962,243
963,Colette,Vaughn,31,59112734469,(+48)301920477,963,963,963,186
964,May,Moore,68,62214130041,(+48)324760791,964,964,964,448
965,Xanthus,Gregory,71,41677264585,(+48)098003235,965,965,965,355
966,Cally,Chandler,63,81971265433,(+48)169618117,966,966,966,465
967,Darius,Snyder,32,42713992080,(+48)117650976,967,967,967,467
968,Germaine,Roman,60,49532366638,(+48)028237258,968,968,968,9
969,Clinton,Hooper,22,11715489433,(+48)670343246,969,969,969,38
970,Mona,Barber,65,95697109370,(+48)829873231,970,970,970,127
971,Nola,Lindsay,55,99306386956,(+48)666694786,971,971,971,344
972,Nathaniel,Hanson,21,97114784614,(+48)252847403,972,972,972,79
973,Pamela,Grimes,51,42218618330,(+48)808270695,973,973,973,451
974,Tanek,Walsh,55,30057412634,(+48)406339320,974,974,974,110
975,Karleigh,Reese,32,17706670775,(+48)516770120,975,975,975,392
976,Lucian,Jensen,62,97712544315,(+48)982950501,976,976,976,135
977,Shea,Wiley,38,02488858630,(+48)894326814,977,977,977,37
978,Celeste,Bates,24,71209230578,(+48)363127116,978,978,978,313
979,Jaquelyn,Terrell,31,20632740870,(+48)893841788,979,979,979,52
980,Alexander,Bryant,67,22587400573,(+48)758735725,980,980,980,80
981,Cain,Battle,36,88199281539,(+48)270228603,981,981,981,248
982,Rana,Parks,22,59671609519,(+48)447690618,982,982,982,337
983,Isabelle,Burke,47,11859564422,(+48)592554408,983,983,983,104
984,Melissa,Peterson,35,28193244420,(+48)377829089,984,984,984,129
985,Gray,Kim,56,85401134044,(+48)478811849,985,985,985,294
986,Ella,Cash,52,39553021562,(+48)785290637,986,986,986,273
987,Claire,Turner,57,03566729775,(+48)087244413,987,987,987,492
988,Hoyt,Faulkner,75,06768639085,(+48)768736244,988,988,988,29
989,Melyssa,Stout,48,10804105781,(+48)654553130,989,989,989,486
990,Aline,Gutierrez,53,37034985076,(+48)487066221,990,990,990,348
991,Rhona,Pate,23,90080453257,(+48)756253902,991,991,991,369
992,Aurelia,Underwood,39,21499109218,(+48)263689354,992,992,992,481
993,Sylvester,Anderson,37,80551494644,(+48)664586302,993,993,993,343
994,Nicholas,Boone,52,06005034190,(+48)249603070,994,994,994,282
995,Ferris,Simon,29,69336496196,(+48)700119143,995,995,995,32
996,Benjamin,Hurst,44,12475392236,(+48)885595266,996,996,996,146
997,Rashad,Rivers,32,81692044282,(+48)811045623,997,997,997,112
998,Signe,Fernandez,63,19347166325,(+48)630168340,998,998,998,277
999,Kaden,House,22,17335617651,(+48)377910573,999,999,999,295
1000,Timothy,Alston,45,24489991625,(+48)296952180,1000,1000,1000,445

