id_prawo_jazdy,numer_prawa_jazdy,kraj_wydania,data_wydania,termin_waznosci_prawa_jazdy
1,39337/23/7652,Polska,18/06/2018,07/04/2021
2,94973/12/4271,Polska,01/06/2019,25/06/2020
3,80019/03/3473,Polska,14/12/2018,24/07/2020
4,80004/76/9054,Polska,28/01/2019,01/03/2021
5,93816/23/3413,Polska,01/11/2018,24/02/2021
6,53256/69/4984,Polska,03/08/2018,27/05/2020
7,98875/87/1265,Polska,29/08/2018,09/06/2020
8,07131/58/2936,Polska,15/06/2018,16/05/2021
9,29389/78/7185,Polska,02/01/2019,26/06/2020
10,05192/22/9737,Polska,16/03/2019,02/01/2021
11,87845/13/9758,Polska,16/03/2019,11/10/2020
12,03882/50/0105,Polska,08/09/2018,22/12/2020
13,20742/62/5313,Polska,01/11/2018,25/02/2021
14,25838/71/3617,Polska,03/01/2019,30/11/2020
15,49909/01/0541,Polska,21/08/2018,19/03/2021
16,39301/94/2268,Polska,30/01/2019,30/06/2020
17,10691/06/3712,Polska,20/06/2018,14/08/2020
18,71273/33/7467,Polska,02/02/2019,31/10/2020
19,87981/21/8028,Polska,31/05/2018,07/12/2020
20,61968/24/9520,Polska,04/12/2018,27/05/2021
21,70413/25/0947,Polska,22/08/2018,12/05/2021
22,82903/71/5577,Polska,28/11/2018,19/11/2020
23,54679/52/1502,Polska,20/04/2019,16/11/2020
24,91617/71/2504,Polska,12/05/2019,10/06/2020
25,41712/37/0124,Polska,16/01/2019,24/09/2020
26,79422/68/3885,Polska,08/12/2018,26/09/2020
27,50321/57/2913,Polska,11/12/2018,21/05/2020
28,73510/63/3113,Polska,18/04/2019,28/10/2020
29,53512/90/1451,Polska,28/06/2018,25/04/2021
30,78325/52/7890,Polska,06/05/2019,14/10/2020
31,41104/41/5779,Polska,24/04/2019,16/08/2020
32,39129/36/5443,Polska,19/04/2019,22/02/2021
33,86938/62/8779,Polska,23/05/2019,07/02/2021
34,98330/91/7857,Polska,15/02/2019,22/12/2020
35,07634/27/8665,Polska,12/08/2018,10/04/2021
36,59422/29/0288,Polska,12/03/2019,16/01/2021
37,62854/63/9337,Polska,22/05/2018,26/04/2021
38,07135/09/1651,Polska,24/05/2019,01/09/2020
39,07337/35/6218,Polska,14/07/2018,22/09/2020
40,17380/22/4032,Polska,22/03/2019,24/05/2020
41,26736/89/1099,Polska,18/01/2019,20/03/2021
42,43688/20/0118,Polska,10/03/2019,04/08/2020
43,50882/38/5601,Polska,22/01/2019,12/09/2020
44,33823/92/3976,Polska,06/06/2019,06/06/2021
45,65595/51/7367,Polska,20/12/2018,18/05/2021
46,24962/52/3667,Polska,31/01/2019,10/02/2021
47,49042/34/9904,Polska,21/02/2019,15/03/2021
48,49901/74/7571,Polska,02/06/2019,29/03/2021
49,44497/76/4413,Polska,11/02/2019,07/12/2020
50,56580/48/1831,Polska,24/09/2018,16/09/2020
51,83268/91/6160,Polska,11/09/2018,22/03/2021
52,56832/28/4531,Polska,04/04/2019,26/08/2020
53,01150/34/3427,Polska,13/06/2018,14/12/2020
54,68660/27/6332,Polska,07/05/2019,08/12/2020
55,16534/99/7099,Polska,30/06/2018,07/12/2020
56,25059/30/2171,Polska,13/04/2019,03/10/2020
57,73191/73/5041,Polska,26/06/2018,28/08/2020
58,58657/36/7392,Polska,18/11/2018,15/05/2020
59,34275/48/2556,Polska,03/10/2018,30/11/2020
60,75858/35/3511,Polska,23/06/2018,16/07/2020
61,17853/58/2827,Polska,21/04/2019,22/03/2021
62,00258/51/4289,Polska,15/02/2019,04/06/2020
63,04840/19/1309,Polska,30/11/2018,08/09/2020
64,15274/56/7267,Polska,09/12/2018,17/05/2020
65,52513/03/1046,Polska,06/08/2018,11/08/2020
66,88607/83/8753,Polska,28/04/2019,25/05/2021
67,93859/57/6238,Polska,04/02/2019,19/05/2021
68,74278/47/2061,Polska,01/05/2019,21/03/2021
69,67840/62/6020,Polska,23/08/2018,16/12/2020
70,87035/76/8633,Polska,10/11/2018,16/07/2020
71,81129/42/6593,Polska,28/02/2019,19/12/2020
72,44416/11/8106,Polska,31/05/2019,26/05/2020
73,14180/94/4325,Polska,06/05/2019,10/04/2021
74,55597/15/7591,Polska,28/10/2018,11/04/2021
75,90702/61/2236,Polska,17/10/2018,30/07/2020
76,32636/06/9615,Polska,27/01/2019,30/05/2021
77,21346/09/5196,Polska,26/07/2018,07/05/2021
78,99861/08/5727,Polska,04/08/2018,25/02/2021
79,36443/31/5836,Polska,25/07/2018,13/10/2020
80,17326/83/6535,Polska,14/12/2018,17/11/2020
81,39738/20/1047,Polska,06/04/2019,19/10/2020
82,49070/66/4281,Polska,29/01/2019,06/11/2020
83,50844/49/7037,Polska,29/12/2018,09/07/2020
84,87518/61/2452,Polska,11/05/2018,12/01/2021
85,53310/74/8909,Polska,09/08/2018,05/11/2020
86,75425/23/8915,Polska,13/03/2019,05/02/2021
87,52324/66/9912,Polska,11/05/2018,18/02/2021
88,23397/29/7173,Polska,12/07/2018,04/06/2020
89,69883/67/5237,Polska,01/10/2018,21/05/2020
90,65221/12/3447,Polska,30/09/2018,24/08/2020
91,74493/21/0570,Polska,27/10/2018,13/04/2021
92,46313/83/6692,Polska,16/05/2018,21/06/2020
93,82304/75/8423,Polska,23/05/2019,12/08/2020
94,92624/78/2728,Polska,29/05/2019,24/04/2021
95,03197/85/6049,Polska,20/12/2018,10/01/2021
96,44329/26/2655,Polska,27/05/2019,17/10/2020
97,27995/17/8971,Polska,18/03/2019,29/12/2020
98,17802/51/7461,Polska,10/02/2019,09/08/2020
99,88115/47/0008,Polska,18/05/2019,19/12/2020
100,90417/21/5432,Polska,13/02/2019,09/11/2020
101,34586/23/2421,Polska,25/11/2018,02/05/2021
102,64602/71/2613,Polska,08/11/2018,13/09/2020
103,02034/67/8802,Polska,16/02/2019,08/10/2020
104,39963/20/5369,Polska,02/10/2018,22/06/2020
105,07178/43/9742,Polska,30/10/2018,10/06/2020
106,88745/53/6866,Polska,19/05/2018,28/03/2021
107,73903/53/0538,Polska,21/10/2018,28/05/2020
108,61615/69/0978,Polska,10/07/2018,25/11/2020
109,72435/11/2795,Polska,13/11/2018,02/12/2020
110,79823/97/7748,Polska,05/02/2019,03/05/2021
111,46405/40/2274,Polska,14/08/2018,04/07/2020
112,60972/25/2722,Polska,17/07/2018,23/03/2021
113,65553/22/7163,Polska,13/02/2019,28/10/2020
114,57898/12/5686,Polska,28/05/2019,14/12/2020
115,66981/15/4319,Polska,06/06/2019,09/05/2021
116,96229/04/5393,Polska,08/12/2018,25/06/2020
117,29141/70/0466,Polska,16/11/2018,06/04/2021
118,34850/29/1298,Polska,29/04/2019,19/11/2020
119,41745/38/5614,Polska,10/03/2019,18/05/2020
120,85656/70/3348,Polska,31/12/2018,30/06/2020
121,29849/96/8719,Polska,05/12/2018,29/04/2021
122,56584/05/6532,Polska,13/07/2018,22/05/2020
123,29899/23/4053,Polska,17/09/2018,09/12/2020
124,80287/15/8115,Polska,14/02/2019,04/12/2020
125,60075/63/9859,Polska,19/08/2018,27/07/2020
126,75908/30/4684,Polska,18/08/2018,09/06/2020
127,96202/12/3684,Polska,27/09/2018,19/03/2021
128,66929/91/5890,Polska,23/10/2018,02/09/2020
129,79909/37/8874,Polska,10/08/2018,12/12/2020
130,08710/17/9545,Polska,14/12/2018,12/05/2020
131,57549/03/8108,Polska,25/11/2018,08/08/2020
132,01848/72/5123,Polska,27/05/2018,08/07/2020
133,94401/36/6813,Polska,13/07/2018,12/01/2021
134,36249/16/0961,Polska,16/04/2019,12/01/2021
135,81053/57/6960,Polska,30/12/2018,08/12/2020
136,37163/75/5191,Polska,02/04/2019,18/11/2020
137,33049/04/6227,Polska,17/02/2019,16/08/2020
138,28185/77/2719,Polska,08/11/2018,20/02/2021
139,98273/78/2926,Polska,19/06/2018,19/07/2020
140,96601/22/3042,Polska,06/01/2019,16/02/2021
141,22790/97/2960,Polska,29/04/2019,04/07/2020
142,23402/79/4391,Polska,21/07/2018,26/04/2021
143,09232/63/6859,Polska,02/02/2019,21/02/2021
144,55052/24/8262,Polska,08/02/2019,19/06/2020
145,67536/97/5075,Polska,14/08/2018,28/09/2020
146,30794/47/0335,Polska,19/08/2018,04/06/2021
147,38753/68/0957,Polska,24/06/2018,10/11/2020
148,49346/95/4484,Polska,10/02/2019,20/03/2021
149,27965/90/8447,Polska,16/06/2018,26/12/2020
150,20098/18/3822,Polska,10/07/2018,08/09/2020
151,26922/36/0887,Polska,08/08/2018,22/12/2020
152,75365/11/9849,Polska,10/02/2019,13/12/2020
153,93701/19/4421,Polska,18/05/2019,03/06/2021
154,34371/35/0135,Polska,06/04/2019,13/05/2021
155,49161/05/5949,Polska,21/04/2019,07/06/2020
156,75095/53/8672,Polska,04/06/2018,16/07/2020
157,05440/55/3003,Polska,11/10/2018,05/06/2021
158,27522/02/7902,Polska,19/12/2018,29/04/2021
159,09863/63/1936,Polska,20/05/2018,05/11/2020
160,37793/00/4421,Polska,13/07/2018,26/09/2020
161,94407/10/7417,Polska,19/09/2018,01/11/2020
162,27190/28/4922,Polska,23/09/2018,30/01/2021
163,61671/12/3218,Polska,09/04/2019,16/04/2021
164,71682/32/3151,Polska,14/09/2018,02/06/2021
165,34263/65/5927,Polska,31/03/2019,26/08/2020
166,59961/39/3265,Polska,07/05/2019,18/01/2021
167,84727/13/2267,Polska,03/06/2019,25/08/2020
168,42018/60/0350,Polska,12/06/2018,20/04/2021
169,32261/58/7062,Polska,19/11/2018,03/04/2021
170,88902/22/9972,Polska,28/08/2018,30/05/2020
171,08068/10/4136,Polska,20/07/2018,05/10/2020
172,39797/50/4793,Polska,20/06/2018,22/07/2020
173,79501/40/9707,Polska,30/04/2019,19/10/2020
174,76696/10/9749,Polska,19/12/2018,03/04/2021
175,54704/18/3562,Polska,03/04/2019,24/03/2021
176,07457/32/7104,Polska,20/07/2018,11/05/2020
177,79180/16/4018,Polska,03/10/2018,10/10/2020
178,82301/65/8955,Polska,15/07/2018,25/08/2020
179,31373/08/3563,Polska,23/11/2018,15/03/2021
180,65381/88/3776,Polska,07/05/2019,27/12/2020
181,07772/66/8109,Polska,15/04/2019,16/02/2021
182,57266/61/2088,Polska,30/09/2018,30/05/2021
183,36925/39/2999,Polska,20/12/2018,16/02/2021
184,76243/06/3911,Polska,04/06/2019,05/10/2020
185,27898/19/7933,Polska,24/06/2018,28/02/2021
186,95824/12/4101,Polska,12/08/2018,24/05/2021
187,34430/83/1058,Polska,10/05/2019,15/03/2021
188,85795/48/8874,Polska,15/11/2018,08/07/2020
189,70982/39/2526,Polska,06/12/2018,25/01/2021
190,06789/89/5771,Polska,02/04/2019,03/12/2020
191,56605/58/3953,Polska,07/04/2019,17/12/2020
192,94634/88/6583,Polska,16/01/2019,29/10/2020
193,37326/99/3050,Polska,05/12/2018,02/08/2020
194,75633/93/9323,Polska,28/10/2018,01/11/2020
195,95784/44/2870,Polska,02/07/2018,23/04/2021
196,29619/02/5100,Polska,17/05/2018,24/02/2021
197,73476/40/8804,Polska,29/04/2019,03/06/2020
198,68803/09/1011,Polska,03/01/2019,02/06/2020
199,73075/68/5668,Polska,23/05/2018,10/05/2020
200,03444/33/4793,Polska,19/05/2019,22/02/2021
201,50669/77/1844,Polska,18/06/2018,07/07/2020
202,92951/52/8431,Polska,15/05/2019,09/04/2021
203,98621/00/0460,Polska,23/03/2019,26/07/2020
204,02980/07/5577,Polska,30/12/2018,27/04/2021
205,52904/75/8946,Polska,13/12/2018,13/05/2021
206,57767/70/3716,Polska,01/01/2019,15/05/2020
207,79687/13/4987,Polska,29/11/2018,26/02/2021
208,89264/05/8616,Polska,29/04/2019,13/03/2021
209,37317/78/9369,Polska,18/07/2018,14/09/2020
210,94618/10/6896,Polska,30/11/2018,21/08/2020
211,06002/97/3501,Polska,29/05/2019,30/05/2020
212,91960/89/6791,Polska,03/06/2019,28/03/2021
213,41952/63/2248,Polska,13/08/2018,05/06/2020
214,24111/47/2664,Polska,05/06/2018,05/12/2020
215,52532/21/2354,Polska,16/05/2018,09/09/2020
216,31695/91/9744,Polska,11/03/2019,19/02/2021
217,96543/80/9352,Polska,04/10/2018,23/09/2020
218,89510/74/6288,Polska,08/12/2018,11/01/2021
219,87379/25/3649,Polska,09/06/2018,02/06/2020
220,29219/24/4534,Polska,29/04/2019,09/03/2021
221,04489/10/7985,Polska,29/05/2019,22/01/2021
222,36452/72/7746,Polska,18/09/2018,24/06/2020
223,05530/08/3487,Polska,14/12/2018,02/07/2020
224,96606/40/5942,Polska,14/04/2019,17/07/2020
225,39412/19/6892,Polska,10/12/2018,12/09/2020
226,32231/58/9376,Polska,24/08/2018,30/08/2020
227,97338/93/2162,Polska,29/01/2019,21/12/2020
228,68487/16/7400,Polska,04/01/2019,09/03/2021
229,64122/15/9757,Polska,12/08/2018,11/09/2020
230,19502/82/8187,Polska,30/11/2018,14/06/2020
231,66573/21/3287,Polska,29/09/2018,15/12/2020
232,40056/93/1640,Polska,22/11/2018,05/12/2020
233,24317/22/5982,Polska,04/02/2019,15/05/2020
234,46567/99/6736,Polska,18/10/2018,14/01/2021
235,78371/43/6561,Polska,05/08/2018,16/05/2020
236,87809/40/8644,Polska,07/03/2019,05/04/2021
237,21220/89/3572,Polska,20/09/2018,20/11/2020
238,84437/08/4271,Polska,02/06/2018,10/03/2021
239,08148/91/2433,Polska,27/04/2019,27/02/2021
240,65455/80/3187,Polska,30/11/2018,06/10/2020
241,51560/98/8196,Polska,13/01/2019,19/08/2020
242,24415/76/9025,Polska,17/03/2019,06/06/2021
243,57038/34/6108,Polska,28/08/2018,28/01/2021
244,76965/77/5499,Polska,12/08/2018,25/11/2020
245,81458/36/0828,Polska,15/02/2019,06/07/2020
246,95630/34/0217,Polska,05/06/2018,13/05/2021
247,18295/83/5727,Polska,16/12/2018,02/03/2021
248,18544/63/6522,Polska,17/02/2019,14/07/2020
249,15249/36/1089,Polska,09/12/2018,03/03/2021
250,37511/18/3991,Polska,14/04/2019,26/05/2021
251,54617/36/0685,Polska,05/02/2019,19/04/2021
252,83510/62/8656,Polska,12/05/2018,01/11/2020
253,26835/13/5389,Polska,14/04/2019,26/12/2020
254,00746/70/5398,Polska,28/10/2018,12/10/2020
255,81853/72/8345,Polska,12/06/2018,18/07/2020
256,28031/67/9589,Polska,23/05/2019,18/08/2020
257,32612/14/2933,Polska,18/12/2018,21/04/2021
258,88661/59/5023,Polska,21/04/2019,02/08/2020
259,15473/33/1373,Polska,11/12/2018,08/06/2020
260,98603/80/7196,Polska,04/07/2018,15/10/2020
261,85735/24/7663,Polska,21/05/2019,20/11/2020
262,03747/87/5274,Polska,17/12/2018,15/11/2020
263,98789/50/8184,Polska,22/10/2018,18/05/2020
264,82006/76/2176,Polska,11/10/2018,14/12/2020
265,82479/99/7495,Polska,04/10/2018,24/06/2020
266,27477/38/6868,Polska,21/10/2018,29/07/2020
267,87564/87/1464,Polska,30/05/2018,15/01/2021
268,93493/13/2650,Polska,07/06/2019,01/07/2020
269,12750/43/7324,Polska,22/05/2018,18/02/2021
270,88966/11/2515,Polska,21/07/2018,30/04/2021
271,90804/17/9192,Polska,28/12/2018,26/06/2020
272,94348/07/0559,Polska,05/03/2019,21/03/2021
273,42554/70/5306,Polska,08/04/2019,14/05/2021
274,20048/95/7252,Polska,07/03/2019,12/03/2021
275,59167/22/3165,Polska,16/09/2018,04/12/2020
276,72053/58/3213,Polska,02/12/2018,29/06/2020
277,25121/94/6106,Polska,30/11/2018,14/07/2020
278,26348/66/5237,Polska,06/04/2019,02/10/2020
279,28186/40/8823,Polska,17/09/2018,12/03/2021
280,05599/11/9836,Polska,27/08/2018,13/04/2021
281,28494/01/7846,Polska,05/10/2018,25/12/2020
282,92333/11/6511,Polska,20/03/2019,09/05/2020
283,00121/00/5634,Polska,15/04/2019,11/02/2021
284,12813/69/8281,Polska,21/02/2019,15/07/2020
285,62473/13/5336,Polska,27/12/2018,12/08/2020
286,45846/31/9722,Polska,16/11/2018,09/05/2020
287,64534/45/3525,Polska,25/08/2018,29/12/2020
288,99912/44/6082,Polska,14/06/2018,18/08/2020
289,83824/80/7062,Polska,07/03/2019,12/02/2021
290,69605/05/7557,Polska,30/04/2019,11/01/2021
291,47091/60/9883,Polska,29/05/2019,12/04/2021
292,71761/57/8737,Polska,03/01/2019,31/07/2020
293,44340/00/5852,Polska,19/04/2019,18/02/2021
294,84454/44/3724,Polska,03/10/2018,29/08/2020
295,58605/48/9233,Polska,18/12/2018,03/04/2021
296,57358/94/3228,Polska,06/10/2018,15/09/2020
297,68212/68/5143,Polska,14/11/2018,29/01/2021
298,74923/84/6294,Polska,22/04/2019,29/04/2021
299,65259/58/1340,Polska,04/06/2019,02/06/2020
300,65334/84/8123,Polska,08/01/2019,07/02/2021
301,14699/32/8783,Polska,15/01/2019,10/02/2021
302,93352/59/6552,Polska,01/09/2018,07/05/2021
303,89763/58/6990,Polska,24/05/2019,24/05/2020
304,59991/86/9263,Polska,11/03/2019,21/09/2020
305,51501/25/6546,Polska,23/08/2018,30/11/2020
306,20989/57/8637,Polska,16/10/2018,12/05/2021
307,62959/87/5227,Polska,20/03/2019,26/10/2020
308,83809/56/3184,Polska,01/03/2019,14/12/2020
309,17374/13/8901,Polska,01/04/2019,26/02/2021
310,85073/60/6389,Polska,15/02/2019,17/06/2020
311,29875/19/4501,Polska,13/07/2018,12/07/2020
312,97601/40/1687,Polska,04/12/2018,01/07/2020
313,66026/66/5685,Polska,07/11/2018,12/05/2020
314,46165/52/5712,Polska,24/09/2018,10/07/2020
315,42392/55/1218,Polska,15/12/2018,02/07/2020
316,34490/05/9505,Polska,05/08/2018,26/02/2021
317,76039/60/1953,Polska,28/08/2018,13/08/2020
318,24689/71/1545,Polska,26/01/2019,06/03/2021
319,04619/67/0147,Polska,11/05/2019,07/03/2021
320,27688/77/3108,Polska,12/06/2018,11/10/2020
321,79750/91/4528,Polska,04/06/2018,05/06/2020
322,13880/89/5623,Polska,13/12/2018,20/11/2020
323,20208/62/9498,Polska,27/11/2018,22/07/2020
324,25816/26/8181,Polska,11/02/2019,15/06/2020
325,06296/85/8189,Polska,18/03/2019,14/09/2020
326,48700/74/0565,Polska,03/12/2018,25/05/2020
327,38264/08/3289,Polska,08/09/2018,04/12/2020
328,57532/45/0499,Polska,10/05/2019,08/09/2020
329,20095/14/2770,Polska,08/06/2019,22/07/2020
330,94592/82/0778,Polska,29/05/2018,25/11/2020
331,31187/12/7147,Polska,11/12/2018,07/01/2021
332,23237/41/5500,Polska,31/08/2018,22/07/2020
333,00282/36/0191,Polska,12/05/2018,22/11/2020
334,27840/66/4387,Polska,24/03/2019,18/06/2020
335,62503/06/3164,Polska,27/06/2018,01/12/2020
336,34770/79/0928,Polska,19/04/2019,17/05/2020
337,86843/37/1044,Polska,28/10/2018,23/08/2020
338,65771/18/7522,Polska,13/10/2018,04/03/2021
339,39308/49/0287,Polska,25/04/2019,30/05/2020
340,12040/25/4629,Polska,25/04/2019,20/04/2021
341,49067/82/9059,Polska,02/12/2018,22/05/2021
342,35775/70/3525,Polska,23/11/2018,08/05/2021
343,56672/04/4984,Polska,29/01/2019,27/10/2020
344,05187/19/2037,Polska,09/11/2018,04/07/2020
345,81362/61/4261,Polska,13/12/2018,29/05/2020
346,84489/88/7293,Polska,31/05/2019,16/10/2020
347,48068/27/1063,Polska,07/07/2018,25/05/2020
348,32503/92/0015,Polska,02/07/2018,29/10/2020
349,40439/26/8517,Polska,04/06/2018,17/12/2020
350,58585/78/2024,Polska,04/08/2018,03/02/2021
351,53846/95/7408,Polska,14/04/2019,16/01/2021
352,94721/67/2330,Polska,24/05/2019,19/08/2020
353,92661/86/3317,Polska,24/08/2018,28/09/2020
354,16302/05/3857,Polska,13/01/2019,03/10/2020
355,67825/06/9151,Polska,30/03/2019,14/02/2021
356,82278/60/0327,Polska,24/02/2019,15/12/2020
357,63978/26/4921,Polska,17/01/2019,06/08/2020
358,85691/50/7799,Polska,05/04/2019,01/08/2020
359,96857/89/9553,Polska,21/03/2019,21/02/2021
360,53279/67/2758,Polska,23/09/2018,25/10/2020
361,44905/77/5772,Polska,17/07/2018,21/02/2021
362,53942/90/8251,Polska,26/05/2018,03/12/2020
363,43111/48/6231,Polska,02/10/2018,23/05/2020
364,24791/36/9522,Polska,23/08/2018,31/12/2020
365,57457/37/3527,Polska,09/12/2018,31/08/2020
366,63802/53/6750,Polska,03/04/2019,20/03/2021
367,44271/13/4481,Polska,04/08/2018,06/06/2021
368,93921/37/4038,Polska,02/02/2019,15/08/2020
369,94047/62/2777,Polska,06/11/2018,23/03/2021
370,94918/35/6540,Polska,23/11/2018,15/04/2021
371,46184/68/8472,Polska,20/12/2018,11/01/2021
372,52024/39/1196,Polska,07/05/2019,10/03/2021
373,00545/19/0247,Polska,11/11/2018,01/05/2021
374,42100/94/8291,Polska,25/02/2019,26/12/2020
375,31661/87/0580,Polska,25/03/2019,01/02/2021
376,02612/64/6389,Polska,06/11/2018,15/03/2021
377,48043/96/2094,Polska,17/06/2018,28/11/2020
378,76554/50/3605,Polska,14/05/2019,27/12/2020
379,22896/52/4472,Polska,29/05/2019,11/05/2020
380,41538/83/8304,Polska,08/03/2019,21/04/2021
381,86946/20/7839,Polska,19/05/2019,10/09/2020
382,62615/05/2394,Polska,28/07/2018,18/05/2020
383,93377/10/8694,Polska,30/05/2019,24/05/2020
384,54174/85/8820,Polska,26/11/2018,02/02/2021
385,43649/87/9372,Polska,22/10/2018,22/04/2021
386,64975/74/5299,Polska,11/06/2018,23/05/2020
387,37413/29/5339,Polska,20/02/2019,11/06/2020
388,98886/81/3088,Polska,17/04/2019,31/08/2020
389,06380/90/0837,Polska,28/04/2019,30/05/2020
390,35055/59/8497,Polska,14/06/2018,26/05/2020
391,37319/62/7423,Polska,02/02/2019,09/08/2020
392,80471/46/4190,Polska,29/06/2018,01/10/2020
393,24584/42/3160,Polska,22/01/2019,28/12/2020
394,47019/75/2143,Polska,16/10/2018,11/03/2021
395,61407/92/6951,Polska,05/07/2018,02/09/2020
396,53596/80/2950,Polska,29/01/2019,23/05/2021
397,96972/29/6558,Polska,24/08/2018,30/07/2020
398,06599/29/4348,Polska,18/11/2018,12/01/2021
399,83474/67/0677,Polska,05/03/2019,06/02/2021
400,64994/64/0447,Polska,15/06/2018,04/01/2021
401,94613/15/8032,Polska,20/11/2018,01/08/2020
402,41619/78/6441,Polska,29/03/2019,22/05/2021
403,33598/53/3237,Polska,06/01/2019,09/11/2020
404,95110/91/4155,Polska,11/08/2018,01/10/2020
405,86455/19/9233,Polska,21/04/2019,17/06/2020
406,73237/55/0355,Polska,25/06/2018,16/07/2020
407,46647/06/3640,Polska,25/09/2018,21/10/2020
408,10520/54/3826,Polska,06/09/2018,04/10/2020
409,15361/40/6053,Polska,13/02/2019,07/09/2020
410,69065/43/0441,Polska,06/03/2019,28/08/2020
411,97141/53/4249,Polska,30/11/2018,27/08/2020
412,61101/70/7176,Polska,29/05/2019,02/10/2020
413,14267/30/2499,Polska,11/08/2018,10/04/2021
414,54017/43/2494,Polska,03/08/2018,08/02/2021
415,50630/34/8062,Polska,16/03/2019,13/11/2020
416,22063/20/2167,Polska,02/11/2018,31/01/2021
417,27570/72/0270,Polska,21/08/2018,28/10/2020
418,81115/91/2245,Polska,29/05/2019,21/05/2021
419,20850/06/7894,Polska,19/06/2018,26/05/2021
420,36518/53/6617,Polska,27/08/2018,17/08/2020
421,73374/69/8128,Polska,06/09/2018,13/10/2020
422,97904/68/3120,Polska,16/04/2019,16/05/2020
423,73937/59/8372,Polska,24/01/2019,01/02/2021
424,64624/54/6434,Polska,10/03/2019,06/03/2021
425,33801/22/4297,Polska,13/10/2018,30/04/2021
426,12472/30/9674,Polska,04/11/2018,05/06/2021
427,20884/52/8961,Polska,30/05/2019,25/03/2021
428,87309/73/9552,Polska,14/09/2018,09/05/2021
429,03444/40/1822,Polska,29/12/2018,30/08/2020
430,61723/51/9696,Polska,07/12/2018,12/05/2021
431,00674/52/0723,Polska,30/05/2018,24/04/2021
432,17767/94/0111,Polska,06/06/2019,04/10/2020
433,83445/41/5115,Polska,02/11/2018,15/07/2020
434,79021/09/4311,Polska,06/08/2018,29/10/2020
435,07992/91/3007,Polska,27/04/2019,14/12/2020
436,44295/70/7376,Polska,29/05/2019,22/12/2020
437,39849/37/0588,Polska,19/05/2019,21/06/2020
438,48039/43/9184,Polska,04/10/2018,23/03/2021
439,47017/75/5384,Polska,01/12/2018,14/01/2021
440,23450/50/9347,Polska,30/03/2019,18/05/2020
441,47781/70/9147,Polska,23/05/2019,01/06/2020
442,16591/03/0553,Polska,28/04/2019,10/01/2021
443,90451/38/5133,Polska,05/06/2018,07/06/2020
444,82553/47/7293,Polska,27/10/2018,14/04/2021
445,78581/53/7838,Polska,04/01/2019,20/06/2020
446,38967/58/1863,Polska,29/04/2019,10/01/2021
447,32680/41/9888,Polska,28/07/2018,22/08/2020
448,37080/77/4502,Polska,23/01/2019,25/05/2020
449,47005/18/2425,Polska,19/09/2018,27/12/2020
450,11552/53/1378,Polska,03/05/2019,11/06/2020
451,36914/37/4612,Polska,05/02/2019,28/04/2021
452,62880/03/3544,Polska,13/11/2018,04/04/2021
453,10764/80/1648,Polska,18/05/2018,24/10/2020
454,55282/75/4927,Polska,23/02/2019,31/01/2021
455,70783/14/8659,Polska,02/05/2019,18/05/2021
456,32313/58/7433,Polska,05/01/2019,03/06/2021
457,62637/13/0800,Polska,27/02/2019,07/06/2021
458,69483/34/8271,Polska,25/05/2019,27/10/2020
459,68427/26/0633,Polska,28/12/2018,15/03/2021
460,37150/13/1100,Polska,22/07/2018,15/10/2020
461,68392/22/0489,Polska,13/02/2019,11/05/2020
462,81617/68/1018,Polska,13/10/2018,26/06/2020
463,16820/94/0019,Polska,27/08/2018,28/05/2021
464,30263/20/2193,Polska,24/03/2019,17/07/2020
465,70149/24/0057,Polska,20/08/2018,26/07/2020
466,98793/89/4725,Polska,19/04/2019,15/07/2020
467,99829/03/8419,Polska,17/07/2018,11/09/2020
468,65880/99/5684,Polska,24/04/2019,27/03/2021
469,47736/10/9608,Polska,21/05/2018,07/08/2020
470,53856/60/7663,Polska,15/04/2019,24/08/2020
471,45344/90/3350,Polska,02/07/2018,21/09/2020
472,18729/79/0643,Polska,26/12/2018,28/11/2020
473,40010/77/7122,Polska,26/10/2018,04/10/2020
474,46647/97/3081,Polska,03/10/2018,14/03/2021
475,81050/01/5465,Polska,25/03/2019,05/06/2020
476,47525/33/8584,Polska,09/04/2019,30/12/2020
477,22220/52/9601,Polska,17/07/2018,04/09/2020
478,76287/72/4271,Polska,15/10/2018,23/04/2021
479,89713/56/2094,Polska,04/04/2019,10/08/2020
480,21583/55/4720,Polska,14/04/2019,17/03/2021
481,91863/28/1470,Polska,07/06/2019,09/08/2020
482,18465/66/4195,Polska,20/05/2019,03/02/2021
483,67922/39/4486,Polska,03/01/2019,05/02/2021
484,25054/19/1100,Polska,16/03/2019,26/11/2020
485,67623/13/2709,Polska,19/10/2018,07/01/2021
486,62102/64/1276,Polska,14/07/2018,29/06/2020
487,22042/26/2229,Polska,18/10/2018,24/06/2020
488,94307/57/7530,Polska,28/08/2018,26/01/2021
489,74349/47/6109,Polska,14/02/2019,11/05/2020
490,24140/47/2366,Polska,25/09/2018,01/09/2020
491,77424/28/8262,Polska,01/06/2019,03/05/2021
492,50107/81/8742,Polska,12/05/2018,20/10/2020
493,98236/57/3140,Polska,23/03/2019,12/05/2021
494,67485/31/1572,Polska,03/03/2019,15/03/2021
495,77069/84/3032,Polska,28/02/2019,03/04/2021
496,37884/10/9166,Polska,02/06/2018,30/03/2021
497,65296/45/3631,Polska,20/04/2019,28/10/2020
498,79053/46/7604,Polska,14/07/2018,07/09/2020
499,48969/87/6541,Polska,30/07/2018,18/08/2020
500,74810/18/3253,Polska,31/05/2018,19/03/2021
501,31678/44/8987,Polska,08/03/2019,03/05/2021
502,84672/23/7401,Polska,11/07/2018,26/07/2020
503,22141/57/7809,Polska,24/08/2018,09/01/2021
504,58792/58/1276,Polska,20/06/2018,24/04/2021
505,85818/66/9782,Polska,11/09/2018,11/04/2021
506,92349/12/0089,Polska,15/04/2019,09/06/2020
507,77136/35/4949,Polska,04/01/2019,15/02/2021
508,86742/72/0923,Polska,05/05/2019,07/05/2021
509,36349/34/7325,Polska,24/03/2019,03/10/2020
510,55181/57/6462,Polska,15/06/2018,09/09/2020
511,20593/69/5922,Polska,19/07/2018,14/11/2020
512,36171/90/4459,Polska,16/02/2019,07/07/2020
513,63111/76/7998,Polska,17/10/2018,27/06/2020
514,59118/60/0837,Polska,26/02/2019,01/09/2020
515,01901/34/6200,Polska,31/05/2019,01/09/2020
516,32118/81/7666,Polska,01/04/2019,18/06/2020
517,77547/53/1342,Polska,29/10/2018,16/11/2020
518,24458/08/9021,Polska,28/05/2019,03/08/2020
519,13904/76/0447,Polska,12/03/2019,13/05/2020
520,99552/78/6010,Polska,09/06/2018,22/08/2020
521,46955/86/7080,Polska,24/10/2018,17/06/2020
522,98575/51/0309,Polska,29/09/2018,24/02/2021
523,96165/87/6923,Polska,07/07/2018,15/12/2020
524,97884/68/2781,Polska,26/09/2018,28/07/2020
525,25686/71/7604,Polska,03/11/2018,02/07/2020
526,87964/56/6854,Polska,31/08/2018,07/03/2021
527,73831/10/0235,Polska,04/05/2019,07/06/2021
528,91263/03/3411,Polska,20/05/2019,04/02/2021
529,38694/38/0753,Polska,02/06/2019,24/05/2021
530,69580/51/3115,Polska,23/07/2018,21/09/2020
531,38841/28/2321,Polska,28/09/2018,21/11/2020
532,01539/51/5984,Polska,30/11/2018,21/05/2021
533,56517/82/9467,Polska,07/06/2019,12/04/2021
534,20849/18/1282,Polska,10/01/2019,06/09/2020
535,81242/74/0197,Polska,24/09/2018,20/03/2021
536,70563/40/9229,Polska,25/05/2018,02/12/2020
537,16835/05/3245,Polska,23/02/2019,28/07/2020
538,48712/83/2602,Polska,15/09/2018,17/03/2021
539,27567/59/9406,Polska,03/03/2019,20/06/2020
540,33139/56/3012,Polska,29/10/2018,02/12/2020
541,83576/73/7054,Polska,14/04/2019,28/12/2020
542,62112/16/2806,Polska,15/11/2018,07/03/2021
543,94550/95/2245,Polska,05/07/2018,03/03/2021
544,71155/96/1434,Polska,29/01/2019,01/05/2021
545,64681/86/1466,Polska,30/04/2019,17/05/2021
546,01697/81/1493,Polska,10/01/2019,22/06/2020
547,65852/90/5479,Polska,25/05/2019,19/02/2021
548,05191/24/8849,Polska,09/03/2019,04/06/2021
549,54645/88/5141,Polska,30/05/2019,22/08/2020
550,00301/84/8744,Polska,17/04/2019,19/12/2020
551,83618/40/2366,Polska,10/01/2019,04/08/2020
552,01289/70/4805,Polska,08/11/2018,23/12/2020
553,20704/58/9073,Polska,01/06/2018,04/11/2020
554,68109/44/5057,Polska,08/12/2018,11/03/2021
555,24704/19/4715,Polska,27/12/2018,04/12/2020
556,42000/90/7376,Polska,07/06/2019,16/09/2020
557,57592/19/7821,Polska,04/05/2019,26/05/2020
558,53573/05/5697,Polska,16/07/2018,12/08/2020
559,60761/40/8056,Polska,09/11/2018,30/09/2020
560,54874/55/6710,Polska,08/09/2018,07/12/2020
561,39344/80/3574,Polska,24/03/2019,28/08/2020
562,24574/37/9934,Polska,21/08/2018,22/09/2020
563,80846/51/8557,Polska,27/11/2018,11/11/2020
564,99170/53/8962,Polska,30/06/2018,02/06/2021
565,53781/78/4175,Polska,02/08/2018,14/05/2021
566,01253/01/8718,Polska,02/01/2019,06/05/2021
567,99842/64/9992,Polska,08/05/2019,29/09/2020
568,68337/75/4356,Polska,24/08/2018,19/05/2020
569,51052/83/3722,Polska,17/04/2019,25/01/2021
570,67532/42/2781,Polska,04/08/2018,14/04/2021
571,02887/31/2963,Polska,20/03/2019,12/03/2021
572,02685/06/8326,Polska,21/04/2019,13/05/2021
573,85838/10/6209,Polska,23/06/2018,27/03/2021
574,09640/94/7340,Polska,27/03/2019,09/11/2020
575,93699/53/2118,Polska,10/10/2018,11/09/2020
576,05615/34/6255,Polska,16/07/2018,16/03/2021
577,99683/41/8401,Polska,22/07/2018,14/10/2020
578,10163/38/5180,Polska,28/07/2018,20/05/2020
579,80614/23/0739,Polska,28/06/2018,26/04/2021
580,41382/23/3344,Polska,22/10/2018,26/05/2020
581,51899/41/8599,Polska,25/02/2019,12/04/2021
582,10444/41/7469,Polska,11/05/2018,26/06/2020
583,74298/63/3084,Polska,18/10/2018,31/03/2021
584,98439/39/8219,Polska,16/11/2018,21/03/2021
585,75327/16/3048,Polska,23/07/2018,10/01/2021
586,34697/90/6494,Polska,01/08/2018,10/03/2021
587,83422/25/4129,Polska,22/10/2018,30/07/2020
588,54670/08/4818,Polska,06/06/2018,02/04/2021
589,50650/39/0883,Polska,21/12/2018,13/06/2020
590,20655/17/8022,Polska,21/10/2018,22/05/2020
591,70378/86/0710,Polska,11/12/2018,29/07/2020
592,37176/25/5686,Polska,17/04/2019,20/09/2020
593,33140/94/3223,Polska,22/05/2019,12/10/2020
594,59236/21/8355,Polska,13/05/2019,21/07/2020
595,52278/73/7360,Polska,23/08/2018,15/03/2021
596,50155/57/7837,Polska,18/12/2018,26/05/2020
597,17338/17/3725,Polska,05/01/2019,14/06/2020
598,90464/19/0251,Polska,26/05/2019,15/05/2020
599,30787/47/0197,Polska,25/04/2019,17/02/2021
600,53570/84/3433,Polska,30/03/2019,24/04/2021
601,89799/82/4954,Polska,04/06/2019,04/06/2021
602,74212/23/1084,Polska,04/04/2019,06/02/2021
603,66540/89/3173,Polska,30/05/2019,21/09/2020
604,97379/77/5240,Polska,23/07/2018,19/07/2020
605,46379/58/8045,Polska,10/04/2019,25/09/2020
606,59548/96/6253,Polska,15/08/2018,17/01/2021
607,53330/96/5011,Polska,04/12/2018,10/10/2020
608,39197/09/1550,Polska,03/06/2018,01/01/2021
609,19805/52/0984,Polska,29/03/2019,10/10/2020
610,22429/03/1260,Polska,31/03/2019,12/05/2021
611,35745/90/0019,Polska,23/12/2018,02/06/2021
612,91444/53/3965,Polska,26/11/2018,13/08/2020
613,48551/67/8614,Polska,20/12/2018,14/04/2021
614,45945/94/6938,Polska,25/05/2019,06/04/2021
615,47290/59/6145,Polska,01/05/2019,23/04/2021
616,69737/50/8043,Polska,28/07/2018,29/10/2020
617,98992/68/5423,Polska,23/04/2019,22/06/2020
618,62322/03/7506,Polska,07/06/2018,30/01/2021
619,23484/29/8687,Polska,24/11/2018,25/03/2021
620,58027/66/9932,Polska,11/01/2019,26/03/2021
621,35539/28/9913,Polska,25/04/2019,23/12/2020
622,30759/61/8476,Polska,19/05/2018,27/10/2020
623,49406/30/9635,Polska,02/04/2019,12/10/2020
624,16435/42/7867,Polska,02/12/2018,31/07/2020
625,61723/67/0310,Polska,12/05/2019,26/04/2021
626,72603/67/6183,Polska,01/07/2018,03/08/2020
627,62815/59/1363,Polska,02/10/2018,12/05/2021
628,19676/70/7870,Polska,24/11/2018,22/02/2021
629,48315/93/4397,Polska,24/09/2018,21/02/2021
630,11270/40/7716,Polska,01/06/2018,24/03/2021
631,49219/09/7045,Polska,06/02/2019,16/06/2020
632,45139/67/9380,Polska,05/09/2018,13/10/2020
633,66106/88/8428,Polska,13/12/2018,14/05/2021
634,64764/47/8014,Polska,13/08/2018,23/05/2021
635,25382/32/1387,Polska,27/12/2018,17/05/2021
636,49437/37/0145,Polska,11/03/2019,14/01/2021
637,91948/84/0275,Polska,02/03/2019,14/10/2020
638,65797/93/6676,Polska,02/07/2018,16/08/2020
639,01338/45/3944,Polska,12/03/2019,10/09/2020
640,88363/39/0866,Polska,07/06/2018,25/05/2020
641,65459/01/6627,Polska,21/08/2018,13/08/2020
642,06651/95/5434,Polska,14/05/2019,23/05/2021
643,70700/88/6452,Polska,03/10/2018,14/08/2020
644,90192/86/5671,Polska,14/02/2019,25/06/2020
645,32237/87/1342,Polska,16/11/2018,04/01/2021
646,04393/04/9339,Polska,21/02/2019,07/07/2020
647,52249/81/7940,Polska,01/09/2018,31/10/2020
648,27815/94/9254,Polska,19/03/2019,01/11/2020
649,64868/79/1754,Polska,12/06/2018,26/06/2020
650,09480/18/4102,Polska,08/11/2018,20/02/2021
651,91796/72/1286,Polska,30/10/2018,05/09/2020
652,14494/66/0069,Polska,30/05/2018,08/07/2020
653,55963/47/3775,Polska,13/08/2018,10/06/2020
654,56238/35/7072,Polska,07/08/2018,11/05/2021
655,46712/72/9675,Polska,08/10/2018,29/04/2021
656,63801/28/9835,Polska,21/10/2018,16/10/2020
657,06442/24/9495,Polska,21/01/2019,11/09/2020
658,10882/85/9313,Polska,16/01/2019,02/11/2020
659,22540/42/3020,Polska,07/10/2018,08/01/2021
660,47261/21/0821,Polska,02/03/2019,08/06/2021
661,71356/39/8710,Polska,26/12/2018,18/11/2020
662,25078/47/1528,Polska,14/03/2019,26/06/2020
663,89910/09/3174,Polska,20/07/2018,31/08/2020
664,52192/96/4999,Polska,01/07/2018,27/06/2020
665,06854/91/6895,Polska,07/05/2019,09/05/2021
666,80580/90/7360,Polska,20/02/2019,25/02/2021
667,46343/73/2749,Polska,17/05/2019,17/01/2021
668,50351/93/1511,Polska,26/08/2018,17/03/2021
669,09200/03/7083,Polska,03/06/2018,23/03/2021
670,42616/98/1841,Polska,28/12/2018,27/03/2021
671,19212/36/3573,Polska,17/05/2018,22/10/2020
672,87481/19/0432,Polska,13/10/2018,14/05/2020
673,14903/08/7206,Polska,12/12/2018,23/11/2020
674,52999/34/6634,Polska,22/04/2019,16/04/2021
675,01621/67/4989,Polska,17/11/2018,25/04/2021
676,88397/02/8770,Polska,31/08/2018,19/09/2020
677,76001/76/4176,Polska,20/10/2018,01/01/2021
678,80747/23/5224,Polska,09/07/2018,25/01/2021
679,52264/03/2118,Polska,14/05/2019,25/09/2020
680,11988/40/5085,Polska,05/02/2019,04/12/2020
681,83307/92/9382,Polska,03/08/2018,06/09/2020
682,54768/97/9791,Polska,15/08/2018,24/03/2021
683,77918/42/7000,Polska,01/06/2019,16/12/2020
684,40733/76/2927,Polska,22/02/2019,25/09/2020
685,78565/54/4622,Polska,21/03/2019,17/07/2020
686,53105/81/6856,Polska,22/02/2019,12/05/2020
687,58034/33/7005,Polska,04/11/2018,04/06/2021
688,67111/68/4837,Polska,02/02/2019,17/01/2021
689,04385/97/0638,Polska,25/03/2019,28/09/2020
690,76309/01/9677,Polska,10/11/2018,21/06/2020
691,78836/32/0024,Polska,05/09/2018,15/10/2020
692,41948/00/1987,Polska,10/10/2018,16/04/2021
693,39740/70/7476,Polska,18/10/2018,22/03/2021
694,31363/36/6817,Polska,10/08/2018,29/07/2020
695,85586/77/5504,Polska,29/10/2018,30/04/2021
696,25595/23/3964,Polska,23/07/2018,18/07/2020
697,22869/44/1226,Polska,28/09/2018,11/10/2020
698,80358/80/9334,Polska,14/09/2018,25/02/2021
699,82915/30/2724,Polska,10/12/2018,12/12/2020
700,59403/53/6216,Polska,15/02/2019,12/05/2020
701,57548/57/1954,Polska,17/10/2018,01/06/2021
702,96926/20/9769,Polska,28/01/2019,04/11/2020
703,16270/89/2559,Polska,14/01/2019,23/05/2021
704,19866/06/2458,Polska,07/03/2019,11/08/2020
705,48568/53/4441,Polska,28/01/2019,28/10/2020
706,71251/41/6425,Polska,29/03/2019,04/07/2020
707,39235/47/1319,Polska,19/05/2018,23/08/2020
708,87841/38/6567,Polska,30/11/2018,02/10/2020
709,71923/56/6195,Polska,28/07/2018,04/02/2021
710,32180/21/2100,Polska,07/01/2019,21/11/2020
711,04133/79/9571,Polska,11/02/2019,07/09/2020
712,49505/12/5768,Polska,24/04/2019,28/08/2020
713,84806/12/6121,Polska,13/12/2018,13/08/2020
714,36506/46/3612,Polska,19/09/2018,06/06/2021
715,12834/30/0185,Polska,26/12/2018,06/03/2021
716,09111/82/4061,Polska,01/06/2018,01/10/2020
717,56703/16/4386,Polska,24/03/2019,12/11/2020
718,11042/16/0760,Polska,16/02/2019,30/12/2020
719,98171/67/7734,Polska,25/03/2019,27/03/2021
720,53760/10/8810,Polska,10/08/2018,14/04/2021
721,96203/38/0378,Polska,27/07/2018,03/01/2021
722,44012/79/6259,Polska,03/06/2019,05/02/2021
723,91911/89/3880,Polska,27/12/2018,19/09/2020
724,19347/47/4229,Polska,15/12/2018,26/04/2021
725,33202/82/7829,Polska,15/11/2018,11/07/2020
726,83162/55/1560,Polska,03/09/2018,03/03/2021
727,90838/36/0293,Polska,22/01/2019,24/11/2020
728,50643/42/5408,Polska,12/03/2019,06/11/2020
729,56112/27/9260,Polska,30/09/2018,28/05/2021
730,00837/86/6227,Polska,16/02/2019,26/12/2020
731,86038/67/8425,Polska,23/06/2018,25/06/2020
732,54881/70/7718,Polska,20/05/2019,06/08/2020
733,55542/26/4941,Polska,01/06/2019,05/08/2020
734,08965/80/8462,Polska,16/05/2018,21/06/2020
735,24305/18/7932,Polska,16/06/2018,27/09/2020
736,58574/07/9177,Polska,07/04/2019,12/02/2021
737,13204/04/1376,Polska,18/01/2019,03/06/2020
738,68286/98/0238,Polska,20/02/2019,30/08/2020
739,71278/29/6900,Polska,20/01/2019,18/12/2020
740,20535/66/2331,Polska,21/05/2018,19/09/2020
741,51750/77/3644,Polska,29/07/2018,03/03/2021
742,92311/91/1032,Polska,09/05/2019,18/04/2021
743,57713/05/7119,Polska,13/01/2019,26/12/2020
744,86963/23/8720,Polska,24/01/2019,01/12/2020
745,14215/41/9666,Polska,06/04/2019,28/09/2020
746,38943/75/4640,Polska,28/11/2018,01/06/2020
747,61494/26/7381,Polska,03/05/2019,02/04/2021
748,59690/56/6194,Polska,25/12/2018,14/05/2021
749,14789/25/4315,Polska,10/02/2019,26/04/2021
750,70007/73/5894,Polska,07/06/2018,24/04/2021
751,59505/12/5539,Polska,29/01/2019,20/02/2021
752,32868/39/9870,Polska,09/09/2018,24/08/2020
753,87861/34/0809,Polska,03/07/2018,27/12/2020
754,30553/00/6949,Polska,10/01/2019,06/05/2021
755,81710/79/8885,Polska,21/09/2018,03/02/2021
756,65600/79/0720,Polska,08/07/2018,01/08/2020
757,27338/02/3004,Polska,14/02/2019,23/03/2021
758,81561/34/0915,Polska,16/10/2018,26/02/2021
759,51530/51/3630,Polska,23/11/2018,17/11/2020
760,06919/21/0702,Polska,14/11/2018,26/05/2020
761,26360/45/1013,Polska,01/02/2019,15/05/2020
762,65416/78/0887,Polska,07/11/2018,03/02/2021
763,70601/68/2818,Polska,06/08/2018,01/05/2021
764,27873/07/5430,Polska,09/05/2018,02/01/2021
765,85663/64/2422,Polska,30/07/2018,13/04/2021
766,03471/65/2589,Polska,16/05/2019,29/12/2020
767,35342/89/6881,Polska,28/02/2019,17/05/2020
768,54429/76/1064,Polska,25/02/2019,27/06/2020
769,53629/87/8813,Polska,04/07/2018,21/04/2021
770,15695/28/3337,Polska,07/01/2019,11/11/2020
771,85662/86/8212,Polska,25/03/2019,21/04/2021
772,93271/06/2477,Polska,07/09/2018,31/01/2021
773,17336/67/0366,Polska,03/04/2019,28/03/2021
774,02889/61/1904,Polska,24/01/2019,03/02/2021
775,27623/87/1689,Polska,16/12/2018,07/12/2020
776,92559/58/6188,Polska,10/11/2018,04/03/2021
777,97868/96/8486,Polska,30/09/2018,21/06/2020
778,01088/14/7139,Polska,14/12/2018,22/06/2020
779,68927/64/6543,Polska,05/07/2018,27/08/2020
780,31127/06/6667,Polska,31/12/2018,29/01/2021
781,65689/49/3462,Polska,29/04/2019,16/10/2020
782,39993/55/8989,Polska,20/06/2018,21/04/2021
783,10717/37/4149,Polska,08/06/2018,24/11/2020
784,83933/27/0419,Polska,24/01/2019,04/02/2021
785,41306/19/4105,Polska,03/04/2019,23/01/2021
786,82220/64/4638,Polska,27/04/2019,13/03/2021
787,66193/13/4186,Polska,08/02/2019,17/12/2020
788,48268/67/9161,Polska,29/01/2019,23/03/2021
789,49114/68/7443,Polska,04/10/2018,22/07/2020
790,53777/28/5834,Polska,31/03/2019,14/09/2020
791,10278/19/4344,Polska,19/12/2018,26/06/2020
792,55814/56/8921,Polska,18/10/2018,23/09/2020
793,79908/48/1901,Polska,15/04/2019,19/05/2021
794,17937/46/2928,Polska,20/05/2018,04/04/2021
795,73239/02/2201,Polska,22/06/2018,29/05/2020
796,10969/15/9377,Polska,10/05/2019,29/01/2021
797,30587/77/9553,Polska,19/06/2018,19/09/2020
798,78381/50/1721,Polska,19/07/2018,25/10/2020
799,79185/02/2763,Polska,06/03/2019,15/09/2020
800,25102/15/7435,Polska,02/06/2019,15/08/2020
801,81732/80/5075,Polska,27/02/2019,10/01/2021
802,26029/30/6631,Polska,20/08/2018,12/12/2020
803,73389/13/3714,Polska,08/01/2019,29/08/2020
804,45736/34/4861,Polska,25/01/2019,04/12/2020
805,88019/68/2766,Polska,14/08/2018,05/06/2020
806,14628/99/0445,Polska,01/05/2019,03/03/2021
807,17142/52/8617,Polska,28/06/2018,27/08/2020
808,73641/91/7522,Polska,23/11/2018,22/01/2021
809,25015/06/0687,Polska,05/02/2019,06/07/2020
810,72935/80/7570,Polska,03/10/2018,17/04/2021
811,11113/97/6191,Polska,01/03/2019,25/04/2021
812,21727/78/5568,Polska,23/05/2018,15/04/2021
813,50430/19/8110,Polska,28/02/2019,01/12/2020
814,32329/04/8269,Polska,26/02/2019,11/03/2021
815,99778/22/4075,Polska,21/05/2019,04/11/2020
816,41550/47/1414,Polska,04/08/2018,16/10/2020
817,84388/20/5204,Polska,28/04/2019,19/12/2020
818,97310/72/8360,Polska,21/05/2019,16/04/2021
819,82030/27/1766,Polska,21/09/2018,13/09/2020
820,04435/05/6454,Polska,13/12/2018,23/06/2020
821,86458/39/5377,Polska,24/01/2019,27/01/2021
822,41778/94/4549,Polska,28/09/2018,15/04/2021
823,08503/15/8535,Polska,30/01/2019,14/03/2021
824,09438/07/6817,Polska,18/09/2018,23/06/2020
825,68652/11/7015,Polska,27/02/2019,31/08/2020
826,52978/83/2431,Polska,01/06/2018,23/01/2021
827,97094/77/5544,Polska,30/04/2019,14/07/2020
828,19721/43/2095,Polska,22/02/2019,07/03/2021
829,06390/53/3730,Polska,25/02/2019,14/01/2021
830,72450/00/4514,Polska,02/02/2019,16/03/2021
831,24578/87/8485,Polska,22/07/2018,03/12/2020
832,87531/81/4997,Polska,20/01/2019,20/05/2020
833,44744/29/6721,Polska,19/12/2018,27/09/2020
834,39927/76/5243,Polska,13/05/2018,03/05/2021
835,78460/85/9593,Polska,01/08/2018,12/09/2020
836,34864/44/6575,Polska,22/10/2018,21/11/2020
837,50337/85/2131,Polska,30/12/2018,18/06/2020
838,60155/00/5449,Polska,07/03/2019,17/03/2021
839,21475/03/3694,Polska,22/05/2019,13/08/2020
840,92188/30/1461,Polska,03/06/2018,23/08/2020
841,61762/21/7248,Polska,13/10/2018,18/05/2020
842,62475/83/4237,Polska,13/03/2019,12/01/2021
843,41571/72/8990,Polska,16/09/2018,17/02/2021
844,65297/02/1983,Polska,16/08/2018,25/09/2020
845,46929/45/3194,Polska,08/11/2018,10/07/2020
846,67640/43/9504,Polska,15/05/2018,30/05/2021
847,79281/47/0716,Polska,23/07/2018,08/06/2020
848,74619/93/8405,Polska,04/08/2018,22/08/2020
849,14567/51/7997,Polska,02/05/2019,14/12/2020
850,27965/04/6610,Polska,11/09/2018,06/10/2020
851,33036/87/6490,Polska,23/12/2018,04/09/2020
852,05857/65/6383,Polska,23/04/2019,13/08/2020
853,34938/50/0643,Polska,12/02/2019,28/08/2020
854,67955/50/4610,Polska,09/05/2019,12/04/2021
855,47702/34/0785,Polska,10/01/2019,16/12/2020
856,62322/38/6754,Polska,12/04/2019,07/06/2021
857,61921/38/3430,Polska,26/05/2019,12/01/2021
858,14358/42/7999,Polska,23/11/2018,07/12/2020
859,31270/84/5207,Polska,20/12/2018,10/05/2020
860,23961/20/5219,Polska,10/02/2019,16/05/2020
861,66809/50/8530,Polska,20/05/2018,25/02/2021
862,70065/69/6319,Polska,20/01/2019,01/09/2020
863,37157/68/9546,Polska,06/06/2019,08/06/2021
864,35695/44/8519,Polska,08/07/2018,20/02/2021
865,57416/05/8085,Polska,17/07/2018,02/12/2020
866,14372/33/7062,Polska,22/02/2019,04/05/2021
867,66711/66/2620,Polska,26/12/2018,18/09/2020
868,04710/61/9123,Polska,07/06/2019,07/08/2020
869,50693/30/0666,Polska,09/10/2018,19/04/2021
870,48715/07/8182,Polska,03/09/2018,15/12/2020
871,99251/17/4534,Polska,14/01/2019,14/05/2021
872,12852/82/9578,Polska,01/09/2018,15/01/2021
873,38445/25/4443,Polska,17/03/2019,02/02/2021
874,70597/95/0463,Polska,06/04/2019,02/09/2020
875,22615/56/2400,Polska,14/07/2018,14/01/2021
876,84600/05/4435,Polska,06/08/2018,11/11/2020
877,92297/33/4667,Polska,21/01/2019,22/07/2020
878,27284/52/5509,Polska,06/12/2018,27/09/2020
879,20936/47/9972,Polska,15/01/2019,22/01/2021
880,26050/52/6244,Polska,15/06/2018,07/10/2020
881,52905/46/5486,Polska,22/04/2019,18/09/2020
882,41289/28/6412,Polska,08/12/2018,30/03/2021
883,46398/92/3476,Polska,05/09/2018,17/12/2020
884,48194/63/3384,Polska,14/10/2018,20/12/2020
885,56475/02/6263,Polska,18/09/2018,12/07/2020
886,56258/50/6155,Polska,20/04/2019,21/06/2020
887,34008/33/6883,Polska,24/01/2019,08/04/2021
888,26928/55/5911,Polska,28/11/2018,31/03/2021
889,17068/78/3328,Polska,04/06/2018,09/01/2021
890,32665/35/4670,Polska,08/07/2018,19/02/2021
891,50915/41/7625,Polska,17/10/2018,09/04/2021
892,69348/67/0402,Polska,10/05/2018,15/05/2021
893,17742/11/0270,Polska,25/06/2018,26/08/2020
894,19660/42/2991,Polska,11/05/2018,19/11/2020
895,23091/04/2250,Polska,07/01/2019,28/07/2020
896,00321/34/9468,Polska,28/01/2019,27/03/2021
897,12854/15/4377,Polska,18/04/2019,21/05/2021
898,37931/26/7277,Polska,29/05/2018,18/06/2020
899,59994/84/0753,Polska,23/08/2018,19/12/2020
900,51876/20/4031,Polska,19/07/2018,08/05/2021
901,97314/04/1891,Polska,12/03/2019,20/06/2020
902,89563/63/9090,Polska,04/09/2018,15/02/2021
903,86706/10/0308,Polska,28/02/2019,12/02/2021
904,72287/47/7556,Polska,10/04/2019,07/06/2020
905,11985/88/4961,Polska,09/04/2019,25/10/2020
906,67888/92/8701,Polska,22/01/2019,18/11/2020
907,08845/50/0122,Polska,23/12/2018,22/11/2020
908,10709/20/6473,Polska,12/05/2019,23/06/2020
909,25128/09/8197,Polska,23/08/2018,13/07/2020
910,04354/47/6697,Polska,15/01/2019,13/05/2020
911,40770/32/7643,Polska,31/08/2018,03/11/2020
912,87286/00/6800,Polska,05/04/2019,29/08/2020
913,16553/12/3963,Polska,04/03/2019,03/06/2020
914,64396/16/1548,Polska,05/11/2018,09/11/2020
915,72582/16/3289,Polska,13/09/2018,27/01/2021
916,74396/68/3957,Polska,26/10/2018,20/08/2020
917,35441/59/6469,Polska,12/03/2019,09/04/2021
918,95211/53/9404,Polska,31/08/2018,28/03/2021
919,79038/43/3169,Polska,04/05/2019,18/07/2020
920,61111/75/7653,Polska,20/05/2019,27/10/2020
921,86439/48/9869,Polska,09/10/2018,07/03/2021
922,90733/15/0011,Polska,11/05/2018,08/12/2020
923,13299/05/4340,Polska,18/01/2019,21/06/2020
924,88027/01/3913,Polska,08/10/2018,22/08/2020
925,74789/79/0803,Polska,08/03/2019,16/10/2020
926,10226/75/0849,Polska,06/11/2018,18/12/2020
927,87698/98/0354,Polska,28/11/2018,27/04/2021
928,04473/56/4884,Polska,19/08/2018,27/05/2021
929,10096/17/0067,Polska,28/07/2018,14/01/2021
930,65664/79/0104,Polska,02/12/2018,17/05/2021
931,58704/19/3613,Polska,16/09/2018,28/02/2021
932,61078/07/5840,Polska,10/11/2018,25/10/2020
933,50520/54/0998,Polska,01/05/2019,27/10/2020
934,70390/65/2923,Polska,27/04/2019,14/12/2020
935,99107/69/1752,Polska,04/09/2018,30/05/2020
936,27282/37/2152,Polska,15/03/2019,11/08/2020
937,44310/51/2811,Polska,12/08/2018,07/12/2020
938,01971/04/6274,Polska,01/06/2019,02/12/2020
939,55683/89/8143,Polska,13/10/2018,15/05/2020
940,45307/59/8799,Polska,14/02/2019,19/07/2020
941,66171/70/9154,Polska,02/04/2019,15/05/2020
942,83863/68/8034,Polska,02/02/2019,22/05/2021
943,33192/97/2949,Polska,05/01/2019,18/06/2020
944,02072/09/7571,Polska,05/06/2019,07/08/2020
945,33502/30/5749,Polska,22/01/2019,04/03/2021
946,84272/46/6368,Polska,29/05/2018,22/08/2020
947,44143/99/0034,Polska,24/01/2019,06/03/2021
948,53693/16/8142,Polska,13/04/2019,25/03/2021
949,32478/11/5069,Polska,29/12/2018,04/03/2021
950,10310/32/3886,Polska,27/11/2018,05/02/2021
951,47063/87/8110,Polska,15/07/2018,15/06/2020
952,69870/47/6497,Polska,17/10/2018,11/05/2021
953,70712/19/0848,Polska,11/09/2018,12/12/2020
954,91189/99/0959,Polska,25/05/2019,06/06/2021
955,83931/67/0351,Polska,06/11/2018,03/06/2020
956,16436/52/1312,Polska,23/05/2018,16/08/2020
957,59149/24/5138,Polska,11/11/2018,19/12/2020
958,16074/11/9236,Polska,28/09/2018,27/06/2020
959,77329/45/0600,Polska,22/09/2018,04/05/2021
960,85000/61/3539,Polska,10/02/2019,20/11/2020
961,51362/38/6953,Polska,15/12/2018,15/10/2020
962,28264/33/5420,Polska,12/08/2018,28/02/2021
963,42004/45/7318,Polska,27/02/2019,14/07/2020
964,77106/70/2130,Polska,16/07/2018,11/05/2020
965,30473/01/5058,Polska,30/10/2018,28/04/2021
966,16362/00/3970,Polska,19/07/2018,05/08/2020
967,18698/90/2932,Polska,29/06/2018,06/06/2020
968,41542/15/8075,Polska,15/11/2018,27/10/2020
969,33743/14/1150,Polska,27/05/2018,13/07/2020
970,84974/17/8329,Polska,14/02/2019,23/05/2020
971,86202/01/9643,Polska,12/07/2018,21/03/2021
972,39743/96/8953,Polska,27/10/2018,29/04/2021
973,83890/62/2619,Polska,08/11/2018,02/03/2021
974,92103/16/7596,Polska,21/02/2019,10/10/2020
975,24011/80/6299,Polska,15/05/2019,19/09/2020
976,08070/34/2234,Polska,19/06/2018,25/03/2021
977,43769/51/9244,Polska,18/01/2019,14/06/2020
978,26517/23/6134,Polska,27/04/2019,08/06/2020
979,21555/78/8232,Polska,04/12/2018,21/07/2020
980,90251/17/6602,Polska,11/08/2018,08/12/2020
981,11045/65/9180,Polska,14/02/2019,29/05/2021
982,64543/46/7667,Polska,18/04/2019,24/05/2021
983,81909/56/9881,Polska,27/10/2018,30/06/2020
984,82648/56/7621,Polska,25/04/2019,04/12/2020
985,16553/22/9901,Polska,21/08/2018,12/04/2021
986,91048/03/7229,Polska,30/05/2019,17/07/2020
987,87843/50/5722,Polska,16/12/2018,16/02/2021
988,28550/54/1732,Polska,19/01/2019,10/11/2020
989,78182/80/4791,Polska,02/09/2018,17/07/2020
990,63414/09/6314,Polska,11/02/2019,21/09/2020
991,96541/61/5994,Polska,21/05/2019,26/08/2020
992,07688/16/7231,Polska,29/12/2018,30/08/2020
993,74574/21/5702,Polska,21/05/2019,09/08/2020
994,24496/98/6394,Polska,08/02/2019,27/09/2020
995,08214/04/7112,Polska,14/07/2018,10/02/2021
996,79690/27/1596,Polska,04/01/2019,27/10/2020
997,99297/92/6335,Polska,08/01/2019,19/05/2021
998,64969/78/0050,Polska,10/07/2018,15/09/2020
999,75102/25/2851,Polska,22/06/2018,20/01/2021
1000,14907/64/0105,Polska,12/07/2018,21/01/2021
