id_pracownika,imie,nazwisko,pesel,data_zatrudnienia,id_stanowiska,id_adres
1,Len,Cardenas,10578716916,31/07/21,499,518
2,Hop,Haley,28751832939,29/04/22,996,977
3,Patience,Mcclain,08666547148,22/06/21,819,960
4,Tucker,Day,21097281474,06/08/21,470,885
5,Imelda,Cruz,35002656470,23/04/22,294,781
6,Zena,Craig,72382001159,10/07/21,674,504
7,Nadine,Briggs,20620896433,03/11/21,557,837
8,Virginia,Lucas,87825136251,30/03/22,182,591
9,Casey,Stark,23996976620,09/02/22,990,891
10,Nevada,Vinson,35618221856,24/02/22,4,863
11,Rosalyn,Christian,50550247809,06/11/21,917,540
12,Petra,Mendoza,00262085170,24/10/21,780,867
13,Remedios,Mcfarland,93648673454,28/03/22,410,758
14,Kevin,Chan,15232431048,14/01/22,80,638
15,Lani,Stevenson,84259126562,29/01/22,6,553
16,Quyn,Lynch,29152395400,04/01/22,272,542
17,Gray,Simmons,92327230997,31/05/21,187,968
18,Shea,West,41856196636,15/11/21,785,808
19,Nina,Carrillo,46378102292,15/01/22,972,588
20,Cain,Schmidt,16992511184,18/09/21,808,794
21,Barclay,Lambert,75113023353,14/06/21,560,746
22,Kirestin,Parrish,36326587605,23/02/22,153,906
23,Chanda,Dillard,39750153598,27/08/21,895,743
24,Fritz,Howard,16158807677,24/05/21,209,955
25,Keely,Harmon,18393309658,05/09/21,498,737
26,Georgia,Serrano,95400381048,16/02/22,811,851
27,Rigel,Gilliam,09138579435,04/06/21,360,939
28,Abbot,Patrick,79219358463,19/12/21,349,731
29,Amos,Carver,81195952906,04/03/22,476,707
30,Kameko,Jimenez,12334369216,26/03/22,580,743
31,Ashely,Mills,68778274564,21/03/22,187,580
32,Tanisha,Pacheco,60903340262,15/11/21,889,610
33,Myles,Welch,83860698144,14/07/21,606,826
34,Marsden,Key,32523857983,16/12/21,164,875
35,Leah,Skinner,74150229034,07/01/22,527,983
36,Athena,Christensen,44496782481,08/07/21,852,997
37,Sydnee,Holder,85801923827,26/08/21,284,913
38,Morgan,Grant,91741429778,26/02/22,871,777
39,Roary,Ratliff,96386479862,08/03/22,546,948
40,Angela,Dawson,20304457424,05/07/21,292,555
41,Wynne,Briggs,89727465341,23/07/21,585,523
42,Amy,Moore,23663118860,28/04/22,306,952
43,Charlotte,England,00272019554,13/11/21,708,564
44,Jayme,Reid,77043465251,03/10/21,318,920
45,Alisa,Kirkland,10537839785,17/07/21,161,796
46,Matthew,Mitchell,34348785200,01/01/22,412,684
47,Sydney,Horton,89443226295,08/10/21,789,566
48,Brenda,Hopkins,74818786217,30/06/21,289,792
49,Blaine,Christensen,09154476106,22/05/21,645,923
50,Pamela,Rhodes,25216185717,17/11/21,535,707
51,Eden,Moran,53678026636,03/09/21,272,991
52,Katelyn,Alston,78599108689,08/07/21,383,706
53,Halee,Nielsen,09967869432,25/08/21,110,814
54,Darryl,Molina,69419330299,24/02/22,188,686
55,Fritz,Manning,03500287121,30/06/21,416,688
56,Ori,Navarro,03645688608,21/09/21,580,627
57,Cherokee,Tyson,82232350073,05/07/21,204,564
58,Oprah,Wallace,77341800670,21/03/22,489,647
59,Gareth,Oconnor,21954180297,01/03/22,605,578
60,Tana,George,06031221288,26/05/21,360,694
61,Chancellor,Page,03898317336,09/01/22,156,501
62,Seth,Bartlett,39743865094,28/06/21,902,646
63,Shafira,Bolton,99488310054,02/04/22,774,869
64,Inez,Mendez,77551838437,08/08/21,900,634
65,Andrew,Quinn,30688510526,31/07/21,23,510
66,Hedda,Hughes,61216300253,28/12/21,994,704
67,Mercedes,Barton,10088939092,08/09/21,710,990
68,Debra,Britt,48260901926,15/12/21,397,643
69,Anjolie,Benson,32040933843,09/09/21,123,579
70,Fitzgerald,Hahn,27254354457,03/09/21,130,949
71,Angela,Cohen,93308492886,23/01/22,148,975
72,Rina,Jacobson,30256691146,21/06/21,891,769
73,Justine,Ware,74315154332,28/10/21,981,742
74,Colorado,Rodriguez,95811480594,23/03/22,177,918
75,Zoe,Odonnell,77118623057,24/02/22,353,776
76,Charity,Massey,31113261220,03/08/21,754,695
77,Tyrone,Ratliff,06428380696,08/04/22,377,653
78,Carla,Marks,84696023155,04/11/21,236,632
79,Victoria,Carver,00842670640,03/10/21,301,923
80,Geraldine,Hurst,42912614929,16/05/21,532,755
81,Christen,Jacobson,62457714889,23/10/21,848,575
82,Roary,Conway,62453624027,23/12/21,981,871
83,Cynthia,Clay,28363035514,24/03/22,550,522
84,Kirk,Graves,21567829331,29/06/21,58,658
85,Tucker,Fields,41188592154,18/05/21,532,553
86,Ivory,Bowen,46203996929,25/12/21,136,666
87,Edward,Bauer,67176936141,12/10/21,606,510
88,Ella,Beasley,17737037730,02/10/21,709,725
89,Fuller,Yang,49767461085,10/02/22,247,736
90,Lucian,Livingston,57220034817,18/02/22,816,907
91,Cherokee,Carrillo,86053800908,18/06/21,528,659
92,Griffin,Cameron,88811925306,01/01/22,96,933
93,Ivana,Finch,02918398389,11/07/21,272,708
94,Damian,Mooney,50542634265,16/05/21,858,890
95,Heather,Francis,04505334273,04/07/21,157,518
96,Quintessa,Harrington,63427780117,11/07/21,724,987
97,Kasimir,Bullock,25586020547,10/06/21,861,816
98,Rosalyn,Molina,04956625746,16/05/21,480,574
99,Mia,Zamora,29577280234,23/09/21,7,593
100,Brielle,Savage,81376948513,05/03/22,276,837
101,Ivana,Washington,67824643766,08/03/22,199,849
102,Rudyard,Garcia,56484188030,30/03/22,309,838
103,Olivia,Reed,63456911298,15/01/22,900,551
104,Juliet,Perkins,40398706600,01/10/21,680,673
105,Patience,Henderson,03858450579,31/01/22,374,841
106,Axel,Stewart,45874754414,21/07/21,481,912
107,Ryan,David,29504440507,13/05/21,538,714
108,Jarrod,Merritt,38126591932,23/08/21,464,919
109,Blair,Figueroa,03263618669,22/06/21,482,608
110,Gareth,Watkins,86898457541,30/03/22,861,982
111,Yuri,Wilcox,20346618584,27/06/21,447,664
112,Noelle,Rodriquez,25405250015,14/11/21,213,982
113,Jolie,Conrad,97221993741,16/08/21,257,947
114,Karina,Wilder,67518034045,09/10/21,595,833
115,Jenette,Boone,84816005370,14/11/21,548,527
116,Tatum,Benson,05856750165,15/10/21,651,619
117,Chiquita,Burt,30511111759,31/07/21,737,535
118,Amery,Moody,10296971988,18/10/21,515,755
119,Ariana,Patterson,63715936102,04/08/21,112,903
120,Eaton,Castillo,44264851059,27/10/21,847,532
121,Jolene,Turner,71252846556,20/05/21,729,845
122,Joy,Allen,89405891997,10/01/22,924,887
123,Quintessa,Herman,65590885431,23/01/22,142,523
124,Richard,Moran,06547136325,24/09/21,49,588
125,Forrest,Saunders,50319497931,30/04/22,94,768
126,Cally,Terry,12576299822,27/07/21,453,661
127,Igor,Roberts,10751790594,05/07/21,669,508
128,Adria,Saunders,91049778761,16/12/21,960,538
129,Jenette,Hancock,86361540699,02/07/21,84,826
130,Zorita,Bradshaw,49243220197,02/01/22,258,942
131,Regan,Poole,26362417576,03/07/21,510,937
132,Gavin,Knight,98423745854,16/04/22,601,921
133,Francesca,Hart,55092334092,02/05/22,744,709
134,Beck,Bowers,90933217703,12/01/22,179,808
135,Colin,Knapp,07107330749,12/08/21,6,593
136,Honorato,Briggs,23116438218,05/01/22,646,650
137,Isabelle,Sosa,84695329403,17/09/21,427,523
138,Keefe,Shaw,18139873604,02/02/22,492,854
139,Rajah,Wall,55324857797,03/02/22,141,712
140,Savannah,Nicholson,29442420891,02/05/22,286,719
141,Shea,Benton,34676161841,19/02/22,677,799
142,Luke,Knox,28472715895,16/08/21,11,633
143,Wynne,Soto,33290917102,29/07/21,294,841
144,Riley,Travis,10768049639,24/10/21,183,672
145,Conan,Carney,25445536356,24/12/21,538,898
146,Flynn,Gilmore,75442256120,23/09/21,142,696
147,Gavin,Green,55900454099,25/06/21,718,730
148,Oren,Barry,84529744466,17/11/21,433,879
149,Anne,Roach,15306342751,24/01/22,732,624
150,Leila,Hurst,23886860206,21/03/22,928,740
151,Herman,Wong,25555199375,13/04/22,519,738
152,Quon,Brock,90489065185,25/12/21,769,911
153,Anthony,Chase,83638258295,02/02/22,750,744
154,Ariana,Larsen,50508414033,11/08/21,609,535
155,Chaney,Nicholson,29993819739,16/11/21,313,561
156,Hermione,Hale,69320272675,29/09/21,36,683
157,Madeline,Curry,08207589563,22/01/22,440,965
158,Igor,Shepherd,30862980157,15/06/21,708,801
159,Buckminster,Garrison,81101950916,29/04/22,205,782
160,Macey,Miller,49626914020,10/03/22,776,1000
161,McKenzie,Underwood,34054240332,11/03/22,27,800
162,Rana,Morrow,21594195698,11/12/21,724,842
163,Shannon,Hancock,51866391425,11/08/21,668,651
164,Chanda,Howe,94653062631,13/06/21,457,540
165,Rudyard,Fox,44430160313,02/04/22,948,892
166,Linus,Butler,25580897051,22/02/22,225,992
167,Chastity,Barry,26479596537,22/07/21,879,632
168,Keiko,Jordan,37096075880,04/01/22,965,545
169,Anjolie,Case,13851710373,16/06/21,146,799
170,Marah,Nunez,00419027605,29/04/22,691,514
171,Montana,Ramirez,18094275212,24/12/21,637,645
172,Solomon,Estrada,99340242903,19/12/21,567,893
173,George,Dotson,55065482003,17/09/21,291,860
174,Nadine,Cash,96020155456,16/05/21,735,541
175,Ian,Booker,39635183384,26/09/21,773,591
176,Chelsea,Hunter,31144150795,15/10/21,349,866
177,Lucy,Richard,89743252690,14/02/22,145,846
178,Doris,George,16520946016,07/02/22,535,754
179,Giselle,Carney,21095421690,27/07/21,719,543
180,Peter,Wynn,49691696297,09/11/21,904,736
181,Doris,Durham,65475018177,14/09/21,232,735
182,Samson,Wolf,42801071690,08/10/21,428,947
183,Kathleen,Park,11258769577,29/08/21,325,510
184,Chantale,Case,06487594754,20/02/22,760,511
185,Erica,Fernandez,74490276234,11/04/22,943,829
186,Jasmine,Bush,84723482858,12/12/21,309,636
187,Thomas,Medina,56095123746,26/06/21,221,705
188,Gareth,Oneil,51133571766,23/11/21,685,995
189,Willa,Mcdonald,65264877151,22/10/21,853,888
190,Liberty,Conley,41364712898,23/08/21,565,807
191,Sydnee,Langley,24041529244,09/06/21,428,633
192,Devin,Avery,47183554834,14/08/21,699,982
193,Aiko,Mccarthy,42056208122,17/04/22,640,846
194,Kyra,Townsend,70688943427,17/02/22,852,982
195,Neville,Stanley,51066787699,12/06/21,914,806
196,Miranda,Johns,53512317659,22/06/21,414,711
197,Wang,Burch,24330919778,25/06/21,705,817
198,Josiah,Hampton,10761092768,21/05/21,741,514
199,Devin,Oneill,15149240117,01/03/22,79,933
200,Harrison,Mayo,24501700086,13/01/22,862,773
201,Nathan,Bush,28642667688,15/07/21,388,980
202,Peter,Rios,59210380488,04/03/22,93,873
203,Hu,Rodriguez,86650917676,03/04/22,514,589
204,Lenore,Edwards,91222251309,06/11/21,207,559
205,Patience,Merrill,96251343001,22/02/22,710,786
206,Eaton,Foley,82404630770,23/11/21,780,957
207,Charlotte,Larson,50186210621,14/03/22,721,963
208,Mikayla,Acosta,25266639706,27/08/21,804,937
209,Lev,Workman,31059680742,21/12/21,842,585
210,Clarke,Lancaster,14040603684,01/01/22,284,814
211,Giacomo,Stone,67062931015,05/02/22,287,987
212,Oren,Kelley,49953913372,28/09/21,853,515
213,Shafira,Cotton,94991285386,22/02/22,915,574
214,May,Morrison,61556857295,07/04/22,470,886
215,Lance,Fry,94793912451,22/07/21,175,718
216,Deborah,Serrano,08964649479,27/08/21,972,600
217,Mona,Lopez,56025427672,09/03/22,766,949
218,Nola,Andrews,77974339376,02/09/21,252,867
219,Samantha,Walker,23526178935,10/02/22,222,568
220,Jocelyn,Wallace,12709142070,28/05/21,681,503
221,Patricia,Knight,90853470363,29/03/22,940,939
222,Kelsey,Hobbs,86657561879,05/03/22,813,712
223,Travis,Maddox,98573820967,18/06/21,326,779
224,Maia,Sosa,94569216494,05/06/21,361,895
225,Shaeleigh,Estrada,37195588574,30/12/21,351,536
226,Aaron,Winters,99446477027,17/10/21,506,794
227,Kevin,Gonzalez,88198646503,09/01/22,958,721
228,Ivory,Welch,43988526338,11/01/22,76,919
229,Ivory,Mercer,13532307958,15/06/21,338,737
230,Farrah,Rogers,47135098621,25/10/21,527,655
231,Zeph,Williams,91244574370,27/01/22,239,530
232,Joel,Macdonald,89202802674,04/08/21,843,618
233,Patricia,Shaw,26041508045,30/09/21,26,840
234,Mechelle,Koch,25455735902,21/02/22,351,956
235,Justine,Brady,77772822727,30/07/21,358,657
236,Hiroko,Andrews,86521095686,14/10/21,876,619
237,Kareem,Hancock,32010393575,23/10/21,325,550
238,Teegan,Poole,17369569028,28/11/21,664,581
239,Aubrey,Clayton,54465494752,22/03/22,352,934
240,Freya,Duke,54990947950,06/07/21,759,608
241,Colby,Shannon,37283723208,04/09/21,469,703
242,Pearl,Rowland,63263368053,22/05/21,151,646
243,Lana,Greer,19137510831,05/12/21,731,909
244,Kevin,Johnson,62888114929,16/05/21,297,725
245,Eden,Stafford,84897648722,31/07/21,847,509
246,Anika,Harrell,46535447930,13/10/21,901,847
247,Jesse,Cohen,52532306279,02/01/22,500,784
248,Wynter,Macias,94257792496,06/06/21,530,903
249,Flynn,Allen,98352592120,15/08/21,134,861
250,Lars,Bray,25540320579,27/02/22,205,644
251,Regina,Leonard,27463613935,29/01/22,991,724
252,Doris,Mason,55110143200,26/10/21,267,608
253,Giselle,Bennett,76812283586,20/11/21,105,914
254,Cairo,Hammond,36947962292,01/06/21,358,614
255,Jackson,Peck,21313632090,24/08/21,711,506
256,Steven,Snow,32537324554,05/11/21,803,971
257,Marcia,Duffy,69400864063,13/06/21,71,687
258,Fritz,Warren,27270913469,21/07/21,835,741
259,Simon,Jefferson,75315491808,13/10/21,200,546
260,Dakota,Lester,04222223660,28/09/21,548,743
261,Kameko,Hendrix,92934484664,21/05/21,521,948
262,Kenneth,Ratliff,45268490856,02/02/22,834,574
263,Chantale,Glover,51544093460,21/01/22,908,566
264,Tatum,Houston,83000859835,15/06/21,596,594
265,Odysseus,Roberson,52917417763,05/10/21,730,759
266,Ivana,Mills,93994989973,29/08/21,511,664
267,Kareem,Deleon,10501243919,23/05/21,299,945
268,Ishmael,Quinn,54043542439,15/10/21,804,939
269,Elton,Frye,14364588880,21/10/21,778,589
270,Trevor,Davenport,94699043297,28/02/22,232,890
271,Laurel,Le,06943392280,18/11/21,238,806
272,Dolan,Carter,81541456876,17/01/22,526,999
273,Irma,Brock,55749189308,12/01/22,414,627
274,Ignacia,Odonnell,42897042729,17/12/21,411,912
275,Zahir,Slater,95379387317,25/05/21,162,784
276,Alexander,Mcclain,24814518791,20/12/21,779,672
277,Adrienne,Richard,19256294936,21/09/21,767,736
278,Colt,Rosa,04285647527,01/07/21,719,512
279,Amery,Poole,72608327820,23/04/22,483,530
280,Kirk,Page,86104779521,05/11/21,232,980
281,Cooper,Farmer,60530373156,30/05/21,197,509
282,Odette,Randolph,75386863815,15/11/21,12,699
283,Kitra,Delaney,62216353668,21/07/21,352,920
284,Sigourney,Blackburn,55694280662,11/09/21,246,816
285,Mechelle,Ruiz,83015640917,11/07/21,809,732
286,Kenyon,Nicholson,51210648715,18/02/22,55,685
287,Bryar,Payne,19021585686,06/12/21,333,824
288,Bernard,Stephens,36058022904,10/03/22,471,553
289,Ramona,Mclean,89681740208,08/08/21,873,701
290,Keefe,Wilkins,28623436737,23/12/21,129,899
291,Risa,Turner,46804079099,13/01/22,953,911
292,Hedy,Johnston,76349783356,30/09/21,77,835
293,Ima,Suarez,58548945954,24/03/22,917,747
294,Ezra,Freeman,91925903238,11/11/21,866,733
295,Kenyon,Fletcher,31185980475,09/08/21,992,845
296,Aquila,Fowler,00493993217,20/04/22,118,508
297,Cheryl,Murray,35743332380,26/09/21,930,937
298,Noel,Workman,17056346677,11/01/22,420,931
299,Quynn,Medina,50125568797,09/07/21,819,961
300,Marvin,Leonard,98294929596,06/06/21,312,699
301,Karen,Boone,00113679559,19/02/22,347,663
302,Stacey,Yates,87807209159,25/09/21,795,951
303,Hakeem,Franklin,93315682647,23/03/22,575,874
304,Avye,Horn,79250970996,02/08/21,916,867
305,Laith,Fischer,05637205469,04/10/21,221,627
306,Mufutau,Fowler,64299287377,16/05/21,22,857
307,Jakeem,Mcdonald,04168889336,11/04/22,331,784
308,Sonia,Anderson,85414433271,23/03/22,945,884
309,Shelly,Hays,38955734777,15/07/21,331,541
310,Fitzgerald,Contreras,01753296514,10/08/21,729,569
311,Clinton,Mcclure,55440924391,24/10/21,135,636
312,Denton,Hughes,43628948600,22/02/22,88,892
313,Chester,Floyd,37881973313,06/08/21,543,645
314,Lois,Rush,70132037998,22/03/22,976,541
315,Lisandra,Chen,39927015457,27/05/21,804,541
316,acqueline,Henry,87401704504,10/05/21,370,995
317,Kylie,William,19901713268,22/10/21,989,703
318,Yasir,Woodward,88729809360,07/09/21,844,998
319,Zeus,Henderson,91392563899,10/07/21,782,955
320,Germane,Reeves,81664555581,27/10/21,518,858
321,Carl,Lamb,11640896286,18/05/21,176,832
322,Kasimir,Leblanc,44600155604,31/05/21,863,791
323,Cailin,Atkinson,02177267886,22/11/21,500,525
324,Dorothy,Arnold,56427442013,09/03/22,476,992
325,Vera,Mercer,00817634323,03/06/21,958,876
326,Grady,Delacruz,79922666977,27/12/21,305,609
327,Oscar,Dickerson,87279032565,23/11/21,813,821
328,Dillon,Church,80182349946,31/07/21,697,862
329,Tatiana,Holder,97124027374,08/06/21,859,803
330,Branden,Bush,79187422316,17/06/21,34,922
331,Herman,Wagner,23645158986,15/11/21,388,865
332,Dustin,Kirby,80409241572,22/06/21,216,908
333,Burke,Melton,74948553442,16/10/21,126,918
334,Zenaida,Heath,38488412560,05/07/21,853,932
335,Talon,Wright,46440205640,12/06/21,929,800
336,Sophia,Vasquez,02740681947,07/11/21,998,643
337,May,Summers,21565596160,27/12/21,182,774
338,Naida,Bates,46221280474,02/05/22,225,894
339,Phyllis,Strickland,60017676292,26/02/22,311,547
340,Scarlett,Zamora,13635864811,12/11/21,359,670
341,Yoko,Buckner,26128886505,19/05/21,823,686
342,Logan,Nash,37901598989,18/06/21,101,582
343,Dustin,Blevins,24747525186,12/02/22,688,822
344,Adara,Fletcher,33024173061,15/03/22,946,889
345,Fletcher,Davidson,86750413031,28/04/22,671,511
346,Rafael,Obrien,30033551857,26/10/21,19,743
347,Lacey,Glass,74940981294,20/10/21,417,800
348,Karleigh,Compton,28231687762,18/05/21,515,857
349,Paloma,Blevins,04408597627,05/06/21,165,836
350,Ezekiel,Oconnor,85519677444,07/01/22,664,994
351,Castor,Head,02852701574,26/09/21,236,952
352,Brian,Lowery,59101078813,11/08/21,287,929
353,Fletcher,Humphrey,23619980137,21/12/21,569,808
354,Melvin,Osborn,12623831613,20/04/22,5,739
355,Cedric,Garrett,94765654667,23/12/21,460,610
356,Henry,Burton,95358732804,12/10/21,158,533
357,Talon,Gentry,38714379746,08/06/21,505,970
358,Sharon,Townsend,07443317598,07/04/22,956,573
359,Stella,Short,42623151026,07/04/22,716,894
360,Larissa,Martin,66310642402,10/02/22,237,990
361,Gillian,Browning,88340756969,18/08/21,542,699
362,Noelani,Burch,94725890030,15/02/22,261,819
363,Alvin,Melton,78413589176,01/02/22,92,654
364,Alan,Russell,49212702806,20/05/21,864,661
365,Dustin,Torres,90731190007,12/08/21,678,586
366,Aspen,Page,94616996177,02/05/22,842,808
367,Ariel,Burnett,50123232243,18/09/21,49,562
368,Kiayada,Burnett,85657246964,05/11/21,718,750
369,Ainsley,Robinson,65778102436,19/09/21,841,689
370,Rae,Hardy,45911645232,15/11/21,669,549
371,Nyssa,Oneal,83261081224,05/03/22,896,568
372,Shea,Nixon,53244308932,23/09/21,151,990
373,Gary,Stanton,62288397410,08/03/22,928,532
374,Byron,Roberson,76100531434,29/03/22,705,727
375,Imogene,Bass,30259189820,26/10/21,867,608
376,Bruno,Aguirre,98618772915,25/07/21,356,936
377,Zephr,Rodriguez,93818836719,20/07/21,837,534
378,Channing,Wiley,01872750941,21/03/22,487,885
379,Amelia,Jordan,59741624306,25/11/21,291,949
380,Phyllis,Jefferson,88675940934,07/11/21,121,921
381,Denton,Chang,38112275706,02/06/21,459,689
382,Judah,Cummings,83040644638,12/10/21,187,754
383,Miriam,House,69271508089,06/12/21,654,654
384,Geoffrey,Case,51556511085,30/10/21,911,532
385,Alea,Mccray,56574725534,03/08/21,564,991
386,Oliver,Tyson,12168829938,17/07/21,452,616
387,Velma,Jennings,84142614278,19/11/21,653,636
388,Regan,Hamilton,19625408401,09/08/21,301,740
389,Hanae,Delacruz,91616877304,14/09/21,184,836
390,Nerea,Willis,08961412352,24/12/21,464,924
391,Rae,Shields,07078666306,15/12/21,794,595
392,Frances,Kelly,13300551887,11/02/22,114,669
393,Kylan,Sweeney,16623480120,01/12/21,764,514
394,Craig,Boyle,53484540629,14/08/21,406,688
395,Danielle,Whitley,24686935047,28/07/21,59,610
396,Quincy,Fernandez,32671136198,28/08/21,65,702
397,Desiree,Foster,35794397892,15/06/21,609,527
398,Indigo,Haley,37605818438,10/11/21,361,689
399,Dacey,Meyers,65145575365,09/04/22,523,620
400,Leilani,Webster,69629210053,26/10/21,880,981
401,Quinlan,Bruce,54778226852,30/07/21,351,561
402,Jescie,Walls,00873795801,04/09/21,260,965
403,Aretha,Ayers,06473306982,21/06/21,176,593
404,Haviva,Munoz,14792172662,30/12/21,732,950
405,Colt,Rosario,92449870468,20/03/22,757,918
406,Alma,Carey,41621839005,20/04/22,371,866
407,Jack,Mccray,53897875821,17/09/21,708,518
408,Aaron,Pugh,14977061971,22/01/22,509,544
409,Scott,West,63353131624,16/06/21,784,959
410,Ingrid,Rocha,66254060157,22/10/21,221,539
411,Sean,Bell,05430743815,27/12/21,277,945
412,Kalia,Payne,61397793709,22/02/22,516,648
413,Zenaida,Goodwin,30874858249,15/03/22,868,841
414,Sydney,Hall,35575244625,21/07/21,551,866
415,Savannah,Lopez,01599984818,10/11/21,851,993
416,Lawrence,Porter,39296711283,24/08/21,795,693
417,Beatrice,Miller,91841749230,18/11/21,170,589
418,Audrey,Randolph,94713495523,24/08/21,933,521
419,Quinn,Avila,66241326359,09/03/22,396,853
420,Cassady,Jarvis,40912262815,29/03/22,198,552
421,Kylan,Wilcox,12637869595,09/01/22,520,683
422,Colorado,Orr,86778004386,03/01/22,839,510
423,Oleg,Hayden,98661358308,31/01/22,835,782
424,Charissa,Bauer,20707507035,07/11/21,645,616
425,Lyle,Guerra,66222467298,26/10/21,75,880
426,Halee,Dunn,86256017811,28/06/21,416,886
427,Garrett,Bailey,19632878607,07/03/22,461,547
428,Karyn,Shannon,33468169840,22/12/21,936,956
429,Sigourney,Ewing,99253441311,11/12/21,69,781
430,Dane,Mccoy,35982798773,22/11/21,822,861
431,Erica,Oconnor,92628072103,04/02/22,304,551
432,Urielle,Logan,63161331219,30/11/21,639,964
433,Malik,Ward,66128935246,13/02/22,627,894
434,Omar,Lynn,34840083104,19/10/21,82,847
435,Igor,Pena,60383286801,27/04/22,444,855
436,Todd,Christensen,22516615935,24/02/22,487,708
437,Demetria,Tucker,18947265856,09/08/21,21,979
438,Francesca,Wagner,15177838332,08/02/22,942,899
439,Malcolm,Conway,77062899374,02/03/22,960,909
440,Hope,Fischer,75892575418,09/04/22,693,558
441,Montana,Gamble,33040329257,24/03/22,724,754
442,Kiara,Camacho,72662920571,23/08/21,397,717
443,Emery,Blevins,76480412447,05/08/21,161,586
444,Dorian,Pate,30097290247,01/03/22,413,913
445,Chaney,Patterson,99337389534,24/11/21,315,732
446,Lavinia,Mccray,18618337462,01/02/22,154,517
447,Amanda,George,79203031094,01/10/21,434,628
448,Whoopi,Alvarado,81942786533,14/10/21,774,728
449,Galena,Sanford,70701015214,09/07/21,757,792
450,Oprah,Paul,55840129882,20/03/22,123,799
451,Olympia,Hunt,45515627258,19/03/22,687,636
452,Isaac,Herring,90985098076,13/04/22,301,944
453,Curran,Ayers,36588150875,07/03/22,694,733
454,Shaeleigh,Callahan,88186795593,09/12/21,144,628
455,Dawn,Guthrie,25084890878,01/08/21,453,743
456,Elton,Foley,61170759309,04/09/21,729,581
457,Chaney,Williamson,54552032120,03/11/21,934,847
458,Keaton,Dawson,91419484424,15/11/21,340,993
459,Macon,Lara,91956250562,03/06/21,573,815
460,Yvonne,Brewer,89220179612,30/01/22,85,730
461,Cora,Parrish,91897523670,01/03/22,894,674
462,Malcolm,Stone,44867984955,23/09/21,164,793
463,Alice,Hardin,20519262529,04/02/22,599,595
464,Garth,Decker,07794483978,21/03/22,495,979
465,Irma,Leach,37598515778,24/11/21,732,696
466,Angelica,Blackburn,61830389676,14/11/21,553,614
467,May,Wynn,79729581158,18/06/21,36,635
468,Eleanor,Boyd,39222250127,29/01/22,860,899
469,Ainsley,Lancaster,77550418524,23/07/21,426,660
470,Micah,Pearson,40662887900,27/05/21,724,946
471,Rogan,Prince,46591532485,18/10/21,840,647
472,Scarlet,Koch,02568757547,05/12/21,529,579
473,Megan,Gill,80949093241,02/03/22,807,632
474,Joelle,Moreno,74821706450,18/02/22,256,545
475,Colorado,Valentine,41935945279,29/03/22,490,764
476,Ciara,Willis,19402583228,10/01/22,281,775
477,Xaviera,Kerr,43647141679,14/11/21,592,600
478,Ishmael,Romero,16766024347,21/03/22,243,874
479,Ferdinand,Cross,27682396563,03/06/21,497,621
480,Kirsten,Ward,07573286720,03/12/21,472,723
481,Seth,Roman,60529869425,22/02/22,806,862
482,Sarah,Green,68026445117,13/06/21,201,811
483,Cameran,Barry,48190077029,22/05/21,609,524
484,Miriam,Hoover,43355990401,18/06/21,186,642
485,Raphael,Giles,31141259952,03/03/22,912,581
486,Derek,Mccullough,66991481532,15/12/21,668,773
487,Kane,Hubbard,88602828823,24/01/22,18,565
488,Kiona,Farmer,71960119263,04/10/21,491,659
489,Shana,Acosta,77847120902,15/03/22,369,534
490,Hadassah,Vasquez,30027148065,31/08/21,386,580
491,Shannon,Delaney,16900712713,19/07/21,990,748
492,Hedy,Gray,47440164071,06/10/21,597,549
493,Dominic,Horne,34024005377,29/08/21,707,879
494,Cleo,Bright,16851877384,09/10/21,428,707
495,Kirby,Pacheco,88191501139,20/09/21,865,549
496,Odette,Black,28604891529,04/03/22,7,834
497,Harlan,Malone,32441601825,04/11/21,782,540
498,Melanie,Kirkland,18389768920,27/08/21,872,608
499,Otto,Duffy,71425686868,01/04/22,389,717
500,Wesley,Bauer,91929806698,11/01/22,715,902
501,Alexis,Hubbard,08550128805,27/10/21,681,708
502,Victoria,Monroe,48731611281,28/08/21,104,779
503,Tyrone,Cain,09955977857,31/08/21,305,600
504,Caryn,Dillon,86150222450,17/12/21,571,823
505,Lucian,Kane,76471968744,18/02/22,461,881
506,Lucius,Mills,04210232488,08/01/22,535,710
507,Ivory,Carey,92739935800,26/12/21,243,759
508,Rogan,Slater,18249363511,17/02/22,368,851
509,Lesley,Santos,84068952532,13/06/21,620,811
510,Raven,Holden,49273100561,18/07/21,680,501
511,Tana,Espinoza,87783688842,15/01/22,112,516
512,Tallulah,Thomas,43871181138,18/11/21,379,537
513,Samuel,England,36015373257,29/10/21,500,851
514,Rebecca,Harding,52749858072,14/06/21,899,581
515,Fay,Pittman,46347875201,05/04/22,997,755
516,Rogan,Rodriquez,84068954852,15/09/21,87,742
517,Halee,Hays,28052840370,12/02/22,472,854
518,Kellie,Fernandez,44650555931,09/09/21,171,730
519,Matthew,Love,88394579516,11/07/21,620,799
520,Gavin,Carver,88553618202,19/04/22,408,615
521,Olivia,Benjamin,75915372324,08/08/21,940,960
522,Zorita,Fernandez,08164435356,30/07/21,653,975
523,Scott,Hammond,06997434767,31/05/21,162,777
524,Maryam,Chambers,87093446082,20/08/21,646,741
525,Cassidy,Joyce,81081834200,05/04/22,993,615
526,Liberty,Morris,34343798496,20/04/22,645,799
527,Cain,Santana,00918101522,16/03/22,590,628
528,Ingrid,Coleman,88622001841,17/06/21,511,539
529,Nolan,Munoz,87689409652,04/04/22,841,571
530,John,Ewing,33196396580,11/12/21,634,660
531,Cathleen,Gomez,90169119075,17/09/21,323,802
532,Mechelle,Sampson,89199838587,21/06/21,614,742
533,Alexander,Rodriquez,80896807715,06/04/22,291,750
534,Britanni,Watson,30959833781,30/12/21,480,746
535,Maryam,Klein,24514195977,25/02/22,431,504
536,Craig,Mann,95580574852,28/04/22,45,510
537,Rae,Pace,50101611108,19/10/21,907,754
538,Shelley,Cain,08667714100,26/12/21,399,556
539,Ali,Clark,85295467588,24/01/22,389,855
540,Gary,Dillon,84050722233,12/05/21,238,864
541,Hoyt,England,92812458106,25/02/22,6,739
542,Galena,Gomez,71776858072,02/06/21,343,995
543,Warren,Reed,28909145066,18/09/21,637,834
544,Barry,William,08175851768,04/08/21,946,982
545,Shaeleigh,Taylor,71761786283,28/06/21,868,762
546,Abigail,Welch,40767343429,10/05/21,303,574
547,Wilma,Carr,06273452171,03/01/22,447,818
548,Maya,Howell,51437272614,09/06/21,631,727
549,Madonna,Mccullough,56284629837,16/10/21,20,920
550,Haley,Norris,29873600961,21/08/21,383,646
551,Malachi,Alexander,82610173167,20/05/21,839,842
552,Lewis,Cross,38116586573,12/05/21,716,552
553,Macaulay,Golden,14576694000,13/02/22,779,928
554,Quentin,Hahn,01223971528,14/10/21,902,503
555,Wayne,Langley,30098657067,11/08/21,155,696
556,Mannix,Vargas,77009397459,10/09/21,330,704
557,Zoe,Farrell,93392158964,15/01/22,731,911
558,Stella,Grimes,76076015760,16/02/22,715,976
559,Justin,Payne,24053379276,07/06/21,692,720
560,Jack,Marsh,81189881467,18/12/21,554,665
561,Myra,Becker,09414842869,28/12/21,451,674
562,Hayley,Torres,91010099145,20/01/22,920,991
563,Teegan,Mclean,09550034221,05/03/22,206,826
564,Jonah,Mcguire,54765874889,10/10/21,400,909
565,Tamara,Fowler,49294298720,07/06/21,929,708
566,Morgan,Hickman,02888365844,08/06/21,721,946
567,Fallon,Mcneil,17546976858,01/12/21,849,724
568,Desiree,Lester,82760607282,09/01/22,747,776
569,Brock,Benjamin,13767465140,11/12/21,967,674
570,Jayme,Dean,83560520358,21/11/21,569,646
571,Ignacia,Padilla,35012769274,06/02/22,319,858
572,Ria,Rojas,96143106131,22/12/21,63,965
573,Jamal,Joyner,68069345273,16/02/22,755,530
574,Andrew,Maldonado,89294514138,13/02/22,350,690
575,Quin,Salas,83690524152,08/06/21,504,662
576,Elizabeth,Madden,81511962485,03/02/22,311,606
577,Vanna,Blanchard,07467529035,10/05/21,241,942
578,Sybil,Lester,47698795044,15/08/21,569,887
579,Maggy,Key,86232084988,18/01/22,556,544
580,Piper,Holman,61121001606,11/04/22,48,829
581,Holmes,Norris,12345644042,28/02/22,971,504
582,Gil,Pierce,49962173234,15/12/21,921,696
583,August,Garrison,02536191505,25/05/21,854,529
584,Leo,Cox,70176483717,18/09/21,194,511
585,Brenda,English,31595115366,07/01/22,889,775
586,Neville,Johnson,74591130511,11/11/21,297,672
587,Brooke,Herring,64514125752,02/02/22,375,743
588,Quynn,Blake,95544768729,28/09/21,879,763
589,Freya,Alford,99450973449,17/08/21,669,906
590,Imogene,Hopper,83948425297,18/09/21,266,927
591,Dylan,Mcintosh,82537524979,01/01/22,890,691
592,Noelani,Fulton,85770522152,08/03/22,867,888
593,Avram,Carpenter,39392155542,10/09/21,491,674
594,Melissa,Copeland,64832895100,10/02/22,333,970
595,Reuben,Herring,01340655210,15/12/21,511,828
596,Heidi,Church,80664954464,14/06/21,483,971
597,Hyatt,Faulkner,35479535166,06/10/21,178,558
598,Gemma,Maynard,22698083439,28/11/21,964,918
599,Tyler,Hampton,12859803329,25/02/22,58,702
600,Barbara,Head,93663462815,17/07/21,806,573
601,Hollee,Petersen,55940921364,19/01/22,325,834
602,Rooney,Henson,07764111392,04/11/21,907,890
603,Imogene,Frost,49843946182,02/03/22,523,578
604,Sydney,Gibson,59136547687,15/10/21,925,856
605,Kathleen,Goodwin,00385679298,02/05/22,494,712
606,Yoshi,Haley,75389943701,10/05/21,475,993
607,Tamekah,York,39067535554,14/05/21,356,545
608,Tanisha,Gibson,46875779140,15/03/22,338,980
609,Adele,Davis,93199953409,17/06/21,959,698
610,Abbot,Skinner,74562040055,21/03/22,28,950
611,Jameson,Barlow,14323319669,12/08/21,612,819
612,Galena,Medina,40096300306,17/12/21,863,532
613,Kim,Galloway,16749181058,20/10/21,977,591
614,Ivy,French,79389029159,24/07/21,804,721
615,Anne,Goodman,71056965160,22/02/22,920,824
616,Destiny,Guthrie,90339241157,27/04/22,189,685
617,Carson,Donovan,79474070587,28/02/22,645,875
618,Hayden,Tucker,13946861086,11/02/22,770,524
619,Amanda,Wall,27865272330,29/08/21,107,976
620,Rowan,Kent,89883570678,25/01/22,316,767
621,Veronica,Graham,42139666899,21/04/22,940,551
622,Vaughan,Reeves,57646093060,24/03/22,981,970
623,Maile,Valenzuela,20144000790,19/03/22,724,932
624,Camden,Mullen,67431031347,04/10/21,488,726
625,Orla,Burgess,30254654634,09/08/21,751,528
626,Edan,Torres,79612826050,22/06/21,801,543
627,Kathleen,Levy,28544009573,25/02/22,929,755
628,Hannah,Cross,40102384990,05/02/22,12,854
629,Brody,Levy,23487888835,18/11/21,150,624
630,Aubrey,Leonard,44655894383,17/01/22,354,936
631,Anne,Joyner,42881569342,27/07/21,942,818
632,Jessamine,Andrews,19575064493,11/07/21,841,653
633,Castor,Thomas,75164210255,30/06/21,442,746
634,Chava,Vaughn,53801307857,01/02/22,124,693
635,Amber,Flowers,28844276391,03/10/21,907,713
636,Maxwell,Branch,31421552347,18/06/21,113,772
637,Cara,Casey,84979496036,17/06/21,205,627
638,Bianca,Solomon,34086132476,08/02/22,195,939
639,Cruz,Goodwin,00707747441,23/05/21,94,847
640,Halee,Cook,57655379516,16/06/21,261,694
641,Knox,Juarez,75556320165,10/10/21,221,881
642,Dante,Mcfarland,97363891753,14/02/22,431,884
643,Nola,Woods,24589112229,31/05/21,792,727
644,Micah,Baker,06832121396,05/11/21,655,692
645,Isabella,Guerra,36894816038,04/01/22,967,587
646,Faith,Moore,23207529658,05/03/22,354,599
647,Denise,Rose,56435917620,05/04/22,478,611
648,Donna,Roman,84114867732,27/08/21,667,834
649,Jada,Vega,40594196858,25/05/21,948,520
650,August,Dale,89690187960,11/12/21,165,654
651,Morgan,Mendoza,21671090676,20/10/21,496,859
652,Maris,Maxwell,94564582279,20/12/21,290,946
653,Darius,Wilkins,54112211289,19/09/21,866,660
654,Meredith,Knight,86932490727,03/04/22,665,769
655,Michael,Trujillo,51363685813,04/04/22,772,987
656,Martin,Hood,45049289361,19/01/22,109,641
657,Nehru,Robinson,12958226707,16/08/21,125,903
658,Preston,Rios,22327255182,15/11/21,322,501
659,Jordan,Anthony,76272004784,10/11/21,523,976
660,Erin,Ferrell,75508223842,21/12/21,34,884
661,Ella,Leach,70208408976,13/06/21,427,661
662,Madeson,Poole,63213136511,28/09/21,807,608
663,Summer,Brennan,76196947835,05/12/21,508,882
664,Shellie,Calderon,44475889541,19/05/21,633,607
665,Garrison,Koch,30140844537,23/02/22,115,906
666,Kennedy,Wilder,90448026981,03/02/22,91,717
667,Fatima,Holden,96511595958,17/08/21,761,831
668,Natalie,Forbes,66300103801,22/05/21,936,565
669,Lacy,Downs,55806965561,15/02/22,442,682
670,Rhonda,Calhoun,64794815196,27/03/22,293,952
671,Oscar,Solomon,12303009555,28/06/21,739,510
672,Wilma,Logan,16996477097,16/12/21,637,599
673,Macon,Gutierrez,07648048003,27/11/21,626,882
674,Hu,Mcclure,35224872571,17/08/21,290,703
675,Fuller,Turner,73648442352,24/09/21,705,571
676,Allegra,Burke,73696173431,18/11/21,541,807
677,Keegan,Stevens,53227062307,13/01/22,598,854
678,Tasha,Molina,86955563906,13/04/22,62,814
679,Daphne,Mcdonald,57879686816,22/08/21,642,885
680,Hall,Little,42137793084,31/08/21,640,978
681,Beverly,Stout,56643602293,23/08/21,944,810
682,Cameran,Fuller,15539208607,16/11/21,100,840
683,Olympia,Cortez,52827188307,16/10/21,777,517
684,Hillary,Vinson,35488419279,16/02/22,59,912
685,Madeson,Rodriguez,01083701542,25/11/21,368,591
686,Finn,Rios,16355206123,27/03/22,61,675
687,Charles,Oliver,12810290454,20/03/22,735,959
688,Marny,Beard,67703223936,03/07/21,274,708
689,Zenaida,Hunt,01693722768,28/10/21,242,697
690,Phelan,Summers,44614947330,19/09/21,990,812
691,Jemima,Witt,05175447724,10/11/21,549,748
692,Rhea,Ford,32704208932,06/09/21,972,675
693,Sawyer,Horne,39046581254,10/10/21,698,564
694,Tate,Kent,42713133026,06/12/21,233,633
695,Alea,Bernard,73977626852,19/06/21,214,631
696,Griffin,Buchanan,77349663066,25/11/21,679,956
697,Tatyana,Park,96093866541,20/07/21,747,825
698,Illana,Buckley,71916883280,11/02/22,854,762
699,Ursula,Raymond,29328614269,02/12/21,465,693
700,Lee,Sykes,43044723041,15/07/21,100,674
701,Nicole,Ayala,19942813349,01/10/21,235,963
702,Graiden,Sargent,88182665970,28/11/21,177,912
703,Hashim,Strong,84879051385,18/10/21,341,560
704,Justin,Parker,93502878375,09/08/21,411,966
705,Hayes,Roth,82260266304,22/07/21,937,676
706,Lisandra,Hoover,05766944881,14/09/21,381,613
707,Ayanna,Riddle,08035051691,06/06/21,117,922
708,Keegan,Petersen,25201906384,23/06/21,460,603
709,Molly,Lott,97490905164,21/09/21,310,880
710,Ezekiel,Shelton,45476666294,05/06/21,710,707
711,Mollie,Harrell,96036136642,18/10/21,135,900
712,Amethyst,Horton,65002669398,17/03/22,803,819
713,Echo,Jordan,02116729484,08/01/22,711,514
714,Elaine,Reeves,49259516455,11/08/21,346,661
715,Conan,Mills,82893575514,14/01/22,991,922
716,Kameko,Farley,69284146892,14/05/21,421,630
717,Kato,Morales,83872229871,30/08/21,332,878
718,Wayne,Shields,05824348027,16/05/21,210,840
719,Amity,Pope,39026349237,25/12/21,406,818
720,Jerome,Gould,45937361264,11/03/22,7,920
721,Bevis,Beasley,54966690623,10/05/21,368,830
722,Alexandra,Simmons,05398124240,29/06/21,696,743
723,Teagan,Rowland,54251820983,23/10/21,329,617
724,Xerxes,Gordon,09849651086,24/02/22,163,753
725,Brooke,Berg,36552634732,15/03/22,22,822
726,Keaton,Wynn,96980855063,02/03/22,702,893
727,Tanya,Shannon,81537701174,18/02/22,436,883
728,Anne,Whitaker,70579664160,05/09/21,577,693
729,Serina,James,26670341458,16/12/21,910,508
730,Malachi,Wiggins,93051917334,03/01/22,423,957
731,Samuel,Elliott,30907042197,07/02/22,32,925
732,Riley,Newman,87083174918,05/01/22,393,780
733,Odysseus,Daugherty,81271086295,17/04/22,50,511
734,Hector,Smith,62670998489,28/01/22,244,635
735,Karyn,Wiggins,43071289809,17/10/21,381,559
736,Wynter,Rivas,96963053891,13/11/21,810,622
737,Janna,Garner,29627755735,21/11/21,690,868
738,Noble,Mullen,56342658038,02/03/22,207,593
739,Benedict,Nixon,53615391874,03/09/21,465,709
740,Claire,Clark,07832107901,05/07/21,853,642
741,Eliana,Watts,98259899976,14/04/22,430,630
742,Bo,Molina,41325546246,23/05/21,376,643
743,Yuli,Newton,29445434432,29/03/22,115,870
744,Jorden,Davidson,39472926550,30/12/21,283,954
745,Hakeem,Elliott,56201744197,04/02/22,392,514
746,Joshua,Sutton,28865068623,26/05/21,778,746
747,Eagan,Carroll,78798863382,12/12/21,66,612
748,Flynn,Marquez,15492098860,13/03/22,227,715
749,Kylynn,Knight,53332219657,08/02/22,940,786
750,Abbot,Ellison,11850059946,12/09/21,25,829
751,Austin,Mccullough,16959171146,01/08/21,911,682
752,Dolan,Tyson,64049055059,17/10/21,707,770
753,Maggy,Rodriquez,17403421635,27/08/21,334,629
754,TaShya,Mckenzie,15019925530,03/04/22,479,508
755,Linda,Brown,87827269333,07/10/21,842,829
756,Leigh,Pickett,27229221775,03/04/22,843,608
757,Kasper,Horton,33125942975,31/07/21,244,800
758,Damian,Scott,34557579757,29/06/21,233,709
759,Vernon,Rasmussen,82004699886,13/06/21,468,567
760,Donna,Park,95151909975,12/11/21,654,515
761,Wanda,Mccullough,78888348237,11/12/21,908,924
762,Selma,Clements,58773964862,03/10/21,426,642
763,Daquan,Guzman,80178003827,22/12/21,554,590
764,Leslie,Harrison,31118505992,06/08/21,164,696
765,Jonas,Heath,73490391683,15/08/21,411,688
766,Lacey,Acosta,79190051640,29/09/21,822,808
767,Joelle,French,02642771849,24/02/22,253,912
768,Hakeem,Sargent,81791806960,19/11/21,26,717
769,Mikayla,Lamb,76741918102,18/07/21,140,650
770,Brennan,Kramer,19689769355,27/09/21,423,808
771,Wynter,Brady,17781983803,11/01/22,112,572
772,Maya,Delacruz,67136002048,30/05/21,546,928
773,Jorden,Knowles,96275363643,24/12/21,28,796
774,Katelyn,Oliver,81404005319,30/09/21,258,831
775,Sebastian,Rasmussen,17335871246,07/11/21,645,723
776,Desiree,Chapman,10350861303,25/11/21,366,654
777,Wylie,Cotton,01945532756,20/02/22,388,616
778,Brooke,Mosley,32778855095,16/04/22,313,657
779,Stewart,Evans,59453906172,21/10/21,886,569
780,Kadeem,Anthony,79256132631,21/06/21,206,835
781,Jeanette,Bolton,99035325042,04/11/21,345,681
782,Illana,Slater,32767370644,30/08/21,764,812
783,Blaine,Deleon,70273716211,01/12/21,553,758
784,Kalia,Wilson,38115953017,02/07/21,448,943
785,Griffin,Macias,10637908630,06/02/22,820,945
786,Lara,Garrison,89200795096,09/09/21,832,722
787,Lee,Cook,97260051924,31/05/21,8,545
788,Gannon,Mccarty,42562542142,08/03/22,851,663
789,Naomi,Holland,56172188271,11/08/21,750,903
790,Daryl,Boyd,36293547862,13/11/21,56,746
791,Keane,Quinn,90408726654,13/10/21,765,645
792,Elvis,Alford,36665920607,22/12/21,888,549
793,Claudia,Hernandez,81421394969,19/03/22,485,685
794,Derek,Roberts,36403005175,02/07/21,842,805
795,Myles,Bass,05148378774,06/10/21,769,634
796,Ralph,Baird,01652952569,03/10/21,119,765
797,Laurel,Russo,56370118996,03/07/21,353,843
798,Uta,Calderon,79234530787,16/03/22,725,508
799,Dennis,Fox,88915927826,23/07/21,528,795
800,Evelyn,Huff,70404957926,15/05/21,685,999
801,Naomi,Ware,35726319001,24/02/22,699,798
802,Ramona,Alexander,05045430233,20/12/21,898,514
803,Eric,Mccray,96078710710,18/01/22,910,944
804,Michael,Ortega,87191735759,12/03/22,45,748
805,William,Goff,09916797769,06/04/22,849,783
806,Sophia,Lara,27246410086,20/09/21,952,970
807,Candace,Trujillo,22824593370,20/04/22,284,808
808,Lawrence,Carson,18932684683,24/02/22,337,895
809,Drew,Kennedy,65757107535,28/09/21,527,815
810,Chancellor,Browning,73966225693,23/06/21,9,654
811,Britanney,Figueroa,88853663427,29/06/21,7,864
812,Hadassah,Cohen,81478101661,09/09/21,32,845
813,Idola,Cervantes,92987344796,24/06/21,480,960
814,Hakeem,Singleton,12969879946,22/05/21,91,759
815,Gray,Knight,63761406975,14/04/22,575,608
816,Jameson,Washington,05101199184,21/11/21,814,987
817,Xanthus,Clayton,46523663360,13/07/21,843,600
818,Dennis,Foster,13833042051,20/11/21,456,697
819,Cally,Hines,56008375601,05/02/22,726,951
820,Graham,Wong,25308612918,03/01/22,169,788
821,Cooper,Fulton,97908746316,20/10/21,498,925
822,Levi,Solomon,87318189481,29/11/21,252,501
823,Mohammad,Jefferson,36227101743,05/11/21,471,952
824,Carissa,Berg,79811739778,26/07/21,828,989
825,Rogan,Kline,41174984168,27/10/21,424,552
826,Rana,Mcclain,15506779646,03/02/22,502,660
827,Mikayla,French,81408896303,06/06/21,208,737
828,Ima,Wooten,05566233108,10/07/21,876,769
829,Clio,Lynch,80620519240,14/02/22,526,844
830,Justine,Webb,65521145555,19/05/21,463,734
831,Brady,Noble,09762714738,30/10/21,767,962
832,Lee,Estes,82844058514,19/07/21,143,818
833,Vivian,Duncan,39206478952,18/08/21,798,635
834,Cara,Hampton,50634140992,19/05/21,470,557
835,Sonia,Hensley,31351009894,19/03/22,88,889
836,Oleg,Dorsey,12276790790,12/11/21,30,687
837,Brent,Terrell,74010211201,07/11/21,665,552
838,Troy,Harmon,30668237316,20/03/22,343,601
839,Ann,Hyde,08919041161,02/09/21,334,647
840,Doris,Dorsey,66332166998,12/09/21,651,651
841,Abbot,Patel,70572576793,25/06/21,873,643
842,Lionel,Carr,52786002602,15/01/22,457,830
843,Kadeem,Humphrey,32599847416,21/11/21,807,517
844,Yvette,Henry,15693394564,19/07/21,770,547
845,Aurelia,Everett,54513598249,18/12/21,986,613
846,Aimee,Wilder,61431861227,04/07/21,684,990
847,Signe,Reynolds,24285534368,19/03/22,376,806
848,Avram,Harrison,57500796819,12/08/21,637,935
849,Sydney,Kennedy,61989442879,13/04/22,714,588
850,Karina,Ross,50511590272,21/10/21,161,705
851,Buckminster,Barron,97186120308,27/12/21,302,899
852,Yuri,Santiago,55917066193,13/12/21,423,544
853,Regan,Mann,16335947988,06/01/22,751,565
854,Lunea,Potter,92283999609,16/02/22,995,752
855,Zeph,Rojas,01434938726,17/10/21,538,506
856,Ross,Carroll,77306605666,08/04/22,556,816
857,Brittany,Lynch,41695189961,12/08/21,655,578
858,Castor,James,39269839396,29/03/22,16,766
859,Darryl,Carey,06375984880,05/08/21,978,740
860,Daquan,Carrillo,95012005945,06/04/22,606,716
861,Allistair,Skinner,51598087565,23/06/21,638,810
862,Alfonso,Stokes,79481681185,27/04/22,666,724
863,Alfonso,Park,26885683449,16/04/22,962,544
864,Linus,Workman,93932100318,16/05/21,906,922
865,Garth,Wall,56534003348,07/06/21,375,710
866,Tamara,Williamson,48332552684,03/11/21,508,857
867,Eagan,Skinner,68411922266,09/04/22,92,502
868,Bianca,Wise,95838083341,24/05/21,777,501
869,Tobias,Becker,85837029256,31/08/21,985,833
870,Lynn,Boyd,65649458883,05/04/22,80,836
871,Eric,Workman,71564267293,22/02/22,887,980
872,Aileen,Kinney,06061016805,11/03/22,131,553
873,Devin,Holland,09566092822,23/08/21,211,551
874,Cole,Dawson,62869070750,14/12/21,323,841
875,Charlotte,Mccoy,12579178460,08/04/22,718,927
876,Channing,Vinson,07194102177,11/08/21,244,528
877,Ingrid,Holcomb,65722640586,20/02/22,593,793
878,Keely,Rivera,56575085293,24/03/22,4,609
879,Hadassah,Hooper,60932206255,09/08/21,951,554
880,Barclay,Jordan,86043641270,02/06/21,577,869
881,Fallon,Washington,19913143868,10/02/22,332,815
882,Wendy,Hickman,18022387414,08/03/22,557,858
883,Dahlia,Steele,64865189466,28/02/22,327,986
884,Elaine,Farmer,33146374126,28/05/21,638,883
885,Gail,Stanley,69246864810,25/05/21,481,716
886,Alvin,Richardson,74188725238,17/02/22,871,995
887,Lacey,Cox,81216892273,31/12/21,324,641
888,Russell,Gregory,05723695229,13/08/21,30,550
889,Tasha,Mcgee,37758438756,08/04/22,135,958
890,Victoria,Webster,29401871394,26/04/22,296,983
891,Kai,Combs,58933886652,19/09/21,343,845
892,Cassidy,Faulkner,64215492631,26/11/21,51,822
893,Britanni,Malone,86370668324,24/09/21,619,818
894,Bell,Rojas,97218768921,23/12/21,150,669
895,Roth,Farmer,86924090833,30/11/21,262,976
896,Wynter,Graves,78090977779,18/11/21,966,937
897,Florence,Robles,12414814997,06/01/22,235,619
898,Pandora,Cook,54064161849,14/04/22,825,708
899,Reagan,Carson,19360841341,28/08/21,116,819
900,Hayden,Snyder,89396703987,30/01/22,909,855
901,Claire,Pacheco,83620605849,17/10/21,19,768
902,Lane,Henderson,34373053452,01/09/21,194,715
903,Wynter,Hartman,18770841335,21/03/22,290,670
904,Blaine,Soto,74212527962,21/06/21,214,904
905,Noble,Clay,28095080213,19/02/22,780,735
906,Nolan,Summers,34355618314,16/04/22,659,682
907,Dacey,Guerra,54254852884,14/11/21,235,793
908,Tatum,Watson,42488040881,13/10/21,237,754
909,Kellie,Ingram,80806382570,22/01/22,10,990
910,Lilah,Turner,90139933912,31/12/21,157,700
911,Penelope,Orr,86777305563,05/07/21,603,840
912,Farrah,Copeland,52275169560,27/01/22,833,919
913,Jordan,Mccarty,53221962428,06/08/21,835,929
914,Kristen,Carrillo,01338955912,01/02/22,999,974
915,Axel,Kelly,56879965118,14/12/21,65,989
916,Miriam,Meyer,17750645237,26/05/21,451,699
917,Maryam,Lewis,81179075686,13/03/22,435,982
918,Miriam,Buchanan,58833998512,11/04/22,206,824
919,Lucas,Snyder,14032939598,24/07/21,210,711
920,Rosalyn,Sutton,53637027879,29/07/21,35,1000
921,Leo,Morgan,87180384334,17/10/21,182,783
922,Sybil,Yates,44317110898,04/02/22,834,505
923,Stephanie,Hill,67176214748,05/07/21,224,841
924,Hayfa,Britt,68509321311,13/04/22,262,974
925,Breanna,Callahan,37855487962,03/07/21,778,922
926,Timon,Chavez,95046978119,11/07/21,235,710
927,Violet,Gonzalez,53148697483,18/11/21,631,816
928,Cherokee,Lloyd,71186783695,12/03/22,659,583
929,Wanda,Mcintyre,55969738576,19/03/22,857,672
930,Emmanuel,Bates,80109777146,30/12/21,688,559
931,Rina,Moody,73169042899,12/10/21,541,886
932,Finn,Sherman,82902870594,04/10/21,205,821
933,Leah,Allen,22349243532,30/05/21,528,940
934,Adria,Sims,78068256205,06/04/22,733,641
935,Courtney,Frost,24669593847,01/05/22,103,994
936,Lewis,Buckley,83989714445,07/12/21,991,576
937,Shana,Cruz,41707666041,03/08/21,723,788
938,Branden,Fuller,69668649184,25/09/21,673,906
939,Kirsten,Langley,00670437031,19/07/21,213,545
940,Portia,Gardner,44200164073,06/11/21,502,717
941,Brian,Becker,91068102816,17/01/22,73,662
942,Nichole,Sexton,61291308815,01/08/21,168,820
943,Abel,Fitzpatrick,69475395587,08/09/21,186,957
944,Alec,Sweet,76006136927,15/04/22,537,705
945,Hoyt,Lloyd,61418048606,07/08/21,350,611
946,Leila,Guzman,13013627229,08/12/21,62,886
947,Hayden,Jensen,30582486257,20/04/22,972,932
948,Wang,Maddox,20821294926,05/04/22,963,641
949,Isadora,Good,77435684319,11/06/21,89,538
950,Ria,Barker,60053272774,13/10/21,377,853
951,Phoebe,Savage,05548116557,27/07/21,505,808
952,Sara,Franco,64379607974,09/08/21,396,547
953,Charles,Carson,92647569114,15/02/22,922,849
954,Amir,Ray,07234104991,02/03/22,420,668
955,Dominic,Mcleod,41816563484,19/08/21,929,872
956,Chester,Williamson,41675195585,20/03/22,760,634
957,Scott,Bailey,83274831189,21/03/22,685,869
958,Nash,Stokes,71038658106,20/04/22,685,929
959,Upton,Larsen,87805398416,18/07/21,387,929
960,Hamish,Blake,70284149960,26/02/22,626,649
961,Willa,Lucas,88369899640,29/10/21,333,902
962,Willa,Patton,86815239225,19/04/22,383,951
963,Selma,Gilbert,46173162037,23/09/21,142,839
964,Kasimir,Branch,33715248271,08/06/21,760,572
965,Alea,Mcintyre,44262579882,29/05/21,596,982
966,Victor,Buckner,03585019937,08/06/21,24,555
967,Tanya,Bass,73590758646,11/08/21,958,511
968,Lewis,Taylor,16265776769,25/03/22,474,815
969,Beck,Gross,68717793567,24/02/22,218,817
970,Portia,Sanford,58475942628,27/10/21,596,838
971,Jerome,Ortega,01473253510,15/05/21,315,680
972,Mallory,Blackburn,11969563725,30/05/21,606,911
973,Destiny,Booker,53200526987,10/06/21,914,580
974,Callie,Lucas,23729675048,03/12/21,591,537
975,Maia,Small,11131294882,05/02/22,687,903
976,Howard,Sharp,36108165760,10/06/21,514,636
977,Belle,Cantu,12226456845,31/01/22,91,559
978,Fleur,Kirk,96117924590,04/10/21,576,726
979,Griffin,Noel,54987523217,15/06/21,723,613
980,Signe,Barton,78789481840,15/02/22,972,999
981,Kermit,Giles,61850613934,11/07/21,656,548
982,Melinda,Lamb,13382231325,25/03/22,486,588
983,Kirsten,Ayala,52138199483,15/11/21,910,758
984,Jael,Matthews,05934257399,18/05/21,923,740
985,Carter,Johns,56760589538,15/10/21,872,608
986,Gavin,Garner,73977393133,27/06/21,172,631
987,Remedios,Giles,73049097041,15/06/21,836,671
988,Ferdinand,Clemons,61558298611,11/10/21,921,668
989,Imelda,Pennington,61066975770,17/01/22,889,788
990,Hanae,Craft,70336156917,18/10/21,158,556
991,Brian,Mccoy,87784382969,27/07/21,968,751
992,Kelly,Goff,72305011613,25/04/22,452,667
993,Jescie,Maynard,93361809095,11/01/22,43,966
994,Basil,Mayo,27868470631,24/11/21,9,912
995,Kamal,Kaufman,34771961970,20/05/21,514,880
996,Ali,Mclaughlin,33419266220,18/11/21,406,652
997,Sylvia,Valenzuela,72350456544,09/04/22,687,985
998,Carolyn,Pennington,55096023646,09/02/22,755,919
999,William,Moore,77913958613,30/05/21,72,912
1000,Elton,Dennis,58758450724,13/05/21,445,509
