id_ubezpieczenia,id_auta,rodzaj_ubezpieczenia,id_ubezpieczyciela,data_rozpoczecia_ubezpieczenia,data_zakonczenia_ubezpieczenia,skladka,data_zawieszenia_ubezpieczenia,uwagi
1,1,OC,617,04/06/2018,08/12/2020,491,,uwagi
2,2,OC,181,09/11/2018,24/01/2021,476,,uwagi
3,3,OC,721,01/11/2018,09/06/2020,481,,uwagi
4,4,OC,35,14/10/2018,06/09/2020,530,,uwagi
5,5,OC,666,05/09/2018,28/04/2021,430,,uwagi
6,6,AC,609,10/01/2019,26/01/2021,465,,uwagi
7,7,AC,337,17/11/2018,22/05/2020,438,,uwagi
8,8,AC,302,19/03/2019,25/07/2020,451,,uwagi
9,9,OC,403,10/04/2019,08/07/2020,535,,uwagi
10,10,AC,189,18/09/2018,21/05/2020,427,,uwagi
11,11,OC,123,12/03/2019,03/06/2020,551,,uwagi
12,12,AC,44,15/07/2018,20/07/2020,588,,uwagi
13,13,AC,825,09/05/2018,21/03/2021,531,,uwagi
14,14,OC,478,28/02/2019,02/03/2021,538,,uwagi
15,15,OC,421,05/05/2019,04/07/2020,471,,uwagi
16,16,OC,529,19/12/2018,08/05/2021,593,,uwagi
17,17,AC,901,15/04/2019,28/05/2020,460,,uwagi
18,18,AC,81,06/11/2018,21/09/2020,521,,uwagi
19,19,AC,831,21/07/2018,19/09/2020,400,,uwagi
20,20,AC,269,21/10/2018,21/07/2020,438,,uwagi
21,21,AC,910,23/02/2019,19/10/2020,463,,uwagi
22,22,AC,8,02/02/2019,29/10/2020,472,,uwagi
23,23,OC,488,29/05/2018,23/09/2020,436,,uwagi
24,24,OC,371,06/02/2019,25/06/2020,532,,uwagi
25,25,AC,903,19/10/2018,19/11/2020,416,,uwagi
26,26,OC,588,11/04/2019,08/09/2020,522,,uwagi
27,27,OC,599,02/12/2018,10/05/2020,502,,uwagi
28,28,OC,800,20/11/2018,30/05/2020,518,,uwagi
29,29,OC,257,20/02/2019,30/03/2021,484,,uwagi
30,30,OC,389,21/03/2019,15/08/2020,538,,uwagi
31,31,OC,659,15/09/2018,22/07/2020,520,,uwagi
32,32,AC,685,02/03/2019,16/06/2020,522,,uwagi
33,33,AC,648,17/04/2019,26/05/2020,419,,uwagi
34,34,OC,266,10/04/2019,21/07/2020,493,,uwagi
35,35,AC,576,30/08/2018,23/04/2021,474,,uwagi
36,36,AC,241,25/06/2018,05/08/2020,592,,uwagi
37,37,OC,871,02/01/2019,24/10/2020,511,,uwagi
38,38,AC,801,22/08/2018,25/10/2020,471,,uwagi
39,39,AC,334,27/04/2019,19/06/2020,522,,uwagi
40,40,AC,872,08/12/2018,17/12/2020,600,,uwagi
41,41,AC,602,28/01/2019,18/05/2020,532,,uwagi
42,42,OC,648,27/03/2019,11/06/2020,469,,uwagi
43,43,AC,53,04/11/2018,29/07/2020,599,,uwagi
44,44,AC,642,08/11/2018,09/11/2020,451,,uwagi
45,45,OC,892,12/09/2018,06/07/2020,567,,uwagi
46,46,AC,223,04/11/2018,15/11/2020,414,,uwagi
47,47,AC,165,05/02/2019,01/09/2020,589,,uwagi
48,48,OC,619,05/09/2018,02/04/2021,549,,uwagi
49,49,AC,664,20/10/2018,08/10/2020,415,,uwagi
50,50,OC,130,14/04/2019,02/11/2020,590,,uwagi
51,51,OC,288,13/12/2018,01/08/2020,510,,uwagi
52,52,AC,46,30/07/2018,15/04/2021,439,,uwagi
53,53,OC,412,21/10/2018,19/07/2020,450,,uwagi
54,54,OC,875,06/12/2018,03/07/2020,579,,uwagi
55,55,AC,805,02/10/2018,21/08/2020,557,,uwagi
56,56,OC,105,15/11/2018,03/11/2020,401,,uwagi
57,57,OC,362,15/08/2018,21/03/2021,434,,uwagi
58,58,OC,174,02/10/2018,14/05/2020,558,,uwagi
59,59,OC,340,25/05/2018,23/11/2020,490,,uwagi
60,60,OC,118,09/12/2018,31/03/2021,516,,uwagi
61,61,OC,895,17/10/2018,04/12/2020,574,,uwagi
62,62,AC,331,03/01/2019,09/07/2020,583,,uwagi
63,63,AC,111,30/12/2018,24/12/2020,465,,uwagi
64,64,OC,881,07/02/2019,28/08/2020,440,,uwagi
65,65,OC,907,13/04/2019,11/07/2020,400,,uwagi
66,66,AC,766,27/01/2019,14/04/2021,421,,uwagi
67,67,AC,696,16/10/2018,21/04/2021,494,,uwagi
68,68,AC,570,23/05/2018,28/07/2020,529,,uwagi
69,69,AC,186,31/08/2018,08/07/2020,597,,uwagi
70,70,OC,880,01/05/2019,16/06/2020,420,,uwagi
71,71,AC,521,24/05/2018,03/10/2020,600,,uwagi
72,72,AC,712,20/05/2018,19/11/2020,465,,uwagi
73,73,AC,99,24/11/2018,03/06/2020,487,,uwagi
74,74,AC,735,08/11/2018,30/06/2020,463,,uwagi
75,75,OC,263,11/10/2018,06/10/2020,444,,uwagi
76,76,OC,572,02/12/2018,16/11/2020,598,,uwagi
77,77,OC,887,06/06/2018,10/08/2020,537,,uwagi
78,78,AC,372,25/04/2019,21/03/2021,450,,uwagi
79,79,OC,645,03/06/2018,24/05/2020,488,,uwagi
80,80,OC,370,05/08/2018,05/10/2020,463,,uwagi
81,81,OC,675,04/03/2019,19/11/2020,568,,uwagi
82,82,OC,849,07/04/2019,11/06/2020,510,,uwagi
83,83,AC,936,18/11/2018,28/09/2020,530,,uwagi
84,84,OC,348,16/06/2018,18/04/2021,476,,uwagi
85,85,OC,960,20/11/2018,30/12/2020,529,,uwagi
86,86,AC,576,10/01/2019,25/06/2020,443,,uwagi
87,87,AC,302,17/04/2019,11/12/2020,420,,uwagi
88,88,OC,497,04/09/2018,05/03/2021,495,,uwagi
89,89,AC,336,18/06/2018,14/01/2021,424,,uwagi
90,90,OC,158,11/08/2018,26/10/2020,498,,uwagi
91,91,OC,81,17/09/2018,06/03/2021,433,,uwagi
92,92,OC,998,16/11/2018,30/01/2021,402,,uwagi
93,93,AC,242,29/03/2019,09/01/2021,590,,uwagi
94,94,OC,921,06/08/2018,23/03/2021,459,,uwagi
95,95,AC,917,09/03/2019,13/10/2020,451,,uwagi
96,96,OC,136,16/10/2018,14/02/2021,567,,uwagi
97,97,AC,343,21/12/2018,25/12/2020,426,,uwagi
98,98,AC,234,29/03/2019,06/05/2021,526,,uwagi
99,99,OC,378,22/07/2018,19/05/2020,594,,uwagi
100,100,OC,961,21/02/2019,03/11/2020,424,,uwagi
101,101,AC,862,16/01/2019,12/07/2020,440,,uwagi
102,102,OC,601,09/03/2019,03/11/2020,440,,uwagi
103,103,OC,890,31/10/2018,17/05/2020,488,,uwagi
104,104,AC,826,30/07/2018,14/03/2021,472,,uwagi
105,105,OC,146,18/08/2018,10/09/2020,456,,uwagi
106,106,AC,111,04/07/2018,29/12/2020,483,,uwagi
107,107,OC,293,02/01/2019,15/12/2020,552,,uwagi
108,108,AC,580,18/06/2018,22/09/2020,598,,uwagi
109,109,OC,342,28/01/2019,29/01/2021,473,,uwagi
110,110,OC,224,16/10/2018,24/02/2021,466,,uwagi
111,111,OC,596,04/03/2019,05/12/2020,438,,uwagi
112,112,OC,132,22/11/2018,11/04/2021,558,,uwagi
113,113,AC,681,20/08/2018,23/06/2020,536,,uwagi
114,114,OC,178,08/05/2019,14/05/2020,501,,uwagi
115,115,OC,972,03/12/2018,04/11/2020,530,,uwagi
116,116,AC,21,19/03/2019,20/07/2020,553,,uwagi
117,117,OC,902,08/08/2018,06/05/2021,411,,uwagi
118,118,AC,916,22/07/2018,26/08/2020,527,,uwagi
119,119,AC,559,01/09/2018,21/10/2020,595,,uwagi
120,120,OC,168,26/07/2018,20/06/2020,439,,uwagi
121,121,AC,900,13/06/2018,27/04/2021,559,,uwagi
122,122,AC,835,21/07/2018,13/12/2020,585,,uwagi
123,123,AC,971,06/01/2019,27/08/2020,521,,uwagi
124,124,OC,549,04/03/2019,07/11/2020,557,,uwagi
125,125,AC,490,08/09/2018,30/05/2020,551,,uwagi
126,126,OC,710,16/03/2019,02/08/2020,555,,uwagi
127,127,OC,344,25/11/2018,20/02/2021,535,,uwagi
128,128,OC,734,12/03/2019,10/03/2021,518,,uwagi
129,129,AC,114,05/01/2019,18/10/2020,430,,uwagi
130,130,AC,861,08/04/2019,10/02/2021,463,,uwagi
131,131,OC,938,28/06/2018,10/12/2020,443,,uwagi
132,132,AC,205,08/03/2019,17/06/2020,410,,uwagi
133,133,AC,262,21/08/2018,09/01/2021,404,,uwagi
134,134,OC,1000,20/01/2019,11/04/2021,514,,uwagi
135,135,OC,243,26/04/2019,26/06/2020,412,,uwagi
136,136,AC,139,17/10/2018,24/03/2021,554,,uwagi
137,137,AC,796,16/01/2019,04/02/2021,422,,uwagi
138,138,OC,509,18/08/2018,05/06/2020,570,,uwagi
139,139,AC,855,21/08/2018,11/10/2020,592,,uwagi
140,140,OC,176,09/07/2018,03/02/2021,564,,uwagi
141,141,OC,696,07/11/2018,29/08/2020,552,,uwagi
142,142,AC,9,10/01/2019,01/05/2021,593,,uwagi
143,143,AC,248,04/02/2019,01/07/2020,444,,uwagi
144,144,AC,93,25/05/2018,22/08/2020,444,,uwagi
145,145,OC,721,15/04/2019,29/07/2020,493,,uwagi
146,146,OC,103,06/04/2019,06/01/2021,521,,uwagi
147,147,OC,260,19/04/2019,25/01/2021,480,,uwagi
148,148,OC,93,23/03/2019,07/01/2021,582,,uwagi
149,149,OC,518,12/10/2018,05/04/2021,553,,uwagi
150,150,OC,94,03/10/2018,02/10/2020,588,,uwagi
151,151,AC,987,16/09/2018,27/11/2020,527,,uwagi
152,152,AC,98,12/07/2018,20/10/2020,529,,uwagi
153,153,AC,260,29/03/2019,12/01/2021,578,,uwagi
154,154,AC,444,02/09/2018,08/02/2021,597,,uwagi
155,155,AC,198,03/03/2019,26/09/2020,541,,uwagi
156,156,OC,13,09/05/2018,24/12/2020,561,,uwagi
157,157,OC,599,02/01/2019,10/07/2020,412,,uwagi
158,158,OC,296,28/05/2018,18/07/2020,431,,uwagi
159,159,OC,840,08/10/2018,25/04/2021,535,,uwagi
160,160,OC,343,21/03/2019,11/03/2021,554,,uwagi
161,161,OC,667,17/05/2018,25/09/2020,551,,uwagi
162,162,AC,747,27/10/2018,23/05/2020,571,,uwagi
163,163,OC,790,01/12/2018,20/02/2021,422,,uwagi
164,164,OC,55,15/09/2018,02/11/2020,511,,uwagi
165,165,OC,544,17/07/2018,29/06/2020,551,,uwagi
166,166,AC,498,17/05/2018,02/09/2020,553,,uwagi
167,167,AC,55,18/11/2018,01/04/2021,472,,uwagi
168,168,AC,13,16/06/2018,13/10/2020,532,,uwagi
169,169,AC,878,22/02/2019,28/10/2020,500,,uwagi
170,170,AC,506,30/06/2018,08/01/2021,569,,uwagi
171,171,OC,71,08/01/2019,08/10/2020,502,,uwagi
172,172,OC,269,28/01/2019,14/07/2020,451,,uwagi
173,173,AC,109,17/12/2018,19/12/2020,408,,uwagi
174,174,OC,839,25/02/2019,05/02/2021,419,,uwagi
175,175,AC,551,27/06/2018,30/06/2020,528,,uwagi
176,176,OC,966,26/07/2018,06/01/2021,427,,uwagi
177,177,OC,185,12/09/2018,05/11/2020,438,,uwagi
178,178,AC,469,17/08/2018,03/10/2020,441,,uwagi
179,179,OC,910,27/06/2018,27/04/2021,416,,uwagi
180,180,AC,26,01/07/2018,14/12/2020,518,,uwagi
181,181,AC,910,30/09/2018,11/12/2020,532,,uwagi
182,182,OC,548,25/05/2018,09/07/2020,586,,uwagi
183,183,OC,39,14/05/2018,18/09/2020,407,,uwagi
184,184,OC,642,20/02/2019,20/04/2021,575,,uwagi
185,185,OC,799,14/03/2019,17/08/2020,485,,uwagi
186,186,OC,707,09/08/2018,25/10/2020,478,,uwagi
187,187,OC,381,29/03/2019,06/05/2021,515,,uwagi
188,188,OC,418,30/04/2019,19/10/2020,408,,uwagi
189,189,AC,114,12/11/2018,09/06/2020,591,,uwagi
190,190,AC,308,27/09/2018,09/09/2020,596,,uwagi
191,191,OC,345,15/11/2018,23/05/2020,578,,uwagi
192,192,AC,889,08/12/2018,11/06/2020,487,,uwagi
193,193,AC,688,24/02/2019,21/12/2020,495,,uwagi
194,194,AC,530,28/09/2018,23/02/2021,423,,uwagi
195,195,AC,470,31/05/2018,30/07/2020,583,,uwagi
196,196,OC,51,08/02/2019,08/02/2021,524,,uwagi
197,197,AC,771,25/07/2018,31/07/2020,400,,uwagi
198,198,OC,684,11/04/2019,26/05/2020,484,,uwagi
199,199,OC,803,06/12/2018,28/09/2020,507,,uwagi
200,200,OC,5,20/04/2019,27/01/2021,568,,uwagi
201,201,OC,796,17/01/2019,27/02/2021,437,,uwagi
202,202,OC,246,06/12/2018,26/03/2021,414,,uwagi
203,203,OC,623,27/10/2018,15/03/2021,552,,uwagi
204,204,AC,37,08/04/2019,09/02/2021,458,,uwagi
205,205,OC,324,14/03/2019,24/07/2020,552,,uwagi
206,206,AC,36,22/01/2019,30/01/2021,562,,uwagi
207,207,AC,138,02/04/2019,08/09/2020,516,,uwagi
208,208,AC,816,17/04/2019,14/12/2020,453,,uwagi
209,209,OC,537,11/11/2018,10/02/2021,413,,uwagi
210,210,AC,211,27/11/2018,27/11/2020,414,,uwagi
211,211,OC,865,08/11/2018,10/07/2020,574,,uwagi
212,212,AC,407,09/02/2019,25/10/2020,422,,uwagi
213,213,AC,384,02/06/2018,08/10/2020,547,,uwagi
214,214,OC,837,14/05/2018,16/09/2020,554,,uwagi
215,215,AC,407,09/09/2018,16/06/2020,419,,uwagi
216,216,OC,890,08/05/2019,15/06/2020,426,,uwagi
217,217,OC,996,08/01/2019,25/03/2021,453,,uwagi
218,218,AC,102,07/11/2018,28/05/2020,416,,uwagi
219,219,OC,629,29/10/2018,05/09/2020,524,,uwagi
220,220,OC,687,25/06/2018,29/10/2020,566,,uwagi
221,221,OC,586,18/11/2018,17/12/2020,539,,uwagi
222,222,OC,670,21/03/2019,09/11/2020,420,,uwagi
223,223,OC,827,22/06/2018,14/11/2020,497,,uwagi
224,224,AC,744,29/03/2019,29/05/2020,464,,uwagi
225,225,AC,951,16/01/2019,04/12/2020,546,,uwagi
226,226,AC,917,02/01/2019,23/02/2021,524,,uwagi
227,227,AC,693,01/07/2018,20/06/2020,523,,uwagi
228,228,OC,50,29/04/2019,08/10/2020,543,,uwagi
229,229,OC,671,01/12/2018,06/06/2020,469,,uwagi
230,230,AC,359,09/02/2019,23/09/2020,406,,uwagi
231,231,AC,119,08/02/2019,22/12/2020,523,,uwagi
232,232,OC,746,09/11/2018,27/03/2021,457,,uwagi
233,233,AC,484,04/12/2018,02/10/2020,422,,uwagi
234,234,OC,958,25/05/2018,06/07/2020,572,,uwagi
235,235,OC,204,06/08/2018,03/06/2020,562,,uwagi
236,236,OC,543,15/02/2019,24/09/2020,545,,uwagi
237,237,AC,13,14/03/2019,29/05/2020,483,,uwagi
238,238,OC,752,01/01/2019,24/05/2020,493,,uwagi
239,239,OC,574,09/04/2019,16/07/2020,427,,uwagi
240,240,OC,15,21/02/2019,06/01/2021,499,,uwagi
241,241,OC,288,11/12/2018,10/02/2021,523,,uwagi
242,242,OC,255,05/01/2019,07/04/2021,472,,uwagi
243,243,OC,324,07/12/2018,06/04/2021,569,,uwagi
244,244,OC,879,26/02/2019,10/03/2021,561,,uwagi
245,245,OC,756,28/09/2018,19/10/2020,400,,uwagi
246,246,OC,361,01/05/2019,27/01/2021,509,,uwagi
247,247,AC,585,01/07/2018,30/09/2020,512,,uwagi
248,248,OC,422,05/12/2018,08/09/2020,462,,uwagi
249,249,AC,975,24/06/2018,21/02/2021,577,,uwagi
250,250,AC,871,22/09/2018,29/04/2021,580,,uwagi
251,251,OC,798,25/05/2018,24/07/2020,437,,uwagi
252,252,AC,341,10/04/2019,08/08/2020,488,,uwagi
253,253,OC,171,03/04/2019,25/01/2021,553,,uwagi
254,254,OC,114,23/11/2018,07/04/2021,529,,uwagi
255,255,AC,913,19/02/2019,02/04/2021,480,,uwagi
256,256,AC,520,07/11/2018,21/04/2021,552,,uwagi
257,257,AC,852,13/06/2018,16/03/2021,469,,uwagi
258,258,OC,600,30/07/2018,08/10/2020,553,,uwagi
259,259,OC,815,07/09/2018,10/10/2020,548,,uwagi
260,260,OC,167,19/10/2018,03/07/2020,522,,uwagi
261,261,OC,14,06/02/2019,21/06/2020,481,,uwagi
262,262,OC,476,28/08/2018,24/02/2021,550,,uwagi
263,263,AC,296,14/06/2018,15/11/2020,584,,uwagi
264,264,AC,960,05/09/2018,04/12/2020,406,,uwagi
265,265,OC,426,10/09/2018,23/09/2020,589,,uwagi
266,266,AC,895,30/06/2018,23/08/2020,493,,uwagi
267,267,OC,912,04/12/2018,14/03/2021,463,,uwagi
268,268,AC,489,07/11/2018,16/06/2020,583,,uwagi
269,269,OC,377,23/07/2018,01/11/2020,546,,uwagi
270,270,OC,150,30/07/2018,14/01/2021,579,,uwagi
271,271,AC,822,21/06/2018,14/02/2021,582,,uwagi
272,272,OC,682,13/10/2018,22/09/2020,476,,uwagi
273,273,AC,982,24/01/2019,26/10/2020,536,,uwagi
274,274,AC,49,05/01/2019,14/06/2020,528,,uwagi
275,275,AC,759,05/06/2018,19/09/2020,412,,uwagi
276,276,AC,868,25/06/2018,30/01/2021,592,,uwagi
277,277,OC,737,04/10/2018,03/03/2021,574,,uwagi
278,278,AC,948,07/07/2018,26/12/2020,471,,uwagi
279,279,AC,925,09/10/2018,22/06/2020,547,,uwagi
280,280,OC,641,19/01/2019,07/09/2020,577,,uwagi
281,281,OC,966,11/08/2018,07/04/2021,541,,uwagi
282,282,OC,698,15/02/2019,19/12/2020,477,,uwagi
283,283,OC,178,12/07/2018,13/06/2020,473,,uwagi
284,284,OC,576,28/11/2018,06/12/2020,483,,uwagi
285,285,AC,5,03/11/2018,20/08/2020,435,,uwagi
286,286,AC,378,27/03/2019,01/02/2021,408,,uwagi
287,287,AC,214,14/10/2018,29/12/2020,556,,uwagi
288,288,AC,365,15/10/2018,16/12/2020,545,,uwagi
289,289,OC,429,09/12/2018,30/06/2020,530,,uwagi
290,290,AC,222,03/02/2019,23/09/2020,458,,uwagi
291,291,AC,909,18/01/2019,25/06/2020,451,,uwagi
292,292,OC,503,21/10/2018,12/02/2021,591,,uwagi
293,293,AC,480,10/07/2018,14/02/2021,426,,uwagi
294,294,OC,135,06/10/2018,28/11/2020,541,,uwagi
295,295,AC,428,21/08/2018,10/11/2020,542,,uwagi
296,296,AC,785,23/03/2019,22/01/2021,417,,uwagi
297,297,AC,99,04/09/2018,11/07/2020,460,,uwagi
298,298,AC,283,16/09/2018,20/07/2020,534,,uwagi
299,299,OC,824,18/02/2019,13/03/2021,419,,uwagi
300,300,AC,98,15/04/2019,23/09/2020,463,,uwagi
301,301,OC,256,01/01/2019,05/11/2020,445,,uwagi
302,302,OC,118,17/06/2018,19/08/2020,546,,uwagi
303,303,OC,366,24/03/2019,23/12/2020,441,,uwagi
304,304,AC,981,04/09/2018,15/12/2020,468,,uwagi
305,305,OC,12,28/11/2018,04/12/2020,554,,uwagi
306,306,AC,217,19/06/2018,29/09/2020,511,,uwagi
307,307,OC,464,16/07/2018,28/04/2021,530,,uwagi
308,308,OC,489,27/09/2018,19/04/2021,587,,uwagi
309,309,OC,240,22/12/2018,17/07/2020,552,,uwagi
310,310,OC,641,24/10/2018,30/08/2020,571,,uwagi
311,311,OC,333,28/12/2018,05/06/2020,422,,uwagi
312,312,AC,280,05/12/2018,19/02/2021,445,,uwagi
313,313,OC,182,03/01/2019,10/08/2020,519,,uwagi
314,314,AC,214,19/04/2019,28/06/2020,515,,uwagi
315,315,AC,952,31/01/2019,19/06/2020,517,,uwagi
316,316,AC,401,09/03/2019,17/05/2020,560,,uwagi
317,317,OC,939,16/07/2018,31/08/2020,453,,uwagi
318,318,AC,779,10/04/2019,08/07/2020,551,,uwagi
319,319,AC,286,21/02/2019,29/09/2020,599,,uwagi
320,320,AC,889,14/11/2018,25/12/2020,527,,uwagi
321,321,OC,809,08/09/2018,09/04/2021,594,,uwagi
322,322,AC,955,29/03/2019,20/09/2020,449,,uwagi
323,323,AC,828,31/10/2018,08/09/2020,485,,uwagi
324,324,OC,908,23/10/2018,01/09/2020,528,,uwagi
325,325,AC,329,17/02/2019,26/02/2021,519,,uwagi
326,326,AC,518,03/10/2018,21/04/2021,599,,uwagi
327,327,OC,259,23/05/2018,23/06/2020,587,,uwagi
328,328,AC,651,30/10/2018,22/03/2021,542,,uwagi
329,329,OC,977,19/03/2019,15/03/2021,600,,uwagi
330,330,OC,59,17/05/2018,23/03/2021,577,,uwagi
331,331,AC,996,07/01/2019,21/07/2020,539,,uwagi
332,332,AC,42,08/09/2018,04/01/2021,530,,uwagi
333,333,OC,316,30/08/2018,05/04/2021,495,,uwagi
334,334,AC,182,22/01/2019,14/04/2021,477,,uwagi
335,335,OC,620,06/03/2019,14/10/2020,543,,uwagi
336,336,AC,642,28/05/2018,01/05/2021,446,,uwagi
337,337,AC,465,21/07/2018,04/06/2020,497,,uwagi
338,338,AC,552,13/06/2018,17/02/2021,427,,uwagi
339,339,OC,393,17/07/2018,19/09/2020,423,,uwagi
340,340,OC,228,21/12/2018,31/10/2020,434,,uwagi
341,341,OC,696,16/03/2019,23/10/2020,433,,uwagi
342,342,OC,130,11/04/2019,08/12/2020,442,,uwagi
343,343,AC,811,08/05/2019,05/12/2020,505,,uwagi
344,344,OC,919,15/02/2019,01/07/2020,542,,uwagi
345,345,AC,667,20/11/2018,07/03/2021,465,,uwagi
346,346,OC,8,31/05/2018,12/08/2020,594,,uwagi
347,347,OC,342,20/05/2018,31/08/2020,486,,uwagi
348,348,AC,607,22/09/2018,01/08/2020,597,,uwagi
349,349,OC,583,15/05/2018,29/01/2021,475,,uwagi
350,350,OC,554,28/10/2018,25/10/2020,521,,uwagi
351,351,OC,409,06/04/2019,20/01/2021,460,,uwagi
352,352,AC,958,30/04/2019,08/03/2021,486,,uwagi
353,353,AC,155,17/12/2018,11/04/2021,448,,uwagi
354,354,OC,827,30/12/2018,06/09/2020,431,,uwagi
355,355,OC,882,21/04/2019,27/05/2020,565,,uwagi
356,356,OC,650,26/12/2018,01/04/2021,567,,uwagi
357,357,OC,646,13/03/2019,23/04/2021,434,,uwagi
358,358,AC,130,08/07/2018,14/01/2021,556,,uwagi
359,359,AC,751,23/08/2018,22/03/2021,472,,uwagi
360,360,OC,488,08/02/2019,19/08/2020,584,,uwagi
361,361,AC,397,04/11/2018,29/01/2021,465,,uwagi
362,362,OC,475,10/10/2018,25/04/2021,456,,uwagi
363,363,OC,763,26/12/2018,07/07/2020,487,,uwagi
364,364,AC,577,30/09/2018,10/09/2020,452,,uwagi
365,365,AC,99,18/05/2018,12/09/2020,429,,uwagi
366,366,AC,947,21/04/2019,17/09/2020,559,,uwagi
367,367,OC,763,04/10/2018,05/07/2020,488,,uwagi
368,368,AC,11,24/05/2018,28/09/2020,514,,uwagi
369,369,OC,242,28/01/2019,13/06/2020,464,,uwagi
370,370,AC,850,26/11/2018,16/02/2021,562,,uwagi
371,371,AC,62,28/02/2019,26/05/2020,440,,uwagi
372,372,OC,572,15/07/2018,28/03/2021,536,,uwagi
373,373,OC,512,05/08/2018,28/08/2020,488,,uwagi
374,374,AC,691,06/07/2018,24/10/2020,403,,uwagi
375,375,OC,28,09/01/2019,26/01/2021,422,,uwagi
376,376,OC,189,01/05/2019,17/06/2020,412,,uwagi
377,377,AC,183,05/03/2019,01/03/2021,565,,uwagi
378,378,OC,351,03/01/2019,22/06/2020,567,,uwagi
379,379,AC,299,28/05/2018,03/08/2020,415,,uwagi
380,380,OC,610,05/04/2019,07/10/2020,585,,uwagi
381,381,OC,837,11/05/2018,19/05/2020,598,,uwagi
382,382,OC,389,15/10/2018,06/05/2021,512,,uwagi
383,383,AC,224,20/12/2018,14/09/2020,413,,uwagi
384,384,OC,495,09/08/2018,24/08/2020,552,,uwagi
385,385,OC,30,08/08/2018,05/05/2021,558,,uwagi
386,386,AC,710,21/04/2019,13/02/2021,596,,uwagi
387,387,AC,183,29/03/2019,01/06/2020,431,,uwagi
388,388,OC,97,16/06/2018,10/11/2020,502,,uwagi
389,389,OC,579,12/09/2018,07/05/2021,562,,uwagi
390,390,OC,381,20/06/2018,10/08/2020,483,,uwagi
391,391,OC,989,28/11/2018,10/02/2021,450,,uwagi
392,392,OC,800,16/05/2018,01/04/2021,528,,uwagi
393,393,AC,288,17/09/2018,14/10/2020,573,,uwagi
394,394,AC,215,03/04/2019,04/11/2020,472,,uwagi
395,395,AC,158,12/03/2019,12/09/2020,478,,uwagi
396,396,OC,216,28/04/2019,03/08/2020,419,,uwagi
397,397,OC,334,05/09/2018,12/09/2020,456,,uwagi
398,398,AC,275,27/05/2018,10/05/2020,476,,uwagi
399,399,OC,49,22/05/2018,15/10/2020,592,,uwagi
400,400,AC,899,23/03/2019,06/02/2021,467,,uwagi
401,401,OC,673,27/10/2018,13/08/2020,465,,uwagi
402,402,AC,433,16/11/2018,16/02/2021,424,,uwagi
403,403,OC,750,05/07/2018,10/07/2020,482,,uwagi
404,404,OC,136,06/03/2019,03/06/2020,525,,uwagi
405,405,OC,282,06/09/2018,28/01/2021,557,,uwagi
406,406,AC,214,09/10/2018,01/12/2020,600,,uwagi
407,407,AC,121,17/04/2019,17/11/2020,466,,uwagi
408,408,OC,187,24/03/2019,05/08/2020,522,,uwagi
409,409,AC,761,01/06/2018,04/02/2021,531,,uwagi
410,410,AC,143,06/03/2019,20/06/2020,511,,uwagi
411,411,AC,941,11/03/2019,01/10/2020,445,,uwagi
412,412,OC,992,24/08/2018,06/02/2021,532,,uwagi
413,413,OC,684,15/12/2018,09/01/2021,482,,uwagi
414,414,AC,242,05/03/2019,04/06/2020,509,,uwagi
415,415,OC,160,05/05/2019,05/11/2020,566,,uwagi
416,416,OC,467,20/05/2018,26/11/2020,407,,uwagi
417,417,OC,874,13/09/2018,04/01/2021,432,,uwagi
418,418,OC,562,29/11/2018,02/04/2021,469,,uwagi
419,419,OC,628,17/08/2018,30/03/2021,421,,uwagi
420,420,AC,650,31/01/2019,10/03/2021,450,,uwagi
421,421,OC,9,06/11/2018,17/06/2020,438,,uwagi
422,422,AC,693,25/09/2018,25/02/2021,436,,uwagi
423,423,OC,501,02/04/2019,06/09/2020,573,,uwagi
424,424,AC,720,16/09/2018,06/06/2020,421,,uwagi
425,425,OC,565,08/03/2019,21/03/2021,453,,uwagi
426,426,AC,193,23/05/2018,05/12/2020,547,,uwagi
427,427,AC,821,05/11/2018,23/12/2020,521,,uwagi
428,428,OC,782,23/07/2018,16/04/2021,433,,uwagi
429,429,OC,350,13/02/2019,14/09/2020,559,,uwagi
430,430,AC,575,14/09/2018,24/08/2020,489,,uwagi
431,431,AC,355,22/02/2019,24/05/2020,491,,uwagi
432,432,OC,362,30/06/2018,12/03/2021,429,,uwagi
433,433,OC,28,11/11/2018,05/03/2021,529,,uwagi
434,434,OC,104,05/04/2019,31/07/2020,473,,uwagi
435,435,OC,724,04/01/2019,20/07/2020,586,,uwagi
436,436,OC,170,25/01/2019,05/09/2020,424,,uwagi
437,437,OC,656,18/01/2019,22/04/2021,589,,uwagi
438,438,AC,302,28/01/2019,06/12/2020,545,,uwagi
439,439,AC,295,17/10/2018,29/09/2020,414,,uwagi
440,440,AC,396,27/01/2019,12/09/2020,530,,uwagi
441,441,OC,746,25/05/2018,16/10/2020,400,,uwagi
442,442,AC,287,24/04/2019,19/10/2020,473,,uwagi
443,443,AC,9,25/07/2018,19/06/2020,478,,uwagi
444,444,OC,596,07/07/2018,17/06/2020,499,,uwagi
445,445,AC,289,30/10/2018,24/01/2021,443,,uwagi
446,446,AC,248,18/05/2018,24/12/2020,477,,uwagi
447,447,AC,941,09/12/2018,07/09/2020,408,,uwagi
448,448,AC,240,19/12/2018,07/07/2020,469,,uwagi
449,449,AC,706,23/06/2018,02/09/2020,528,,uwagi
450,450,AC,966,11/10/2018,21/07/2020,407,,uwagi
451,451,OC,670,21/01/2019,31/01/2021,557,,uwagi
452,452,OC,828,27/12/2018,19/03/2021,413,,uwagi
453,453,AC,131,27/05/2018,24/05/2020,415,,uwagi
454,454,OC,80,03/01/2019,17/04/2021,534,,uwagi
455,455,AC,395,21/08/2018,29/01/2021,592,,uwagi
456,456,AC,640,25/01/2019,22/04/2021,441,,uwagi
457,457,OC,7,27/06/2018,03/12/2020,429,,uwagi
458,458,OC,317,20/04/2019,08/07/2020,477,,uwagi
459,459,AC,351,06/02/2019,14/05/2020,418,,uwagi
460,460,OC,458,02/07/2018,08/10/2020,411,,uwagi
461,461,OC,212,25/06/2018,03/07/2020,546,,uwagi
462,462,AC,969,26/02/2019,30/03/2021,511,,uwagi
463,463,OC,90,02/03/2019,15/03/2021,537,,uwagi
464,464,OC,602,18/03/2019,17/11/2020,553,,uwagi
465,465,AC,608,25/02/2019,15/01/2021,432,,uwagi
466,466,AC,832,02/04/2019,01/06/2020,560,,uwagi
467,467,AC,445,11/05/2018,26/03/2021,561,,uwagi
468,468,OC,100,03/11/2018,24/11/2020,424,,uwagi
469,469,OC,101,14/08/2018,21/02/2021,494,,uwagi
470,470,AC,742,06/06/2018,11/02/2021,586,,uwagi
471,471,AC,418,29/09/2018,27/03/2021,428,,uwagi
472,472,OC,875,23/01/2019,25/09/2020,422,,uwagi
473,473,AC,401,29/03/2019,28/06/2020,440,,uwagi
474,474,AC,2,29/11/2018,21/09/2020,560,,uwagi
475,475,OC,275,12/09/2018,04/08/2020,482,,uwagi
476,476,AC,507,15/06/2018,21/05/2020,448,,uwagi
477,477,OC,948,14/08/2018,12/03/2021,537,,uwagi
478,478,OC,536,27/10/2018,26/12/2020,557,,uwagi
479,479,OC,511,01/06/2018,02/06/2020,577,,uwagi
480,480,AC,579,29/12/2018,07/05/2021,525,,uwagi
481,481,AC,704,22/07/2018,02/04/2021,408,,uwagi
482,482,AC,557,19/03/2019,04/01/2021,584,,uwagi
483,483,AC,964,30/07/2018,29/08/2020,463,,uwagi
484,484,OC,57,05/06/2018,11/04/2021,464,,uwagi
485,485,AC,914,17/09/2018,01/03/2021,519,,uwagi
486,486,OC,932,19/06/2018,24/09/2020,420,,uwagi
487,487,AC,748,02/08/2018,03/05/2021,409,,uwagi
488,488,OC,370,26/04/2019,22/09/2020,517,,uwagi
489,489,OC,114,10/07/2018,20/01/2021,419,,uwagi
490,490,AC,330,10/08/2018,25/02/2021,535,,uwagi
491,491,AC,476,26/11/2018,02/11/2020,475,,uwagi
492,492,AC,763,23/06/2018,28/06/2020,587,,uwagi
493,493,OC,161,30/07/2018,31/12/2020,580,,uwagi
494,494,AC,759,27/03/2019,18/11/2020,591,,uwagi
495,495,OC,157,08/01/2019,25/07/2020,574,,uwagi
496,496,AC,964,29/09/2018,24/01/2021,560,,uwagi
497,497,AC,11,10/07/2018,30/07/2020,509,,uwagi
498,498,AC,742,26/07/2018,30/11/2020,583,,uwagi
499,499,OC,257,18/05/2018,17/12/2020,405,,uwagi
500,500,AC,657,19/02/2019,27/10/2020,471,,uwagi
501,501,OC,683,14/10/2018,25/08/2020,567,,uwagi
502,502,AC,751,11/08/2018,12/01/2021,519,,uwagi
503,503,AC,738,17/04/2019,24/06/2020,552,,uwagi
504,504,OC,43,26/02/2019,29/05/2020,503,,uwagi
505,505,OC,668,16/12/2018,02/05/2021,534,,uwagi
506,506,OC,888,23/05/2018,17/10/2020,527,,uwagi
507,507,OC,209,11/10/2018,24/01/2021,529,,uwagi
508,508,AC,578,07/04/2019,23/01/2021,477,,uwagi
509,509,AC,532,27/04/2019,14/08/2020,529,,uwagi
510,510,AC,580,15/03/2019,21/09/2020,460,,uwagi
511,511,AC,302,31/08/2018,20/03/2021,597,,uwagi
512,512,AC,399,08/10/2018,26/08/2020,547,,uwagi
513,513,OC,430,29/04/2019,25/12/2020,494,,uwagi
514,514,OC,357,12/04/2019,07/10/2020,503,,uwagi
515,515,AC,236,02/07/2018,18/11/2020,436,,uwagi
516,516,OC,983,11/03/2019,11/02/2021,413,,uwagi
517,517,AC,527,16/02/2019,04/07/2020,455,,uwagi
518,518,AC,617,21/07/2018,26/11/2020,571,,uwagi
519,519,AC,621,04/04/2019,26/12/2020,477,,uwagi
520,520,AC,654,02/02/2019,28/02/2021,594,,uwagi
521,521,AC,44,23/01/2019,05/09/2020,453,,uwagi
522,522,AC,267,21/03/2019,25/05/2020,533,,uwagi
523,523,AC,86,22/04/2019,31/01/2021,419,,uwagi
524,524,OC,661,08/10/2018,10/06/2020,490,,uwagi
525,525,AC,751,01/02/2019,10/10/2020,538,,uwagi
526,526,AC,513,14/08/2018,04/07/2020,534,,uwagi
527,527,AC,909,24/05/2018,07/10/2020,439,,uwagi
528,528,OC,949,23/10/2018,23/04/2021,563,,uwagi
529,529,AC,376,18/12/2018,29/06/2020,487,,uwagi
530,530,OC,445,18/10/2018,10/06/2020,417,,uwagi
531,531,OC,815,24/10/2018,22/12/2020,426,,uwagi
532,532,AC,166,11/09/2018,24/09/2020,479,,uwagi
533,533,OC,251,08/12/2018,06/06/2020,496,,uwagi
534,534,OC,805,06/05/2019,05/12/2020,428,,uwagi
535,535,AC,874,21/02/2019,05/05/2021,579,,uwagi
536,536,OC,123,04/08/2018,04/10/2020,481,,uwagi
537,537,OC,441,27/03/2019,23/12/2020,463,,uwagi
538,538,OC,36,21/02/2019,02/02/2021,452,,uwagi
539,539,OC,485,03/06/2018,31/01/2021,528,,uwagi
540,540,AC,321,30/09/2018,17/12/2020,416,,uwagi
541,541,AC,122,27/07/2018,08/03/2021,580,,uwagi
542,542,AC,191,07/06/2018,25/10/2020,412,,uwagi
543,543,OC,925,29/12/2018,16/11/2020,462,,uwagi
544,544,AC,754,08/07/2018,01/10/2020,423,,uwagi
545,545,AC,34,07/12/2018,17/03/2021,599,,uwagi
546,546,AC,1,08/07/2018,06/06/2020,422,,uwagi
547,547,OC,637,15/09/2018,20/06/2020,511,,uwagi
548,548,OC,468,25/08/2018,07/02/2021,518,,uwagi
549,549,AC,112,23/08/2018,20/12/2020,414,,uwagi
550,550,OC,188,02/06/2018,29/09/2020,479,,uwagi
551,551,OC,351,24/10/2018,24/05/2020,503,,uwagi
552,552,OC,644,20/01/2019,22/12/2020,541,,uwagi
553,553,OC,333,14/06/2018,30/08/2020,526,,uwagi
554,554,AC,504,20/06/2018,30/07/2020,476,,uwagi
555,555,AC,816,15/01/2019,04/05/2021,483,,uwagi
556,556,AC,22,01/02/2019,22/06/2020,483,,uwagi
557,557,AC,633,11/02/2019,25/01/2021,410,,uwagi
558,558,OC,558,03/12/2018,03/09/2020,504,,uwagi
559,559,OC,745,22/03/2019,13/02/2021,527,,uwagi
560,560,OC,570,13/08/2018,08/01/2021,564,,uwagi
561,561,AC,478,03/08/2018,30/01/2021,434,,uwagi
562,562,OC,282,15/12/2018,04/07/2020,563,,uwagi
563,563,AC,149,18/05/2018,26/04/2021,429,,uwagi
564,564,OC,329,21/08/2018,26/11/2020,530,,uwagi
565,565,AC,626,24/08/2018,30/09/2020,493,,uwagi
566,566,OC,914,15/07/2018,03/11/2020,497,,uwagi
567,567,AC,316,12/11/2018,03/08/2020,424,,uwagi
568,568,AC,271,02/09/2018,04/11/2020,536,,uwagi
569,569,OC,815,14/06/2018,19/07/2020,484,,uwagi
570,570,AC,432,16/09/2018,06/06/2020,599,,uwagi
571,571,AC,442,11/07/2018,20/11/2020,494,,uwagi
572,572,AC,967,24/06/2018,17/09/2020,550,,uwagi
573,573,AC,197,20/10/2018,21/02/2021,580,,uwagi
574,574,AC,56,30/08/2018,13/09/2020,445,,uwagi
575,575,OC,298,12/11/2018,16/11/2020,571,,uwagi
576,576,AC,955,13/08/2018,27/09/2020,553,,uwagi
577,577,OC,29,25/04/2019,10/11/2020,416,,uwagi
578,578,OC,156,20/12/2018,26/06/2020,470,,uwagi
579,579,OC,803,22/03/2019,18/04/2021,433,,uwagi
580,580,AC,82,27/08/2018,30/01/2021,520,,uwagi
581,581,AC,181,23/08/2018,21/08/2020,408,,uwagi
582,582,OC,450,28/01/2019,24/11/2020,401,,uwagi
583,583,AC,534,13/12/2018,06/09/2020,440,,uwagi
584,584,AC,766,15/07/2018,12/09/2020,452,,uwagi
585,585,AC,647,13/11/2018,25/08/2020,511,,uwagi
586,586,AC,995,12/05/2018,29/01/2021,502,,uwagi
587,587,AC,830,16/10/2018,02/06/2020,508,,uwagi
588,588,AC,785,02/11/2018,22/04/2021,539,,uwagi
589,589,AC,417,04/07/2018,19/02/2021,499,,uwagi
590,590,OC,472,17/06/2018,27/11/2020,516,,uwagi
591,591,AC,519,21/02/2019,09/03/2021,552,,uwagi
592,592,AC,35,20/05/2018,10/09/2020,441,,uwagi
593,593,AC,302,30/07/2018,06/10/2020,549,,uwagi
594,594,AC,467,05/02/2019,17/07/2020,502,,uwagi
595,595,OC,859,24/01/2019,30/07/2020,431,,uwagi
596,596,AC,104,10/01/2019,23/02/2021,429,,uwagi
597,597,OC,114,21/02/2019,22/08/2020,596,,uwagi
598,598,AC,206,05/08/2018,03/02/2021,553,,uwagi
599,599,AC,651,04/11/2018,11/12/2020,435,,uwagi
600,600,OC,262,23/07/2018,15/02/2021,530,,uwagi
601,601,AC,471,17/08/2018,08/01/2021,433,,uwagi
602,602,OC,720,16/10/2018,15/07/2020,440,,uwagi
603,603,AC,976,02/03/2019,26/07/2020,501,,uwagi
604,604,OC,435,08/12/2018,16/03/2021,595,,uwagi
605,605,AC,153,31/12/2018,08/05/2021,566,,uwagi
606,606,AC,427,11/08/2018,02/12/2020,587,,uwagi
607,607,OC,211,10/08/2018,09/03/2021,409,,uwagi
608,608,OC,534,21/08/2018,15/07/2020,450,,uwagi
609,609,AC,552,07/11/2018,14/05/2020,581,,uwagi
610,610,OC,67,06/09/2018,20/07/2020,432,,uwagi
611,611,AC,160,10/06/2018,10/04/2021,527,,uwagi
612,612,AC,11,17/03/2019,25/02/2021,471,,uwagi
613,613,OC,70,03/02/2019,10/04/2021,466,,uwagi
614,614,AC,872,25/12/2018,01/05/2021,553,,uwagi
615,615,AC,181,01/06/2018,07/05/2021,584,,uwagi
616,616,OC,645,10/02/2019,31/05/2020,468,,uwagi
617,617,OC,257,14/11/2018,20/07/2020,511,,uwagi
618,618,OC,848,08/11/2018,07/03/2021,417,,uwagi
619,619,AC,201,30/10/2018,21/06/2020,528,,uwagi
620,620,OC,732,13/08/2018,02/03/2021,541,,uwagi
621,621,AC,914,27/08/2018,03/05/2021,573,,uwagi
622,622,OC,264,18/04/2019,28/08/2020,575,,uwagi
623,623,AC,817,12/06/2018,11/01/2021,589,,uwagi
624,624,AC,873,14/02/2019,06/05/2021,563,,uwagi
625,625,AC,900,04/02/2019,27/02/2021,600,,uwagi
626,626,AC,757,27/05/2018,14/07/2020,528,,uwagi
627,627,AC,545,05/09/2018,23/09/2020,580,,uwagi
628,628,AC,378,06/08/2018,26/04/2021,549,,uwagi
629,629,AC,463,17/04/2019,20/12/2020,589,,uwagi
630,630,OC,450,28/06/2018,30/11/2020,535,,uwagi
631,631,AC,601,21/01/2019,20/12/2020,518,,uwagi
632,632,AC,385,07/02/2019,05/02/2021,571,,uwagi
633,633,AC,522,27/07/2018,27/07/2020,534,,uwagi
634,634,AC,988,20/10/2018,11/05/2020,508,,uwagi
635,635,OC,218,24/04/2019,22/01/2021,488,,uwagi
636,636,OC,364,09/08/2018,11/04/2021,439,,uwagi
637,637,OC,852,01/06/2018,16/06/2020,549,,uwagi
638,638,AC,892,20/02/2019,15/07/2020,424,,uwagi
639,639,AC,19,13/02/2019,09/04/2021,517,,uwagi
640,640,AC,783,21/03/2019,21/02/2021,406,,uwagi
641,641,OC,253,29/09/2018,19/10/2020,527,,uwagi
642,642,AC,585,09/08/2018,08/11/2020,403,,uwagi
643,643,AC,791,13/12/2018,09/03/2021,508,,uwagi
644,644,OC,941,13/07/2018,19/04/2021,505,,uwagi
645,645,OC,906,07/04/2019,15/02/2021,549,,uwagi
646,646,OC,866,04/12/2018,19/12/2020,421,,uwagi
647,647,AC,466,30/04/2019,10/11/2020,592,,uwagi
648,648,OC,964,31/01/2019,08/11/2020,571,,uwagi
649,649,AC,206,19/05/2018,21/04/2021,574,,uwagi
650,650,OC,393,24/02/2019,07/08/2020,531,,uwagi
651,651,OC,256,25/07/2018,03/11/2020,581,,uwagi
652,652,AC,709,14/09/2018,07/02/2021,498,,uwagi
653,653,AC,14,15/01/2019,21/02/2021,456,,uwagi
654,654,OC,989,20/01/2019,23/04/2021,444,,uwagi
655,655,AC,505,09/04/2019,30/09/2020,425,,uwagi
656,656,AC,464,14/11/2018,17/05/2020,599,,uwagi
657,657,AC,620,16/06/2018,17/02/2021,491,,uwagi
658,658,AC,517,10/11/2018,15/05/2020,484,,uwagi
659,659,AC,535,20/05/2018,28/12/2020,525,,uwagi
660,660,OC,135,01/09/2018,19/06/2020,403,,uwagi
661,661,OC,768,27/10/2018,24/01/2021,454,,uwagi
662,662,AC,34,23/07/2018,01/05/2021,597,,uwagi
663,663,OC,317,18/04/2019,08/03/2021,599,,uwagi
664,664,AC,138,11/03/2019,20/03/2021,597,,uwagi
665,665,AC,486,22/07/2018,23/05/2020,498,,uwagi
666,666,OC,578,17/02/2019,26/08/2020,591,,uwagi
667,667,OC,778,30/01/2019,15/08/2020,514,,uwagi
668,668,OC,938,22/10/2018,10/07/2020,417,,uwagi
669,669,AC,948,16/10/2018,05/06/2020,524,,uwagi
670,670,AC,827,24/09/2018,21/05/2020,552,,uwagi
671,671,AC,358,02/06/2018,30/01/2021,505,,uwagi
672,672,AC,793,10/02/2019,08/12/2020,512,,uwagi
673,673,AC,716,31/12/2018,28/08/2020,575,,uwagi
674,674,AC,919,18/12/2018,13/12/2020,402,,uwagi
675,675,AC,342,05/03/2019,31/05/2020,499,,uwagi
676,676,OC,890,16/08/2018,13/08/2020,414,,uwagi
677,677,OC,429,09/03/2019,16/02/2021,571,,uwagi
678,678,AC,424,26/08/2018,24/06/2020,558,,uwagi
679,679,AC,839,02/07/2018,21/11/2020,547,,uwagi
680,680,AC,879,15/01/2019,01/11/2020,513,,uwagi
681,681,OC,936,08/10/2018,11/05/2020,585,,uwagi
682,682,AC,265,03/06/2018,18/03/2021,543,,uwagi
683,683,OC,575,10/08/2018,10/08/2020,486,,uwagi
684,684,OC,880,23/11/2018,21/07/2020,469,,uwagi
685,685,OC,168,04/06/2018,30/04/2021,538,,uwagi
686,686,AC,943,08/11/2018,10/06/2020,516,,uwagi
687,687,AC,670,25/07/2018,01/05/2021,401,,uwagi
688,688,AC,967,23/08/2018,04/12/2020,486,,uwagi
689,689,OC,351,14/05/2018,01/09/2020,454,,uwagi
690,690,OC,357,12/12/2018,26/09/2020,429,,uwagi
691,691,AC,120,07/06/2018,13/02/2021,416,,uwagi
692,692,AC,406,26/07/2018,30/09/2020,469,,uwagi
693,693,OC,250,30/12/2018,05/09/2020,585,,uwagi
694,694,AC,967,30/11/2018,05/08/2020,561,,uwagi
695,695,OC,694,01/09/2018,17/08/2020,594,,uwagi
696,696,AC,918,22/06/2018,16/06/2020,583,,uwagi
697,697,OC,215,02/06/2018,15/09/2020,516,,uwagi
698,698,OC,363,14/01/2019,18/04/2021,510,,uwagi
699,699,AC,299,03/05/2019,02/06/2020,580,,uwagi
700,700,OC,971,03/12/2018,30/11/2020,451,,uwagi
701,701,OC,206,15/03/2019,30/10/2020,475,,uwagi
702,702,OC,361,31/07/2018,07/04/2021,556,,uwagi
703,703,AC,229,09/11/2018,24/03/2021,405,,uwagi
704,704,AC,526,22/05/2018,24/10/2020,599,,uwagi
705,705,OC,171,12/03/2019,12/01/2021,538,,uwagi
706,706,OC,504,05/07/2018,05/05/2021,521,,uwagi
707,707,OC,416,10/07/2018,22/06/2020,564,,uwagi
708,708,AC,334,09/09/2018,28/04/2021,436,,uwagi
709,709,OC,683,03/05/2019,02/08/2020,496,,uwagi
710,710,OC,300,24/09/2018,27/03/2021,490,,uwagi
711,711,AC,65,15/06/2018,05/06/2020,532,,uwagi
712,712,AC,911,06/10/2018,12/11/2020,403,,uwagi
713,713,AC,105,19/09/2018,13/03/2021,449,,uwagi
714,714,AC,220,05/01/2019,24/05/2020,555,,uwagi
715,715,AC,137,05/10/2018,23/02/2021,589,,uwagi
716,716,OC,21,12/04/2019,05/07/2020,489,,uwagi
717,717,OC,816,10/05/2018,21/01/2021,572,,uwagi
718,718,AC,192,02/10/2018,11/03/2021,438,,uwagi
719,719,OC,116,26/12/2018,11/05/2020,576,,uwagi
720,720,AC,937,02/10/2018,05/10/2020,435,,uwagi
721,721,AC,14,14/07/2018,19/05/2020,448,,uwagi
722,722,AC,465,15/10/2018,16/11/2020,430,,uwagi
723,723,AC,696,07/11/2018,08/10/2020,451,,uwagi
724,724,AC,955,01/03/2019,13/01/2021,495,,uwagi
725,725,AC,210,10/12/2018,11/11/2020,522,,uwagi
726,726,AC,152,23/03/2019,25/05/2020,526,,uwagi
727,727,OC,701,03/12/2018,09/07/2020,489,,uwagi
728,728,AC,70,28/08/2018,27/04/2021,528,,uwagi
729,729,OC,621,14/03/2019,22/10/2020,551,,uwagi
730,730,AC,654,18/01/2019,06/11/2020,539,,uwagi
731,731,OC,137,12/07/2018,05/04/2021,541,,uwagi
732,732,OC,278,25/05/2018,16/11/2020,434,,uwagi
733,733,AC,436,11/08/2018,26/11/2020,573,,uwagi
734,734,AC,840,08/08/2018,29/09/2020,564,,uwagi
735,735,OC,16,06/09/2018,20/07/2020,405,,uwagi
736,736,AC,133,07/06/2018,01/02/2021,436,,uwagi
737,737,AC,695,06/03/2019,31/07/2020,577,,uwagi
738,738,AC,116,19/12/2018,24/07/2020,591,,uwagi
739,739,AC,731,07/01/2019,10/10/2020,514,,uwagi
740,740,OC,222,20/06/2018,03/06/2020,445,,uwagi
741,741,OC,889,12/10/2018,31/05/2020,472,,uwagi
742,742,AC,795,08/04/2019,07/06/2020,528,,uwagi
743,743,AC,853,07/12/2018,19/09/2020,415,,uwagi
744,744,AC,166,10/11/2018,22/12/2020,583,,uwagi
745,745,AC,954,17/05/2018,03/12/2020,586,,uwagi
746,746,AC,353,13/10/2018,24/07/2020,412,,uwagi
747,747,AC,384,24/11/2018,28/04/2021,552,,uwagi
748,748,AC,863,01/03/2019,01/09/2020,575,,uwagi
749,749,AC,981,17/07/2018,18/10/2020,521,,uwagi
750,750,OC,854,18/09/2018,17/07/2020,565,,uwagi
751,751,OC,418,26/04/2019,25/08/2020,543,,uwagi
752,752,AC,688,14/10/2018,01/12/2020,502,,uwagi
753,753,OC,128,13/05/2018,24/08/2020,472,,uwagi
754,754,AC,433,19/10/2018,01/12/2020,505,,uwagi
755,755,OC,558,02/04/2019,17/01/2021,496,,uwagi
756,756,OC,712,11/03/2019,02/02/2021,567,,uwagi
757,757,OC,47,06/03/2019,28/06/2020,443,,uwagi
758,758,OC,264,14/04/2019,30/09/2020,415,,uwagi
759,759,OC,431,05/01/2019,29/11/2020,411,,uwagi
760,760,AC,170,08/04/2019,25/11/2020,583,,uwagi
761,761,AC,132,05/12/2018,16/05/2020,466,,uwagi
762,762,OC,457,08/08/2018,13/10/2020,403,,uwagi
763,763,AC,420,01/03/2019,04/05/2021,429,,uwagi
764,764,OC,458,03/02/2019,18/11/2020,516,,uwagi
765,765,AC,411,09/06/2018,10/04/2021,427,,uwagi
766,766,OC,294,15/06/2018,23/06/2020,570,,uwagi
767,767,AC,240,07/09/2018,14/07/2020,579,,uwagi
768,768,OC,943,09/06/2018,15/01/2021,431,,uwagi
769,769,OC,517,02/07/2018,22/10/2020,518,,uwagi
770,770,OC,694,20/03/2019,22/12/2020,551,,uwagi
771,771,OC,696,10/03/2019,02/03/2021,578,,uwagi
772,772,AC,411,19/05/2018,29/06/2020,469,,uwagi
773,773,AC,633,05/10/2018,16/04/2021,553,,uwagi
774,774,AC,216,02/05/2019,20/12/2020,444,,uwagi
775,775,OC,324,17/12/2018,01/09/2020,526,,uwagi
776,776,OC,912,21/01/2019,25/05/2020,586,,uwagi
777,777,OC,333,23/09/2018,01/08/2020,433,,uwagi
778,778,OC,970,04/10/2018,02/02/2021,421,,uwagi
779,779,OC,686,01/07/2018,07/10/2020,525,,uwagi
780,780,AC,462,26/10/2018,07/10/2020,463,,uwagi
781,781,AC,150,01/08/2018,19/07/2020,402,,uwagi
782,782,AC,170,17/05/2018,19/04/2021,485,,uwagi
783,783,AC,209,03/07/2018,07/01/2021,411,,uwagi
784,784,AC,393,10/11/2018,15/11/2020,454,,uwagi
785,785,AC,156,14/12/2018,28/04/2021,519,,uwagi
786,786,OC,53,06/12/2018,30/01/2021,501,,uwagi
787,787,OC,798,03/05/2019,09/12/2020,568,,uwagi
788,788,AC,435,17/01/2019,16/04/2021,562,,uwagi
789,789,AC,229,21/04/2019,30/03/2021,499,,uwagi
790,790,OC,611,11/01/2019,15/12/2020,592,,uwagi
791,791,AC,748,02/08/2018,03/12/2020,421,,uwagi
792,792,AC,773,13/06/2018,19/01/2021,455,,uwagi
793,793,OC,143,12/03/2019,29/01/2021,497,,uwagi
794,794,OC,276,21/01/2019,25/11/2020,576,,uwagi
795,795,OC,630,06/09/2018,14/02/2021,406,,uwagi
796,796,AC,615,24/05/2018,01/10/2020,417,,uwagi
797,797,OC,526,18/07/2018,10/10/2020,577,,uwagi
798,798,OC,602,09/11/2018,13/04/2021,463,,uwagi
799,799,OC,786,27/07/2018,02/12/2020,509,,uwagi
800,800,AC,594,24/05/2018,28/12/2020,431,,uwagi
801,801,AC,720,09/04/2019,28/12/2020,581,,uwagi
802,802,AC,860,13/12/2018,10/11/2020,535,,uwagi
803,803,AC,423,06/10/2018,29/07/2020,564,,uwagi
804,804,OC,44,05/03/2019,16/12/2020,418,,uwagi
805,805,OC,935,28/05/2018,22/06/2020,545,,uwagi
806,806,OC,422,30/05/2018,26/04/2021,467,,uwagi
807,807,OC,417,11/04/2019,28/02/2021,573,,uwagi
808,808,OC,251,26/12/2018,16/03/2021,493,,uwagi
809,809,AC,894,14/11/2018,21/12/2020,450,,uwagi
810,810,OC,33,07/08/2018,02/10/2020,569,,uwagi
811,811,OC,128,24/10/2018,15/12/2020,513,,uwagi
812,812,OC,329,01/11/2018,29/09/2020,484,,uwagi
813,813,AC,805,10/10/2018,09/01/2021,569,,uwagi
814,814,AC,766,28/02/2019,04/05/2021,578,,uwagi
815,815,AC,604,03/12/2018,26/06/2020,565,,uwagi
816,816,AC,473,26/05/2018,16/10/2020,449,,uwagi
817,817,AC,427,12/02/2019,30/07/2020,532,,uwagi
818,818,AC,263,15/12/2018,20/02/2021,583,,uwagi
819,819,OC,417,02/08/2018,14/07/2020,561,,uwagi
820,820,OC,116,23/03/2019,07/05/2021,568,,uwagi
821,821,OC,972,09/03/2019,12/08/2020,594,,uwagi
822,822,AC,731,23/05/2018,03/12/2020,458,,uwagi
823,823,OC,167,17/04/2019,12/03/2021,419,,uwagi
824,824,OC,422,05/09/2018,22/11/2020,573,,uwagi
825,825,OC,771,12/09/2018,16/04/2021,493,,uwagi
826,826,AC,844,06/09/2018,25/08/2020,588,,uwagi
827,827,OC,254,15/07/2018,11/04/2021,473,,uwagi
828,828,AC,528,18/09/2018,04/02/2021,526,,uwagi
829,829,AC,268,23/02/2019,13/09/2020,409,,uwagi
830,830,AC,258,26/04/2019,09/06/2020,432,,uwagi
831,831,OC,92,01/12/2018,12/05/2020,426,,uwagi
832,832,OC,489,15/05/2018,10/08/2020,573,,uwagi
833,833,AC,309,20/12/2018,18/05/2020,406,,uwagi
834,834,AC,975,23/07/2018,29/11/2020,490,,uwagi
835,835,AC,529,09/04/2019,09/06/2020,444,,uwagi
836,836,OC,907,21/12/2018,13/01/2021,413,,uwagi
837,837,AC,530,09/10/2018,24/09/2020,464,,uwagi
838,838,OC,815,25/03/2019,21/12/2020,570,,uwagi
839,839,AC,12,03/12/2018,03/08/2020,422,,uwagi
840,840,OC,14,08/10/2018,08/09/2020,474,,uwagi
841,841,OC,855,08/12/2018,25/08/2020,492,,uwagi
842,842,OC,662,28/10/2018,05/03/2021,591,,uwagi
843,843,OC,762,12/11/2018,26/10/2020,452,,uwagi
844,844,OC,960,03/11/2018,01/02/2021,447,,uwagi
845,845,AC,22,29/10/2018,27/05/2020,553,,uwagi
846,846,AC,552,19/08/2018,20/01/2021,534,,uwagi
847,847,AC,20,23/11/2018,19/11/2020,440,,uwagi
848,848,OC,854,20/06/2018,29/06/2020,402,,uwagi
849,849,OC,318,01/10/2018,13/04/2021,405,,uwagi
850,850,OC,826,29/11/2018,18/04/2021,407,,uwagi
851,851,AC,496,01/06/2018,26/03/2021,579,,uwagi
852,852,OC,298,10/07/2018,19/11/2020,511,,uwagi
853,853,AC,964,13/09/2018,24/03/2021,463,,uwagi
854,854,OC,659,20/08/2018,06/04/2021,455,,uwagi
855,855,OC,806,04/05/2019,01/01/2021,459,,uwagi
856,856,OC,175,18/10/2018,25/10/2020,570,,uwagi
857,857,AC,609,25/02/2019,22/10/2020,574,,uwagi
858,858,OC,363,15/04/2019,17/09/2020,545,,uwagi
859,859,OC,964,08/08/2018,09/05/2020,408,,uwagi
860,860,OC,678,09/02/2019,12/04/2021,574,,uwagi
861,861,OC,765,28/03/2019,22/05/2020,472,,uwagi
862,862,OC,313,01/06/2018,06/10/2020,532,,uwagi
863,863,AC,813,16/05/2018,17/11/2020,525,,uwagi
864,864,AC,573,23/10/2018,06/09/2020,456,,uwagi
865,865,OC,568,28/05/2018,28/04/2021,417,,uwagi
866,866,AC,327,17/12/2018,22/08/2020,452,,uwagi
867,867,OC,757,30/10/2018,15/05/2020,574,,uwagi
868,868,OC,387,18/08/2018,22/10/2020,446,,uwagi
869,869,AC,31,12/11/2018,01/07/2020,439,,uwagi
870,870,OC,700,11/03/2019,21/03/2021,575,,uwagi
871,871,AC,409,18/06/2018,24/05/2020,528,,uwagi
872,872,OC,12,14/02/2019,05/11/2020,590,,uwagi
873,873,AC,170,17/03/2019,18/08/2020,553,,uwagi
874,874,AC,646,11/03/2019,22/09/2020,467,,uwagi
875,875,AC,398,15/03/2019,09/06/2020,581,,uwagi
876,876,AC,448,10/12/2018,10/02/2021,446,,uwagi
877,877,OC,348,31/12/2018,15/03/2021,598,,uwagi
878,878,OC,117,29/03/2019,30/09/2020,474,,uwagi
879,879,OC,608,23/02/2019,24/07/2020,480,,uwagi
880,880,OC,140,22/11/2018,25/02/2021,420,,uwagi
881,881,OC,538,01/07/2018,22/01/2021,502,,uwagi
882,882,AC,296,03/02/2019,02/01/2021,504,,uwagi
883,883,AC,714,30/09/2018,08/08/2020,539,,uwagi
884,884,AC,753,26/05/2018,26/08/2020,467,,uwagi
885,885,OC,74,03/10/2018,02/12/2020,547,,uwagi
886,886,AC,480,16/12/2018,14/06/2020,436,,uwagi
887,887,OC,147,07/05/2019,04/08/2020,506,,uwagi
888,888,OC,684,07/05/2019,04/07/2020,529,,uwagi
889,889,AC,452,01/06/2018,05/12/2020,451,,uwagi
890,890,AC,416,04/02/2019,03/04/2021,479,,uwagi
891,891,OC,253,29/06/2018,24/07/2020,586,,uwagi
892,892,AC,726,06/08/2018,15/02/2021,445,,uwagi
893,893,OC,150,26/07/2018,09/10/2020,588,,uwagi
894,894,AC,336,08/10/2018,30/11/2020,539,,uwagi
895,895,OC,856,02/12/2018,19/11/2020,553,,uwagi
896,896,AC,280,30/04/2019,03/09/2020,449,,uwagi
897,897,AC,933,12/12/2018,22/04/2021,478,,uwagi
898,898,AC,572,16/05/2018,06/01/2021,415,,uwagi
899,899,OC,583,18/06/2018,22/09/2020,505,,uwagi
900,900,OC,997,19/04/2019,19/09/2020,589,,uwagi
901,901,AC,513,28/06/2018,01/05/2021,439,,uwagi
902,902,AC,540,01/06/2018,08/04/2021,585,,uwagi
903,903,AC,90,11/08/2018,14/05/2020,414,,uwagi
904,904,AC,331,01/01/2019,26/06/2020,481,,uwagi
905,905,AC,909,16/05/2018,26/06/2020,452,,uwagi
906,906,OC,223,01/06/2018,08/06/2020,508,,uwagi
907,907,AC,718,29/05/2018,11/08/2020,494,,uwagi
908,908,OC,743,02/05/2019,29/09/2020,408,,uwagi
909,909,OC,414,26/12/2018,18/10/2020,525,,uwagi
910,910,AC,338,22/10/2018,12/09/2020,525,,uwagi
911,911,AC,656,01/01/2019,12/01/2021,427,,uwagi
912,912,AC,904,20/04/2019,01/09/2020,535,,uwagi
913,913,AC,378,10/07/2018,06/03/2021,553,,uwagi
914,914,AC,792,12/05/2018,16/06/2020,419,,uwagi
915,915,OC,898,04/03/2019,27/08/2020,400,,uwagi
916,916,OC,769,01/10/2018,04/03/2021,445,,uwagi
917,917,AC,886,17/01/2019,01/10/2020,589,,uwagi
918,918,OC,395,16/10/2018,20/05/2020,537,,uwagi
919,919,OC,979,28/05/2018,23/01/2021,419,,uwagi
920,920,OC,90,04/12/2018,15/06/2020,487,,uwagi
921,921,AC,143,03/06/2018,15/06/2020,418,,uwagi
922,922,AC,391,05/08/2018,09/05/2020,600,,uwagi
923,923,AC,560,15/02/2019,19/01/2021,475,,uwagi
924,924,OC,800,14/05/2018,07/06/2020,433,,uwagi
925,925,OC,444,15/12/2018,16/02/2021,412,,uwagi
926,926,OC,350,03/01/2019,10/07/2020,566,,uwagi
927,927,AC,796,03/01/2019,28/10/2020,544,,uwagi
928,928,AC,714,04/08/2018,12/01/2021,422,,uwagi
929,929,OC,675,01/05/2019,09/11/2020,417,,uwagi
930,930,OC,264,16/02/2019,23/09/2020,435,,uwagi
931,931,AC,475,11/09/2018,08/10/2020,464,,uwagi
932,932,AC,824,07/08/2018,06/11/2020,543,,uwagi
933,933,AC,848,18/01/2019,23/05/2020,454,,uwagi
934,934,OC,639,25/07/2018,28/09/2020,414,,uwagi
935,935,OC,524,06/04/2019,24/07/2020,503,,uwagi
936,936,OC,415,03/02/2019,24/03/2021,573,,uwagi
937,937,OC,532,14/01/2019,01/04/2021,532,,uwagi
938,938,OC,594,06/09/2018,28/06/2020,474,,uwagi
939,939,OC,342,09/12/2018,02/03/2021,409,,uwagi
940,940,OC,190,06/08/2018,17/06/2020,462,,uwagi
941,941,OC,474,08/12/2018,11/11/2020,557,,uwagi
942,942,AC,851,01/09/2018,20/04/2021,522,,uwagi
943,943,OC,224,21/05/2018,17/07/2020,491,,uwagi
944,944,AC,970,19/01/2019,24/05/2020,418,,uwagi
945,945,AC,881,27/01/2019,23/12/2020,524,,uwagi
946,946,OC,853,08/06/2018,26/01/2021,406,,uwagi
947,947,OC,657,10/10/2018,14/10/2020,513,,uwagi
948,948,AC,177,27/08/2018,28/02/2021,431,,uwagi
949,949,OC,808,14/06/2018,14/12/2020,500,,uwagi
950,950,OC,528,23/11/2018,07/10/2020,538,,uwagi
951,951,AC,427,13/06/2018,05/05/2021,432,,uwagi
952,952,OC,646,10/03/2019,27/10/2020,402,,uwagi
953,953,AC,578,30/07/2018,23/10/2020,447,,uwagi
954,954,OC,781,18/03/2019,17/07/2020,441,,uwagi
955,955,OC,55,03/10/2018,10/10/2020,417,,uwagi
956,956,OC,844,26/07/2018,03/03/2021,588,,uwagi
957,957,OC,497,27/07/2018,08/01/2021,519,,uwagi
958,958,AC,809,13/09/2018,17/09/2020,555,,uwagi
959,959,AC,493,17/09/2018,15/12/2020,516,,uwagi
960,960,OC,225,23/11/2018,13/06/2020,421,,uwagi
961,961,OC,266,30/09/2018,10/04/2021,507,,uwagi
962,962,OC,93,06/08/2018,07/10/2020,435,,uwagi
963,963,OC,528,19/07/2018,04/12/2020,551,,uwagi
964,964,OC,419,15/11/2018,01/09/2020,507,,uwagi
965,965,AC,404,21/04/2019,24/06/2020,518,,uwagi
966,966,AC,8,23/06/2018,21/05/2020,487,,uwagi
967,967,AC,644,19/12/2018,28/08/2020,587,,uwagi
968,968,OC,845,12/01/2019,24/06/2020,548,,uwagi
969,969,OC,204,07/09/2018,05/01/2021,446,,uwagi
970,970,AC,62,28/01/2019,24/02/2021,491,,uwagi
971,971,AC,610,20/08/2018,02/06/2020,545,,uwagi
972,972,OC,321,29/11/2018,20/11/2020,563,,uwagi
973,973,OC,46,23/10/2018,08/02/2021,468,,uwagi
974,974,OC,7,01/05/2019,08/01/2021,552,,uwagi
975,975,AC,176,08/03/2019,24/11/2020,433,,uwagi
976,976,OC,431,22/06/2018,27/12/2020,434,,uwagi
977,977,AC,625,08/09/2018,01/09/2020,563,,uwagi
978,978,AC,415,25/12/2018,03/03/2021,532,,uwagi
979,979,OC,977,18/10/2018,21/08/2020,573,,uwagi
980,980,AC,119,03/02/2019,31/01/2021,585,,uwagi
981,981,OC,366,29/04/2019,02/04/2021,507,,uwagi
982,982,AC,147,11/11/2018,28/02/2021,571,,uwagi
983,983,AC,107,01/04/2019,25/10/2020,581,,uwagi
984,984,OC,822,29/10/2018,03/10/2020,582,,uwagi
985,985,AC,75,03/05/2019,20/02/2021,416,,uwagi
986,986,AC,918,12/06/2018,20/10/2020,503,,uwagi
987,987,OC,196,27/06/2018,01/12/2020,427,,uwagi
988,988,AC,406,20/10/2018,02/05/2021,511,,uwagi
989,989,AC,354,02/03/2019,01/11/2020,506,,uwagi
990,990,OC,535,21/03/2019,15/12/2020,530,,uwagi
991,991,OC,172,28/01/2019,31/03/2021,402,,uwagi
992,992,AC,532,14/03/2019,20/08/2020,432,,uwagi
993,993,AC,706,15/11/2018,16/02/2021,453,,uwagi
994,994,AC,222,26/11/2018,18/07/2020,417,,uwagi
995,995,AC,498,13/01/2019,04/01/2021,432,,uwagi
996,996,AC,939,12/07/2018,25/07/2020,416,,uwagi
997,997,OC,551,16/05/2018,19/05/2020,455,,uwagi
998,998,OC,980,10/05/2018,17/01/2021,536,,uwagi
999,999,AC,67,04/07/2018,27/10/2020,406,,uwagi
1000,1000,OC,18,21/06/2018,02/05/2021,514,,uwagi

