id_zwrotu,id_wypozyczenia,id_pracownika,id_oddzialu,data_zwrotu,stan_licznika_po,uwagi
1,1,367,323,08/05/2022,573185,uwagi
2,2,748,554,09/05/2022,172214,uwagi
3,3,759,738,01/05/2022,675802,uwagi
4,4,498,332,09/05/2022,766710,uwagi
5,5,453,795,01/05/2022,92738,uwagi
6,6,289,818,06/05/2022,447765,uwagi
7,7,718,271,03/05/2022,400050,uwagi
8,8,683,896,03/05/2022,561767,uwagi
9,9,902,660,05/05/2022,121646,uwagi
10,10,697,991,04/05/2022,825888,uwagi
11,11,260,357,01/05/2022,259939,uwagi
12,12,869,105,12/05/2022,722503,uwagi
13,13,997,864,14/05/2022,503634,uwagi
14,14,729,361,10/05/2022,780361,uwagi
15,15,569,813,13/05/2022,609108,uwagi
16,16,603,101,04/05/2022,456358,uwagi
17,17,61,819,11/05/2022,682491,uwagi
18,18,462,502,06/05/2022,595151,uwagi
19,19,57,404,05/05/2022,310914,uwagi
20,20,125,100,03/05/2022,303027,uwagi
21,21,36,360,02/05/2022,600954,uwagi
22,22,270,229,03/05/2022,688012,uwagi
23,23,57,226,12/05/2022,573645,uwagi
24,24,582,955,08/05/2022,874481,uwagi
25,25,439,523,04/05/2022,717809,uwagi
26,26,91,125,05/05/2022,802058,uwagi
27,27,559,186,07/05/2022,650829,uwagi
28,28,299,648,06/05/2022,234868,uwagi
29,29,934,704,13/05/2022,572059,uwagi
30,30,228,829,03/05/2022,655506,uwagi
31,31,513,865,04/05/2022,121044,uwagi
32,32,155,134,03/05/2022,311859,uwagi
33,33,901,190,14/05/2022,500165,uwagi
34,34,511,772,13/05/2022,461762,uwagi
35,35,480,211,13/05/2022,898363,uwagi
36,36,262,301,11/05/2022,167703,uwagi
37,37,145,860,08/05/2022,322551,uwagi
38,38,846,159,06/05/2022,862954,uwagi
39,39,50,92,09/05/2022,615678,uwagi
40,40,657,320,02/05/2022,472372,uwagi
41,41,364,833,08/05/2022,358922,uwagi
42,42,431,988,07/05/2022,470269,uwagi
43,43,727,889,14/05/2022,628915,uwagi
44,44,248,399,13/05/2022,438493,uwagi
45,45,723,879,05/05/2022,614364,uwagi
46,46,721,140,06/05/2022,865636,uwagi
47,47,844,284,08/05/2022,748665,uwagi
48,48,153,130,11/05/2022,880942,uwagi
49,49,108,179,08/05/2022,122618,uwagi
50,50,768,835,12/05/2022,389608,uwagi
51,51,256,199,03/05/2022,249939,uwagi
52,52,608,629,02/05/2022,239564,uwagi
53,53,93,356,08/05/2022,146497,uwagi
54,54,768,603,08/05/2022,479381,uwagi
55,55,216,326,01/05/2022,377697,uwagi
56,56,874,47,01/05/2022,494253,uwagi
57,57,832,890,07/05/2022,731106,uwagi
58,58,651,42,12/05/2022,839086,uwagi
59,59,628,150,03/05/2022,153060,uwagi
60,60,697,917,07/05/2022,850088,uwagi
61,61,86,172,05/05/2022,180674,uwagi
62,62,308,779,06/05/2022,705865,uwagi
63,63,517,872,04/05/2022,167516,uwagi
64,64,614,640,10/05/2022,670794,uwagi
65,65,110,855,04/05/2022,107461,uwagi
66,66,485,728,11/05/2022,145879,uwagi
67,67,999,560,05/05/2022,888753,uwagi
68,68,797,210,01/05/2022,88631,uwagi
69,69,724,838,11/05/2022,213469,uwagi
70,70,829,535,08/05/2022,143944,uwagi
71,71,769,620,13/05/2022,287429,uwagi
72,72,908,928,14/05/2022,102846,uwagi
73,73,676,444,06/05/2022,830464,uwagi
74,74,798,57,07/05/2022,529197,uwagi
75,75,524,167,11/05/2022,407539,uwagi
76,76,575,652,03/05/2022,179853,uwagi
77,77,672,650,04/05/2022,646776,uwagi
78,78,658,447,07/05/2022,821970,uwagi
79,79,686,170,05/05/2022,686377,uwagi
80,80,864,999,02/05/2022,297615,uwagi
81,81,959,768,04/05/2022,815295,uwagi
82,82,225,675,14/05/2022,754353,uwagi
83,83,270,350,12/05/2022,289355,uwagi
84,84,187,148,09/05/2022,336798,uwagi
85,85,743,671,05/05/2022,476063,uwagi
86,86,153,245,14/05/2022,184848,uwagi
87,87,291,916,12/05/2022,727405,uwagi
88,88,988,574,06/05/2022,264840,uwagi
89,89,894,260,14/05/2022,406239,uwagi
90,90,638,124,06/05/2022,404662,uwagi
91,91,917,82,02/05/2022,210197,uwagi
92,92,815,306,10/05/2022,773520,uwagi
93,93,641,576,13/05/2022,230492,uwagi
94,94,910,763,14/05/2022,353631,uwagi
95,95,235,505,04/05/2022,78732,uwagi
96,96,727,658,10/05/2022,283255,uwagi
97,97,871,949,07/05/2022,213080,uwagi
98,98,664,936,08/05/2022,691960,uwagi
99,99,904,829,10/05/2022,73524,uwagi
100,100,312,467,02/05/2022,176245,uwagi
101,101,719,383,07/05/2022,244065,uwagi
102,102,893,198,07/05/2022,499415,uwagi
103,103,742,839,14/05/2022,145141,uwagi
104,104,940,748,06/05/2022,781707,uwagi
105,105,285,983,06/05/2022,368310,uwagi
106,106,302,710,10/05/2022,82489,uwagi
107,107,563,580,01/05/2022,874101,uwagi
108,108,741,244,10/05/2022,819917,uwagi
109,109,491,147,03/05/2022,676909,uwagi
110,110,502,459,04/05/2022,231453,uwagi
111,111,635,178,11/05/2022,551165,uwagi
112,112,849,70,01/05/2022,716341,uwagi
113,113,370,811,13/05/2022,581332,uwagi
114,114,466,750,08/05/2022,370493,uwagi
115,115,324,35,07/05/2022,355624,uwagi
116,116,687,336,12/05/2022,112785,uwagi
117,117,708,899,08/05/2022,596828,uwagi
118,118,677,639,12/05/2022,800155,uwagi
119,119,581,130,02/05/2022,87607,uwagi
120,120,314,631,07/05/2022,470424,uwagi
121,121,513,266,02/05/2022,618268,uwagi
122,122,96,114,08/05/2022,676337,uwagi
123,123,876,483,05/05/2022,518148,uwagi
124,124,494,948,10/05/2022,309195,uwagi
125,125,860,272,01/05/2022,338109,uwagi
126,126,208,958,10/05/2022,618623,uwagi
127,127,265,666,14/05/2022,533991,uwagi
128,128,902,342,02/05/2022,232294,uwagi
129,129,782,923,04/05/2022,340492,uwagi
130,130,809,236,02/05/2022,867110,uwagi
131,131,295,749,12/05/2022,253391,uwagi
132,132,958,844,04/05/2022,348402,uwagi
133,133,690,719,10/05/2022,751560,uwagi
134,134,232,213,13/05/2022,708004,uwagi
135,135,525,72,06/05/2022,99440,uwagi
136,136,852,279,11/05/2022,899183,uwagi
137,137,515,544,04/05/2022,619718,uwagi
138,138,77,445,12/05/2022,70146,uwagi
139,139,277,227,08/05/2022,840387,uwagi
140,140,607,36,14/05/2022,202345,uwagi
141,141,568,331,04/05/2022,827477,uwagi
142,142,793,288,05/05/2022,696945,uwagi
143,143,133,977,08/05/2022,462090,uwagi
144,144,955,209,12/05/2022,639246,uwagi
145,145,725,733,09/05/2022,698906,uwagi
146,146,766,585,13/05/2022,96691,uwagi
147,147,765,99,14/05/2022,550390,uwagi
148,148,429,176,09/05/2022,86829,uwagi
149,149,436,452,11/05/2022,276164,uwagi
150,150,364,59,07/05/2022,306001,uwagi
151,151,529,626,14/05/2022,581766,uwagi
152,152,442,418,06/05/2022,821726,uwagi
153,153,199,550,06/05/2022,802217,uwagi
154,154,674,505,13/05/2022,141388,uwagi
155,155,362,229,10/05/2022,753436,uwagi
156,156,121,995,09/05/2022,406467,uwagi
157,157,159,759,11/05/2022,489106,uwagi
158,158,740,188,14/05/2022,635344,uwagi
159,159,767,623,04/05/2022,177473,uwagi
160,160,19,987,02/05/2022,225987,uwagi
161,161,308,515,12/05/2022,747994,uwagi
162,162,927,957,05/05/2022,261885,uwagi
163,163,833,155,02/05/2022,721063,uwagi
164,164,716,829,11/05/2022,307086,uwagi
165,165,808,190,05/05/2022,497959,uwagi
166,166,632,311,03/05/2022,493123,uwagi
167,167,41,469,07/05/2022,291758,uwagi
168,168,549,209,06/05/2022,448583,uwagi
169,169,232,975,12/05/2022,133745,uwagi
170,170,367,994,13/05/2022,122629,uwagi
171,171,559,302,09/05/2022,552582,uwagi
172,172,377,228,13/05/2022,516079,uwagi
173,173,613,61,01/05/2022,645065,uwagi
174,174,399,777,08/05/2022,501630,uwagi
175,175,689,584,04/05/2022,660021,uwagi
176,176,207,215,10/05/2022,84142,uwagi
177,177,720,256,03/05/2022,475686,uwagi
178,178,992,804,10/05/2022,650043,uwagi
179,179,451,35,13/05/2022,629041,uwagi
180,180,533,402,05/05/2022,623846,uwagi
181,181,602,961,14/05/2022,875459,uwagi
182,182,186,337,14/05/2022,230643,uwagi
183,183,726,950,06/05/2022,281128,uwagi
184,184,421,349,08/05/2022,94127,uwagi
185,185,944,37,04/05/2022,581030,uwagi
186,186,657,244,13/05/2022,760271,uwagi
187,187,680,963,10/05/2022,138318,uwagi
188,188,171,954,05/05/2022,809278,uwagi
189,189,872,405,08/05/2022,838493,uwagi
190,190,548,938,09/05/2022,338437,uwagi
191,191,217,540,03/05/2022,305098,uwagi
192,192,187,725,08/05/2022,586470,uwagi
193,193,386,451,08/05/2022,544438,uwagi
194,194,645,872,08/05/2022,835064,uwagi
195,195,680,816,10/05/2022,865433,uwagi
196,196,298,472,09/05/2022,233506,uwagi
197,197,130,151,11/05/2022,202406,uwagi
198,198,218,322,09/05/2022,163890,uwagi
199,199,109,193,05/05/2022,501542,uwagi
200,200,36,741,01/05/2022,449108,uwagi
201,201,363,957,09/05/2022,899216,uwagi
202,202,651,144,04/05/2022,669448,uwagi
203,203,275,529,10/05/2022,210884,uwagi
204,204,849,174,03/05/2022,103588,uwagi
205,205,772,853,12/05/2022,784193,uwagi
206,206,730,150,05/05/2022,342717,uwagi
207,207,932,279,14/05/2022,468303,uwagi
208,208,97,497,12/05/2022,736639,uwagi
209,209,215,606,11/05/2022,897766,uwagi
210,210,738,641,02/05/2022,680725,uwagi
211,211,198,4,14/05/2022,644363,uwagi
212,212,197,654,07/05/2022,764137,uwagi
213,213,921,929,07/05/2022,370691,uwagi
214,214,96,778,12/05/2022,515155,uwagi
215,215,142,549,01/05/2022,391653,uwagi
216,216,3,279,02/05/2022,516216,uwagi
217,217,336,210,01/05/2022,749115,uwagi
218,218,819,306,10/05/2022,328667,uwagi
219,219,623,521,04/05/2022,834151,uwagi
220,220,620,258,01/05/2022,534057,uwagi
221,221,358,456,04/05/2022,536825,uwagi
222,222,52,652,14/05/2022,247551,uwagi
223,223,889,573,02/05/2022,187707,uwagi
224,224,255,668,12/05/2022,836729,uwagi
225,225,794,809,10/05/2022,459680,uwagi
226,226,185,811,04/05/2022,691995,uwagi
227,227,726,147,06/05/2022,867178,uwagi
228,228,545,965,14/05/2022,287635,uwagi
229,229,861,587,12/05/2022,722257,uwagi
230,230,782,207,10/05/2022,102586,uwagi
231,231,344,564,14/05/2022,482730,uwagi
232,232,909,615,09/05/2022,191904,uwagi
233,233,127,504,13/05/2022,669556,uwagi
234,234,274,758,14/05/2022,391569,uwagi
235,235,198,552,05/05/2022,231532,uwagi
236,236,671,737,14/05/2022,73639,uwagi
237,237,422,462,09/05/2022,195606,uwagi
238,238,383,6,02/05/2022,165735,uwagi
239,239,649,866,11/05/2022,655667,uwagi
240,240,436,648,03/05/2022,828166,uwagi
241,241,482,991,09/05/2022,463956,uwagi
242,242,982,899,11/05/2022,142401,uwagi
243,243,134,26,07/05/2022,562637,uwagi
244,244,858,300,06/05/2022,360356,uwagi
245,245,249,498,01/05/2022,820713,uwagi
246,246,448,168,02/05/2022,600359,uwagi
247,247,459,590,06/05/2022,150510,uwagi
248,248,615,972,10/05/2022,155282,uwagi
249,249,736,621,03/05/2022,878341,uwagi
250,250,443,57,13/05/2022,583837,uwagi
251,251,357,538,02/05/2022,575827,uwagi
252,252,835,519,08/05/2022,491137,uwagi
253,253,928,652,14/05/2022,512317,uwagi
254,254,524,510,01/05/2022,762076,uwagi
255,255,877,758,14/05/2022,342141,uwagi
256,256,782,206,10/05/2022,482194,uwagi
257,257,423,664,05/05/2022,139227,uwagi
258,258,526,279,11/05/2022,115420,uwagi
259,259,634,14,06/05/2022,633408,uwagi
260,260,608,456,12/05/2022,680446,uwagi
261,261,229,813,03/05/2022,294122,uwagi
262,262,841,647,10/05/2022,727165,uwagi
263,263,352,574,07/05/2022,436480,uwagi
264,264,887,97,11/05/2022,861623,uwagi
265,265,722,974,09/05/2022,659161,uwagi
266,266,54,756,01/05/2022,830629,uwagi
267,267,554,179,10/05/2022,549665,uwagi
268,268,642,704,06/05/2022,781877,uwagi
269,269,703,338,14/05/2022,792998,uwagi
270,270,384,945,05/05/2022,338696,uwagi
271,271,121,174,04/05/2022,182137,uwagi
272,272,395,15,14/05/2022,722278,uwagi
273,273,188,366,10/05/2022,366517,uwagi
274,274,633,253,09/05/2022,447493,uwagi
275,275,587,974,03/05/2022,425562,uwagi
276,276,299,28,13/05/2022,221437,uwagi
277,277,215,581,03/05/2022,370476,uwagi
278,278,796,223,06/05/2022,123189,uwagi
279,279,654,925,07/05/2022,404859,uwagi
280,280,526,308,09/05/2022,358828,uwagi
281,281,854,428,01/05/2022,503931,uwagi
282,282,994,823,06/05/2022,515996,uwagi
283,283,782,10,03/05/2022,821159,uwagi
284,284,143,643,11/05/2022,196737,uwagi
285,285,601,229,13/05/2022,174807,uwagi
286,286,33,527,01/05/2022,197509,uwagi
287,287,220,742,06/05/2022,682038,uwagi
288,288,586,538,04/05/2022,867619,uwagi
289,289,655,192,08/05/2022,804675,uwagi
290,290,62,718,14/05/2022,226613,uwagi
291,291,414,571,01/05/2022,583881,uwagi
292,292,940,565,08/05/2022,435598,uwagi
293,293,480,346,08/05/2022,443931,uwagi
294,294,386,488,05/05/2022,145360,uwagi
295,295,543,88,04/05/2022,336508,uwagi
296,296,675,120,09/05/2022,776536,uwagi
297,297,834,340,03/05/2022,561071,uwagi
298,298,573,925,11/05/2022,174780,uwagi
299,299,534,580,07/05/2022,334540,uwagi
300,300,420,642,10/05/2022,98347,uwagi
301,301,613,56,05/05/2022,574900,uwagi
302,302,235,995,08/05/2022,211333,uwagi
303,303,678,475,14/05/2022,499926,uwagi
304,304,132,860,12/05/2022,72193,uwagi
305,305,228,403,14/05/2022,145630,uwagi
306,306,554,77,07/05/2022,245798,uwagi
307,307,406,910,08/05/2022,529134,uwagi
308,308,1000,482,03/05/2022,466112,uwagi
309,309,131,16,10/05/2022,114922,uwagi
310,310,454,435,14/05/2022,650425,uwagi
311,311,494,48,04/05/2022,696447,uwagi
312,312,105,282,03/05/2022,691920,uwagi
313,313,280,960,07/05/2022,252840,uwagi
314,314,801,91,09/05/2022,135364,uwagi
315,315,809,319,06/05/2022,471232,uwagi
316,316,906,872,03/05/2022,535250,uwagi
317,317,123,278,05/05/2022,459926,uwagi
318,318,678,277,02/05/2022,862299,uwagi
319,319,159,408,07/05/2022,874988,uwagi
320,320,219,862,03/05/2022,402665,uwagi
321,321,920,355,14/05/2022,441947,uwagi
322,322,676,460,03/05/2022,676713,uwagi
323,323,427,739,10/05/2022,642561,uwagi
324,324,652,539,12/05/2022,718423,uwagi
325,325,736,348,14/05/2022,149658,uwagi
326,326,222,254,05/05/2022,877778,uwagi
327,327,786,376,02/05/2022,274313,uwagi
328,328,259,54,12/05/2022,505338,uwagi
329,329,213,212,09/05/2022,845631,uwagi
330,330,183,430,04/05/2022,729733,uwagi
331,331,588,350,04/05/2022,190990,uwagi
332,332,39,25,09/05/2022,574304,uwagi
333,333,772,451,14/05/2022,356006,uwagi
334,334,464,102,03/05/2022,806023,uwagi
335,335,246,838,11/05/2022,261547,uwagi
336,336,348,60,12/05/2022,473211,uwagi
337,337,321,845,03/05/2022,786812,uwagi
338,338,572,103,05/05/2022,831485,uwagi
339,339,99,316,12/05/2022,173340,uwagi
340,340,34,499,02/05/2022,532301,uwagi
341,341,830,86,02/05/2022,823793,uwagi
342,342,981,125,05/05/2022,844262,uwagi
343,343,591,897,01/05/2022,385629,uwagi
344,344,939,360,13/05/2022,470734,uwagi
345,345,827,605,03/05/2022,334941,uwagi
346,346,62,952,12/05/2022,384483,uwagi
347,347,551,273,12/05/2022,254609,uwagi
348,348,415,844,12/05/2022,340246,uwagi
349,349,333,942,04/05/2022,603692,uwagi
350,350,463,976,11/05/2022,184934,uwagi
351,351,23,805,04/05/2022,256638,uwagi
352,352,931,785,05/05/2022,360751,uwagi
353,353,865,376,09/05/2022,273986,uwagi
354,354,249,314,04/05/2022,573905,uwagi
355,355,735,140,02/05/2022,243929,uwagi
356,356,58,202,05/05/2022,203718,uwagi
357,357,441,753,04/05/2022,431049,uwagi
358,358,668,167,03/05/2022,300236,uwagi
359,359,997,500,09/05/2022,251615,uwagi
360,360,642,963,07/05/2022,230817,uwagi
361,361,786,985,03/05/2022,67574,uwagi
362,362,16,916,01/05/2022,722878,uwagi
363,363,370,780,10/05/2022,201031,uwagi
364,364,620,29,10/05/2022,463039,uwagi
365,365,229,763,04/05/2022,579924,uwagi
366,366,444,820,13/05/2022,748234,uwagi
367,367,610,260,12/05/2022,541179,uwagi
368,368,48,927,04/05/2022,680570,uwagi
369,369,330,924,01/05/2022,262892,uwagi
370,370,553,566,10/05/2022,231485,uwagi
371,371,752,351,06/05/2022,218650,uwagi
372,372,755,366,10/05/2022,148179,uwagi
373,373,543,735,06/05/2022,799336,uwagi
374,374,706,355,14/05/2022,822748,uwagi
375,375,183,584,03/05/2022,624149,uwagi
376,376,799,27,14/05/2022,473481,uwagi
377,377,618,637,08/05/2022,690227,uwagi
378,378,188,684,04/05/2022,628997,uwagi
379,379,925,14,12/05/2022,565035,uwagi
380,380,162,567,13/05/2022,202033,uwagi
381,381,361,318,02/05/2022,494927,uwagi
382,382,545,73,02/05/2022,800355,uwagi
383,383,645,615,02/05/2022,579066,uwagi
384,384,524,321,02/05/2022,875048,uwagi
385,385,432,503,06/05/2022,527206,uwagi
386,386,102,302,04/05/2022,549469,uwagi
387,387,591,919,05/05/2022,245556,uwagi
388,388,340,106,11/05/2022,816516,uwagi
389,389,15,31,08/05/2022,827583,uwagi
390,390,614,192,07/05/2022,465374,uwagi
391,391,778,553,01/05/2022,730706,uwagi
392,392,293,98,04/05/2022,791154,uwagi
393,393,174,742,10/05/2022,469594,uwagi
394,394,789,266,08/05/2022,737059,uwagi
395,395,759,698,04/05/2022,321587,uwagi
396,396,313,799,01/05/2022,573103,uwagi
397,397,893,389,13/05/2022,504840,uwagi
398,398,109,728,07/05/2022,592978,uwagi
399,399,9,743,14/05/2022,618084,uwagi
400,400,923,356,10/05/2022,778052,uwagi
401,401,402,134,03/05/2022,404366,uwagi
402,402,199,426,13/05/2022,485678,uwagi
403,403,69,599,05/05/2022,270165,uwagi
404,404,553,388,14/05/2022,492166,uwagi
405,405,358,146,08/05/2022,239427,uwagi
406,406,666,459,06/05/2022,71097,uwagi
407,407,274,351,13/05/2022,395659,uwagi
408,408,801,460,07/05/2022,168338,uwagi
409,409,433,469,04/05/2022,788133,uwagi
410,410,96,391,11/05/2022,250075,uwagi
411,411,950,792,01/05/2022,361200,uwagi
412,412,356,991,12/05/2022,716435,uwagi
413,413,860,60,11/05/2022,381133,uwagi
414,414,105,612,01/05/2022,704361,uwagi
415,415,617,970,07/05/2022,826165,uwagi
416,416,826,635,12/05/2022,373752,uwagi
417,417,833,909,08/05/2022,666592,uwagi
418,418,229,709,05/05/2022,215240,uwagi
419,419,353,142,10/05/2022,606212,uwagi
420,420,219,237,14/05/2022,97090,uwagi
421,421,441,186,13/05/2022,758249,uwagi
422,422,795,542,01/05/2022,750395,uwagi
423,423,576,401,13/05/2022,799681,uwagi
424,424,954,506,08/05/2022,475700,uwagi
425,425,720,123,06/05/2022,450514,uwagi
426,426,631,948,14/05/2022,145708,uwagi
427,427,1,781,10/05/2022,69386,uwagi
428,428,722,9,02/05/2022,661390,uwagi
429,429,902,362,11/05/2022,779695,uwagi
430,430,550,580,06/05/2022,142385,uwagi
431,431,588,21,01/05/2022,297514,uwagi
432,432,418,816,02/05/2022,749447,uwagi
433,433,239,391,06/05/2022,248861,uwagi
434,434,119,344,01/05/2022,670924,uwagi
435,435,611,64,10/05/2022,772799,uwagi
436,436,73,695,05/05/2022,728915,uwagi
437,437,169,695,14/05/2022,545370,uwagi
438,438,175,416,11/05/2022,552822,uwagi
439,439,889,318,02/05/2022,854612,uwagi
440,440,745,867,13/05/2022,503869,uwagi
441,441,837,455,02/05/2022,520672,uwagi
442,442,116,872,02/05/2022,366220,uwagi
443,443,936,111,14/05/2022,691948,uwagi
444,444,156,230,08/05/2022,143987,uwagi
445,445,881,840,06/05/2022,196700,uwagi
446,446,729,912,10/05/2022,776251,uwagi
447,447,524,81,13/05/2022,521392,uwagi
448,448,99,255,13/05/2022,868714,uwagi
449,449,684,144,07/05/2022,298458,uwagi
450,450,629,888,12/05/2022,186837,uwagi
451,451,155,725,01/05/2022,565941,uwagi
452,452,701,840,07/05/2022,459017,uwagi
453,453,61,775,03/05/2022,551463,uwagi
454,454,812,931,02/05/2022,742956,uwagi
455,455,907,812,11/05/2022,609198,uwagi
456,456,65,540,02/05/2022,535703,uwagi
457,457,916,64,13/05/2022,603177,uwagi
458,458,463,163,13/05/2022,816009,uwagi
459,459,425,846,13/05/2022,100586,uwagi
460,460,705,475,07/05/2022,841605,uwagi
461,461,851,629,04/05/2022,611449,uwagi
462,462,451,329,10/05/2022,477633,uwagi
463,463,923,390,02/05/2022,289604,uwagi
464,464,505,202,14/05/2022,231223,uwagi
465,465,317,108,05/05/2022,73414,uwagi
466,466,969,172,04/05/2022,523977,uwagi
467,467,533,88,01/05/2022,576825,uwagi
468,468,177,551,01/05/2022,712328,uwagi
469,469,77,976,03/05/2022,583309,uwagi
470,470,119,680,12/05/2022,144379,uwagi
471,471,49,531,13/05/2022,669407,uwagi
472,472,704,981,11/05/2022,109065,uwagi
473,473,198,903,11/05/2022,434575,uwagi
474,474,467,408,13/05/2022,602882,uwagi
475,475,666,725,10/05/2022,692976,uwagi
476,476,676,694,08/05/2022,836555,uwagi
477,477,226,226,09/05/2022,74871,uwagi
478,478,839,403,10/05/2022,534318,uwagi
479,479,614,479,14/05/2022,513607,uwagi
480,480,235,597,04/05/2022,246196,uwagi
481,481,330,646,09/05/2022,688925,uwagi
482,482,54,350,05/05/2022,672732,uwagi
483,483,106,547,08/05/2022,591635,uwagi
484,484,549,14,02/05/2022,97097,uwagi
485,485,193,679,10/05/2022,702075,uwagi
486,486,945,355,01/05/2022,445765,uwagi
487,487,869,580,12/05/2022,633871,uwagi
488,488,881,418,11/05/2022,134569,uwagi
489,489,443,32,06/05/2022,533870,uwagi
490,490,980,266,14/05/2022,197358,uwagi
491,491,197,595,08/05/2022,736640,uwagi
492,492,945,648,10/05/2022,193163,uwagi
493,493,672,754,09/05/2022,649562,uwagi
494,494,303,303,07/05/2022,660440,uwagi
495,495,342,495,13/05/2022,392022,uwagi
496,496,105,440,14/05/2022,687722,uwagi
497,497,561,309,13/05/2022,336517,uwagi
498,498,242,189,12/05/2022,685232,uwagi
499,499,325,632,11/05/2022,711196,uwagi
500,500,887,612,12/05/2022,97715,uwagi
501,501,45,809,09/05/2022,594173,uwagi
502,502,850,753,09/05/2022,299972,uwagi
503,503,3,425,05/05/2022,94181,uwagi
504,504,703,727,01/05/2022,346374,uwagi
505,505,416,68,13/05/2022,759432,uwagi
506,506,808,172,05/05/2022,291332,uwagi
507,507,554,732,14/05/2022,548628,uwagi
508,508,879,974,09/05/2022,706193,uwagi
509,509,622,298,01/05/2022,398343,uwagi
510,510,395,184,09/05/2022,73686,uwagi
511,511,435,229,08/05/2022,748420,uwagi
512,512,68,78,11/05/2022,541466,uwagi
513,513,350,81,05/05/2022,895558,uwagi
514,514,385,783,12/05/2022,667331,uwagi
515,515,722,199,08/05/2022,723883,uwagi
516,516,553,6,10/05/2022,867288,uwagi
517,517,824,559,04/05/2022,643312,uwagi
518,518,404,437,10/05/2022,620825,uwagi
519,519,171,59,13/05/2022,869399,uwagi
520,520,571,453,10/05/2022,187900,uwagi
521,521,581,888,10/05/2022,378690,uwagi
522,522,400,955,03/05/2022,443408,uwagi
523,523,970,305,12/05/2022,510216,uwagi
524,524,965,689,02/05/2022,328677,uwagi
525,525,686,410,12/05/2022,494231,uwagi
526,526,475,963,14/05/2022,498899,uwagi
527,527,436,787,11/05/2022,130403,uwagi
528,528,129,190,05/05/2022,495260,uwagi
529,529,794,361,03/05/2022,543703,uwagi
530,530,758,931,10/05/2022,86927,uwagi
531,531,905,512,06/05/2022,827648,uwagi
532,532,281,911,11/05/2022,790038,uwagi
533,533,734,881,10/05/2022,209069,uwagi
534,534,267,845,01/05/2022,783924,uwagi
535,535,583,531,06/05/2022,290975,uwagi
536,536,97,6,02/05/2022,259655,uwagi
537,537,616,441,01/05/2022,81296,uwagi
538,538,695,569,02/05/2022,239526,uwagi
539,539,210,363,12/05/2022,540537,uwagi
540,540,783,120,08/05/2022,482674,uwagi
541,541,810,25,06/05/2022,74621,uwagi
542,542,723,305,02/05/2022,834801,uwagi
543,543,591,38,06/05/2022,734676,uwagi
544,544,764,305,11/05/2022,604806,uwagi
545,545,625,887,12/05/2022,212521,uwagi
546,546,895,983,04/05/2022,216704,uwagi
547,547,129,599,03/05/2022,584644,uwagi
548,548,148,294,01/05/2022,224650,uwagi
549,549,357,503,07/05/2022,527549,uwagi
550,550,927,286,07/05/2022,627738,uwagi
551,551,427,95,06/05/2022,648119,uwagi
552,552,438,818,02/05/2022,67380,uwagi
553,553,360,408,10/05/2022,98931,uwagi
554,554,162,172,10/05/2022,352989,uwagi
555,555,809,796,10/05/2022,258229,uwagi
556,556,985,691,02/05/2022,243883,uwagi
557,557,167,819,12/05/2022,743851,uwagi
558,558,789,966,13/05/2022,153534,uwagi
559,559,981,323,08/05/2022,573194,uwagi
560,560,535,249,07/05/2022,811534,uwagi
561,561,208,675,06/05/2022,890480,uwagi
562,562,907,113,14/05/2022,737681,uwagi
563,563,910,473,11/05/2022,243173,uwagi
564,564,950,635,11/05/2022,386028,uwagi
565,565,295,443,02/05/2022,215167,uwagi
566,566,527,428,08/05/2022,791568,uwagi
567,567,741,594,11/05/2022,639883,uwagi
568,568,554,383,02/05/2022,611410,uwagi
569,569,660,363,06/05/2022,880675,uwagi
570,570,268,897,14/05/2022,253213,uwagi
571,571,163,105,14/05/2022,816701,uwagi
572,572,151,12,11/05/2022,75758,uwagi
573,573,957,921,08/05/2022,470186,uwagi
574,574,170,871,12/05/2022,164660,uwagi
575,575,555,165,04/05/2022,533985,uwagi
576,576,734,691,13/05/2022,890684,uwagi
577,577,605,432,13/05/2022,551458,uwagi
578,578,293,985,07/05/2022,870954,uwagi
579,579,947,644,10/05/2022,338819,uwagi
580,580,924,912,11/05/2022,252604,uwagi
581,581,150,74,13/05/2022,340047,uwagi
582,582,50,225,06/05/2022,349266,uwagi
583,583,63,181,01/05/2022,282641,uwagi
584,584,548,351,02/05/2022,174105,uwagi
585,585,667,905,10/05/2022,311646,uwagi
586,586,229,639,03/05/2022,888495,uwagi
587,587,218,243,07/05/2022,413532,uwagi
588,588,801,536,01/05/2022,400611,uwagi
589,589,766,483,10/05/2022,103265,uwagi
590,590,94,406,02/05/2022,864691,uwagi
591,591,318,556,11/05/2022,91418,uwagi
592,592,648,605,12/05/2022,278930,uwagi
593,593,988,667,07/05/2022,429906,uwagi
594,594,249,215,12/05/2022,722520,uwagi
595,595,379,882,06/05/2022,642800,uwagi
596,596,675,110,13/05/2022,340913,uwagi
597,597,661,328,07/05/2022,543428,uwagi
598,598,78,128,14/05/2022,155227,uwagi
599,599,480,893,06/05/2022,557721,uwagi
600,600,526,986,04/05/2022,896583,uwagi
601,601,484,304,09/05/2022,525026,uwagi
602,602,516,951,13/05/2022,194752,uwagi
603,603,772,939,14/05/2022,751519,uwagi
604,604,209,187,04/05/2022,95513,uwagi
605,605,996,566,11/05/2022,831395,uwagi
606,606,688,241,07/05/2022,88149,uwagi
607,607,19,901,11/05/2022,361460,uwagi
608,608,592,979,09/05/2022,467784,uwagi
609,609,700,459,13/05/2022,378075,uwagi
610,610,290,985,04/05/2022,366152,uwagi
611,611,286,468,11/05/2022,619619,uwagi
612,612,837,983,08/05/2022,578523,uwagi
613,613,992,755,05/05/2022,527131,uwagi
614,614,814,963,09/05/2022,683084,uwagi
615,615,851,959,13/05/2022,320487,uwagi
616,616,769,647,10/05/2022,520989,uwagi
617,617,796,665,01/05/2022,438081,uwagi
618,618,151,256,11/05/2022,420297,uwagi
619,619,634,955,12/05/2022,803248,uwagi
620,620,9,244,01/05/2022,790198,uwagi
621,621,369,530,06/05/2022,345837,uwagi
622,622,34,366,13/05/2022,331586,uwagi
623,623,649,357,02/05/2022,126373,uwagi
624,624,202,171,13/05/2022,95104,uwagi
625,625,942,21,02/05/2022,895300,uwagi
626,626,248,789,11/05/2022,599759,uwagi
627,627,794,585,05/05/2022,319393,uwagi
628,628,241,736,06/05/2022,532633,uwagi
629,629,667,369,13/05/2022,494704,uwagi
630,630,551,377,11/05/2022,698328,uwagi
631,631,419,746,02/05/2022,305088,uwagi
632,632,756,779,01/05/2022,610010,uwagi
633,633,75,427,07/05/2022,72846,uwagi
634,634,148,629,04/05/2022,215115,uwagi
635,635,184,570,01/05/2022,232330,uwagi
636,636,179,818,01/05/2022,890887,uwagi
637,637,819,612,03/05/2022,543933,uwagi
638,638,124,852,01/05/2022,322931,uwagi
639,639,684,518,13/05/2022,630665,uwagi
640,640,198,69,01/05/2022,110209,uwagi
641,641,957,487,02/05/2022,732716,uwagi
642,642,244,242,06/05/2022,547803,uwagi
643,643,897,317,13/05/2022,68995,uwagi
644,644,907,464,01/05/2022,593422,uwagi
645,645,86,648,02/05/2022,234166,uwagi
646,646,287,826,12/05/2022,81716,uwagi
647,647,276,645,03/05/2022,592062,uwagi
648,648,849,768,03/05/2022,468283,uwagi
649,649,158,452,08/05/2022,65676,uwagi
650,650,836,650,11/05/2022,122489,uwagi
651,651,890,606,02/05/2022,528920,uwagi
652,652,690,850,14/05/2022,730805,uwagi
653,653,268,747,08/05/2022,159729,uwagi
654,654,273,653,12/05/2022,547068,uwagi
655,655,905,739,08/05/2022,252923,uwagi
656,656,108,25,09/05/2022,107597,uwagi
657,657,128,300,14/05/2022,645848,uwagi
658,658,759,149,05/05/2022,452068,uwagi
659,659,242,307,08/05/2022,828890,uwagi
660,660,243,142,06/05/2022,536017,uwagi
661,661,312,32,04/05/2022,206777,uwagi
662,662,867,721,13/05/2022,81260,uwagi
663,663,665,988,13/05/2022,704476,uwagi
664,664,778,260,01/05/2022,414269,uwagi
665,665,356,165,03/05/2022,195756,uwagi
666,666,581,273,05/05/2022,216266,uwagi
667,667,632,400,12/05/2022,466688,uwagi
668,668,327,159,01/05/2022,590953,uwagi
669,669,791,400,13/05/2022,846993,uwagi
670,670,706,643,10/05/2022,130472,uwagi
671,671,270,954,03/05/2022,156602,uwagi
672,672,440,821,02/05/2022,758097,uwagi
673,673,459,486,06/05/2022,747760,uwagi
674,674,225,263,01/05/2022,129586,uwagi
675,675,643,618,10/05/2022,266997,uwagi
676,676,800,199,11/05/2022,494160,uwagi
677,677,981,830,11/05/2022,827790,uwagi
678,678,462,157,07/05/2022,124950,uwagi
679,679,92,947,04/05/2022,458923,uwagi
680,680,28,652,13/05/2022,160384,uwagi
681,681,107,921,02/05/2022,121824,uwagi
682,682,216,360,14/05/2022,807163,uwagi
683,683,47,819,11/05/2022,377203,uwagi
684,684,864,43,04/05/2022,596676,uwagi
685,685,942,686,02/05/2022,277647,uwagi
686,686,183,485,04/05/2022,443042,uwagi
687,687,697,466,12/05/2022,300458,uwagi
688,688,611,927,05/05/2022,430742,uwagi
689,689,683,18,02/05/2022,385962,uwagi
690,690,155,46,06/05/2022,95007,uwagi
691,691,269,153,03/05/2022,863896,uwagi
692,692,337,369,06/05/2022,329403,uwagi
693,693,226,415,02/05/2022,177790,uwagi
694,694,600,278,05/05/2022,213534,uwagi
695,695,236,220,01/05/2022,785903,uwagi
696,696,491,402,07/05/2022,355652,uwagi
697,697,944,99,03/05/2022,744049,uwagi
698,698,226,710,10/05/2022,682780,uwagi
699,699,664,392,03/05/2022,697800,uwagi
700,700,48,546,04/05/2022,736100,uwagi
701,701,84,814,04/05/2022,863154,uwagi
702,702,41,151,10/05/2022,335562,uwagi
703,703,357,376,02/05/2022,681425,uwagi
704,704,492,975,02/05/2022,78498,uwagi
705,705,670,211,10/05/2022,261371,uwagi
706,706,534,701,11/05/2022,597039,uwagi
707,707,882,644,07/05/2022,679661,uwagi
708,708,695,870,11/05/2022,437029,uwagi
709,709,435,533,12/05/2022,764092,uwagi
710,710,193,580,09/05/2022,384773,uwagi
711,711,996,664,06/05/2022,229456,uwagi
712,712,952,704,14/05/2022,354966,uwagi
713,713,276,61,14/05/2022,668465,uwagi
714,714,15,553,05/05/2022,647155,uwagi
715,715,31,223,12/05/2022,822712,uwagi
716,716,266,756,01/05/2022,572784,uwagi
717,717,903,637,10/05/2022,275413,uwagi
718,718,639,332,09/05/2022,166057,uwagi
719,719,85,766,08/05/2022,610458,uwagi
720,720,922,959,14/05/2022,259576,uwagi
721,721,305,955,11/05/2022,813421,uwagi
722,722,502,906,05/05/2022,565887,uwagi
723,723,849,182,09/05/2022,616376,uwagi
724,724,572,196,03/05/2022,242680,uwagi
725,725,269,227,05/05/2022,428333,uwagi
726,726,177,492,05/05/2022,224237,uwagi
727,727,785,395,10/05/2022,756047,uwagi
728,728,37,33,14/05/2022,197808,uwagi
729,729,158,118,11/05/2022,837302,uwagi
730,730,811,39,13/05/2022,802327,uwagi
731,731,44,344,12/05/2022,763984,uwagi
732,732,940,845,10/05/2022,685424,uwagi
733,733,540,694,10/05/2022,837213,uwagi
734,734,200,265,07/05/2022,165771,uwagi
735,735,413,534,06/05/2022,354601,uwagi
736,736,848,710,13/05/2022,765073,uwagi
737,737,39,494,04/05/2022,259223,uwagi
738,738,867,530,01/05/2022,286714,uwagi
739,739,26,687,09/05/2022,384576,uwagi
740,740,951,498,13/05/2022,416900,uwagi
741,741,834,541,10/05/2022,703459,uwagi
742,742,671,481,05/05/2022,573710,uwagi
743,743,414,21,02/05/2022,317618,uwagi
744,744,339,221,03/05/2022,538650,uwagi
745,745,459,633,14/05/2022,148957,uwagi
746,746,806,481,09/05/2022,741256,uwagi
747,747,645,520,01/05/2022,318326,uwagi
748,748,877,386,08/05/2022,760583,uwagi
749,749,143,411,05/05/2022,499083,uwagi
750,750,525,361,06/05/2022,79283,uwagi
751,751,947,194,04/05/2022,530763,uwagi
752,752,711,865,04/05/2022,96939,uwagi
753,753,321,278,12/05/2022,113701,uwagi
754,754,623,616,11/05/2022,297424,uwagi
755,755,190,75,06/05/2022,825788,uwagi
756,756,291,880,13/05/2022,392125,uwagi
757,757,101,525,01/05/2022,825673,uwagi
758,758,404,401,09/05/2022,312479,uwagi
759,759,237,543,14/05/2022,655352,uwagi
760,760,757,68,06/05/2022,121591,uwagi
761,761,774,14,04/05/2022,283525,uwagi
762,762,332,725,09/05/2022,170136,uwagi
763,763,370,46,06/05/2022,401849,uwagi
764,764,429,668,12/05/2022,80875,uwagi
765,765,707,858,14/05/2022,142988,uwagi
766,766,618,149,13/05/2022,877788,uwagi
767,767,10,249,05/05/2022,480347,uwagi
768,768,921,653,08/05/2022,814888,uwagi
769,769,217,890,06/05/2022,433126,uwagi
770,770,924,646,02/05/2022,489637,uwagi
771,771,992,420,14/05/2022,501321,uwagi
772,772,254,752,12/05/2022,271635,uwagi
773,773,380,122,10/05/2022,309291,uwagi
774,774,783,550,13/05/2022,866906,uwagi
775,775,802,256,06/05/2022,748129,uwagi
776,776,895,874,06/05/2022,871918,uwagi
777,777,869,883,07/05/2022,244528,uwagi
778,778,366,804,03/05/2022,789286,uwagi
779,779,264,20,04/05/2022,696774,uwagi
780,780,705,944,05/05/2022,401074,uwagi
781,781,214,936,09/05/2022,751472,uwagi
782,782,736,189,09/05/2022,543728,uwagi
783,783,984,568,06/05/2022,644783,uwagi
784,784,276,351,10/05/2022,268339,uwagi
785,785,237,152,05/05/2022,481820,uwagi
786,786,55,47,12/05/2022,376014,uwagi
787,787,21,915,06/05/2022,278046,uwagi
788,788,236,281,13/05/2022,113589,uwagi
789,789,104,545,07/05/2022,130122,uwagi
790,790,860,250,13/05/2022,82997,uwagi
791,791,263,463,13/05/2022,863805,uwagi
792,792,85,199,03/05/2022,186069,uwagi
793,793,658,182,09/05/2022,659927,uwagi
794,794,353,458,01/05/2022,117227,uwagi
795,795,596,694,06/05/2022,243847,uwagi
796,796,95,749,05/05/2022,282773,uwagi
797,797,468,769,08/05/2022,211793,uwagi
798,798,723,5,02/05/2022,446255,uwagi
799,799,781,108,12/05/2022,66046,uwagi
800,800,859,968,08/05/2022,274292,uwagi
801,801,881,230,14/05/2022,660631,uwagi
802,802,837,315,10/05/2022,826382,uwagi
803,803,982,972,10/05/2022,143181,uwagi
804,804,695,324,08/05/2022,525320,uwagi
805,805,757,920,07/05/2022,269704,uwagi
806,806,971,14,11/05/2022,894463,uwagi
807,807,232,482,09/05/2022,701512,uwagi
808,808,408,204,11/05/2022,705380,uwagi
809,809,865,985,05/05/2022,795353,uwagi
810,810,866,843,10/05/2022,768205,uwagi
811,811,117,723,06/05/2022,125008,uwagi
812,812,830,560,07/05/2022,387236,uwagi
813,813,742,542,05/05/2022,363616,uwagi
814,814,835,236,06/05/2022,633930,uwagi
815,815,387,993,06/05/2022,566517,uwagi
816,816,632,964,08/05/2022,578196,uwagi
817,817,625,195,12/05/2022,144983,uwagi
818,818,387,603,04/05/2022,314924,uwagi
819,819,154,467,09/05/2022,301607,uwagi
820,820,29,332,04/05/2022,170155,uwagi
821,821,871,448,09/05/2022,773567,uwagi
822,822,943,278,01/05/2022,405644,uwagi
823,823,329,19,06/05/2022,857458,uwagi
824,824,687,854,01/05/2022,218935,uwagi
825,825,368,240,06/05/2022,212303,uwagi
826,826,969,871,13/05/2022,181409,uwagi
827,827,583,496,14/05/2022,344026,uwagi
828,828,679,883,11/05/2022,846948,uwagi
829,829,978,37,10/05/2022,401430,uwagi
830,830,262,65,14/05/2022,678518,uwagi
831,831,388,936,08/05/2022,217505,uwagi
832,832,236,878,12/05/2022,449023,uwagi
833,833,644,207,08/05/2022,464451,uwagi
834,834,593,893,02/05/2022,341970,uwagi
835,835,778,260,14/05/2022,541902,uwagi
836,836,954,229,09/05/2022,433951,uwagi
837,837,93,811,08/05/2022,847579,uwagi
838,838,427,490,14/05/2022,749299,uwagi
839,839,364,467,08/05/2022,779490,uwagi
840,840,767,729,10/05/2022,833506,uwagi
841,841,502,116,07/05/2022,779551,uwagi
842,842,684,351,03/05/2022,677633,uwagi
843,843,144,995,07/05/2022,849989,uwagi
844,844,623,588,10/05/2022,760233,uwagi
845,845,954,365,05/05/2022,142297,uwagi
846,846,525,318,03/05/2022,332697,uwagi
847,847,967,411,08/05/2022,174628,uwagi
848,848,904,838,06/05/2022,583075,uwagi
849,849,724,201,14/05/2022,137959,uwagi
850,850,580,968,11/05/2022,745892,uwagi
851,851,500,469,13/05/2022,842025,uwagi
852,852,356,153,03/05/2022,299926,uwagi
853,853,89,296,04/05/2022,295240,uwagi
854,854,30,918,05/05/2022,785425,uwagi
855,855,862,872,09/05/2022,254415,uwagi
856,856,955,397,01/05/2022,519515,uwagi
857,857,275,364,02/05/2022,862132,uwagi
858,858,407,268,09/05/2022,726292,uwagi
859,859,27,991,09/05/2022,893944,uwagi
860,860,114,570,14/05/2022,866516,uwagi
861,861,930,70,13/05/2022,422528,uwagi
862,862,860,425,03/05/2022,549484,uwagi
863,863,142,514,07/05/2022,796408,uwagi
864,864,418,543,02/05/2022,727751,uwagi
865,865,280,405,13/05/2022,620481,uwagi
866,866,507,359,07/05/2022,116503,uwagi
867,867,52,634,11/05/2022,419766,uwagi
868,868,6,40,03/05/2022,642851,uwagi
869,869,798,67,04/05/2022,635054,uwagi
870,870,791,181,07/05/2022,275866,uwagi
871,871,751,110,07/05/2022,333793,uwagi
872,872,179,970,08/05/2022,688388,uwagi
873,873,759,112,13/05/2022,282279,uwagi
874,874,635,529,04/05/2022,735459,uwagi
875,875,429,809,09/05/2022,238158,uwagi
876,876,94,315,08/05/2022,537674,uwagi
877,877,156,366,14/05/2022,231704,uwagi
878,878,581,372,05/05/2022,264876,uwagi
879,879,273,170,05/05/2022,320264,uwagi
880,880,955,960,13/05/2022,470829,uwagi
881,881,208,710,14/05/2022,562460,uwagi
882,882,530,889,11/05/2022,537184,uwagi
883,883,276,647,09/05/2022,629926,uwagi
884,884,537,282,07/05/2022,235925,uwagi
885,885,340,710,03/05/2022,75607,uwagi
886,886,547,804,08/05/2022,338389,uwagi
887,887,113,959,11/05/2022,643785,uwagi
888,888,313,539,13/05/2022,118926,uwagi
889,889,552,812,03/05/2022,260105,uwagi
890,890,858,766,14/05/2022,226265,uwagi
891,891,344,974,01/05/2022,818923,uwagi
892,892,940,503,05/05/2022,725605,uwagi
893,893,505,779,04/05/2022,430795,uwagi
894,894,182,315,12/05/2022,665904,uwagi
895,895,386,654,14/05/2022,423678,uwagi
896,896,399,201,12/05/2022,259601,uwagi
897,897,726,313,02/05/2022,225176,uwagi
898,898,420,625,05/05/2022,675169,uwagi
899,899,484,177,06/05/2022,517430,uwagi
900,900,718,34,05/05/2022,322012,uwagi
901,901,911,377,03/05/2022,299782,uwagi
902,902,814,316,13/05/2022,719534,uwagi
903,903,605,821,07/05/2022,534653,uwagi
904,904,43,2,11/05/2022,797422,uwagi
905,905,763,388,12/05/2022,508297,uwagi
906,906,192,786,04/05/2022,675438,uwagi
907,907,425,512,03/05/2022,101518,uwagi
908,908,617,931,02/05/2022,623243,uwagi
909,909,348,415,12/05/2022,770488,uwagi
910,910,890,132,05/05/2022,798518,uwagi
911,911,197,42,09/05/2022,278160,uwagi
912,912,479,856,09/05/2022,541875,uwagi
913,913,263,460,04/05/2022,391848,uwagi
914,914,825,503,12/05/2022,393003,uwagi
915,915,702,265,13/05/2022,716267,uwagi
916,916,233,456,07/05/2022,537246,uwagi
917,917,964,881,05/05/2022,129329,uwagi
918,918,8,498,02/05/2022,71304,uwagi
919,919,676,845,03/05/2022,417095,uwagi
920,920,521,734,11/05/2022,526808,uwagi
921,921,400,931,05/05/2022,561708,uwagi
922,922,655,410,10/05/2022,440717,uwagi
923,923,226,672,11/05/2022,824442,uwagi
924,924,618,496,06/05/2022,408676,uwagi
925,925,10,198,03/05/2022,629324,uwagi
926,926,790,430,06/05/2022,175062,uwagi
927,927,356,394,08/05/2022,75494,uwagi
928,928,433,401,04/05/2022,490796,uwagi
929,929,441,77,04/05/2022,361135,uwagi
930,930,862,598,13/05/2022,138942,uwagi
931,931,415,997,08/05/2022,81228,uwagi
932,932,10,652,09/05/2022,422776,uwagi
933,933,460,877,12/05/2022,148118,uwagi
934,934,370,494,11/05/2022,561909,uwagi
935,935,781,504,02/05/2022,726568,uwagi
936,936,457,294,08/05/2022,250393,uwagi
937,937,589,649,07/05/2022,578822,uwagi
938,938,601,82,13/05/2022,78373,uwagi
939,939,111,522,04/05/2022,142289,uwagi
940,940,466,384,09/05/2022,641059,uwagi
941,941,555,798,14/05/2022,638200,uwagi
942,942,574,808,05/05/2022,346870,uwagi
943,943,2,267,05/05/2022,243947,uwagi
944,944,102,637,13/05/2022,656278,uwagi
945,945,697,417,02/05/2022,241866,uwagi
946,946,489,874,02/05/2022,486979,uwagi
947,947,711,462,03/05/2022,193860,uwagi
948,948,327,63,06/05/2022,261841,uwagi
949,949,343,174,14/05/2022,697227,uwagi
950,950,435,639,07/05/2022,182109,uwagi
951,951,125,193,12/05/2022,848299,uwagi
952,952,812,767,13/05/2022,687501,uwagi
953,953,149,769,04/05/2022,75434,uwagi
954,954,364,870,11/05/2022,606541,uwagi
955,955,72,567,08/05/2022,119495,uwagi
956,956,283,55,11/05/2022,848622,uwagi
957,957,789,766,08/05/2022,398982,uwagi
958,958,943,93,13/05/2022,451072,uwagi
959,959,179,435,13/05/2022,595686,uwagi
960,960,936,870,05/05/2022,293960,uwagi
961,961,76,994,12/05/2022,454836,uwagi
962,962,14,806,13/05/2022,259544,uwagi
963,963,760,954,06/05/2022,65858,uwagi
964,964,772,317,10/05/2022,791900,uwagi
965,965,421,389,11/05/2022,429575,uwagi
966,966,486,672,13/05/2022,475454,uwagi
967,967,425,460,02/05/2022,279928,uwagi
968,968,825,403,06/05/2022,356821,uwagi
969,969,287,581,03/05/2022,719506,uwagi
970,970,923,517,13/05/2022,610270,uwagi
971,971,197,592,02/05/2022,605175,uwagi
972,972,664,606,11/05/2022,442420,uwagi
973,973,897,366,10/05/2022,403875,uwagi
974,974,898,138,01/05/2022,668488,uwagi
975,975,768,558,12/05/2022,157537,uwagi
976,976,205,44,07/05/2022,717889,uwagi
977,977,696,468,10/05/2022,266521,uwagi
978,978,954,292,01/05/2022,602295,uwagi
979,979,303,579,04/05/2022,252051,uwagi
980,980,87,501,02/05/2022,683018,uwagi
981,981,740,697,09/05/2022,342302,uwagi
982,982,387,360,01/05/2022,848205,uwagi
983,983,839,257,08/05/2022,318224,uwagi
984,984,245,154,06/05/2022,432796,uwagi
985,985,968,921,04/05/2022,898462,uwagi
986,986,78,126,10/05/2022,99714,uwagi
987,987,860,822,09/05/2022,490178,uwagi
988,988,102,775,09/05/2022,733834,uwagi
989,989,745,78,05/05/2022,381753,uwagi
990,990,969,164,09/05/2022,799623,uwagi
991,991,709,904,12/05/2022,546403,uwagi
992,992,41,291,04/05/2022,846929,uwagi
993,993,979,129,12/05/2022,225745,uwagi
994,994,283,374,12/05/2022,353711,uwagi
995,995,723,341,06/05/2022,287725,uwagi
996,996,721,419,07/05/2022,392364,uwagi
997,997,763,279,10/05/2022,243081,uwagi
998,998,272,380,05/05/2022,889807,uwagi
999,999,73,124,07/05/2022,119359,uwagi
1000,1000,452,93,06/05/2022,256246,uwagi

